model_id,model_file,max_depth,min_samples_split,min_samples_leaf,class_weight_factor,train_precision,train_recall,train_f1,test_precision,test_recall,test_f1
0,dt_d4_s40_l20_w0.2.pkl,4,40,20,0.2,0.8966066741657293,0.57309766327142,0.6992470209810658,0.8482378601767879,0.6000974579712499,0.7029109589041096
1,dt_d4_s40_l20_w0.3.pkl,4,40,20,0.3,0.8815935371455726,0.6669263031755542,0.7593805430481648,0.8367043426531826,0.6853731828149111,0.7535157819545515
2,dt_d4_s40_l20_w0.4.pkl,4,40,20,0.4,0.8687890926980111,0.7406830437387657,0.799637763187684,0.823654768247203,0.7533501177617152,0.7869353128313892
3,dt_d4_s40_l20_w0.5.pkl,4,40,20,0.5,0.8340132145935076,0.869742360695027,0.8515031529549787,0.7793118248801774,0.8847559489969951,0.828693138597292
4,dt_d4_s40_l20_w0.6.pkl,4,40,20,0.6,0.8292956797574601,0.8850209706411024,0.85625262669739,0.7722772277227723,0.899537074636563,0.8310635903207654
5,dt_d4_s40_l20_w0.7.pkl,4,40,20,0.7,0.830347823633953,0.8818154583582983,0.8553080823490099,0.7733258615858783,0.8966133354990661,0.8304185941554778
6,dt_d4_s40_l20_w0.8.pkl,4,40,20,0.8,0.8276362418729246,0.8885560215698023,0.857014895184709,0.7702469050418425,0.9044911881750994,0.8319886448528313
7,dt_d4_s40_l20_w0.9.pkl,4,40,20,0.9,0.7981770184788564,0.9601557819053326,0.8717056055702124,0.7425568074526342,0.9580930723625437,0.8366666666666667
8,dt_d4_s40_l20_w1.0.pkl,4,40,20,1.0,0.7910440484606196,0.9721689634511683,0.8723035361477359,0.73560531496063,0.9711686835052383,0.8371311561482726
9,dt_d4_s40_l30_w0.2.pkl,4,40,30,0.2,0.8966066741657293,0.57309766327142,0.6992470209810658,0.8482378601767879,0.6000974579712499,0.7029109589041096
10,dt_d4_s40_l30_w0.3.pkl,4,40,30,0.3,0.8815935371455726,0.6669263031755542,0.7593805430481648,0.8367043426531826,0.6853731828149111,0.7535157819545515
11,dt_d4_s40_l30_w0.4.pkl,4,40,30,0.4,0.8687890926980111,0.7406830437387657,0.799637763187684,0.823654768247203,0.7533501177617152,0.7869353128313892
12,dt_d4_s40_l30_w0.5.pkl,4,40,30,0.5,0.8340132145935076,0.869742360695027,0.8515031529549787,0.7793118248801774,0.8847559489969951,0.828693138597292
13,dt_d4_s40_l30_w0.6.pkl,4,40,30,0.6,0.8293532617856942,0.8843618933493109,0.8559747151100414,0.7724224643755239,0.8980752050678145,0.8305231138983815
14,dt_d4_s40_l30_w0.7.pkl,4,40,30,0.7,0.8304438671786764,0.8810964649490713,0.8550206407349265,0.7735120718697361,0.895070250954276,0.8298633334588306
15,dt_d4_s40_l30_w0.8.pkl,4,40,30,0.8,0.8273188688716604,0.888735769922109,0.8569282763800226,0.7699910152740341,0.9048160480792659,0.8319767007691733
16,dt_d4_s40_l30_w0.9.pkl,4,40,30,0.9,0.7979091474797759,0.9603355302576393,0.8716198762830535,0.7423413222620621,0.95841793226671,0.8366536689117334
17,dt_d4_s40_l30_w1.0.pkl,4,40,30,1.0,0.790785498489426,0.9723487118034752,0.8722186391486617,0.7353989917619574,0.9714935434094047,0.8371181636866231
18,dt_d4_s40_l40_w0.2.pkl,4,40,40,0.2,0.8968190574637034,0.5718094667465549,0.6983517187128405,0.8483733762501436,0.5993665231868757,0.7024557395773844
19,dt_d4_s40_l40_w0.3.pkl,4,40,40,0.3,0.8815935371455726,0.6669263031755542,0.7593805430481648,0.8367043426531826,0.6853731828149111,0.7535157819545515
20,dt_d4_s40_l40_w0.4.pkl,4,40,40,0.4,0.8687913324890952,0.7399041342121031,0.7991845715764949,0.8238954573739888,0.7527003979533826,0.7866904337492573
21,dt_d4_s40_l40_w0.5.pkl,4,40,40,0.5,0.8339467479441026,0.8688735769922109,0.8510519674873089,0.7791947270382577,0.8832940794282466,0.8279852308629287
22,dt_d4_s40_l40_w0.6.pkl,4,40,40,0.6,0.8293451058684588,0.8835829838226483,0.8556053551484559,0.7725111856823266,0.8974254852594818,0.8302964270954653
23,dt_d4_s40_l40_w0.7.pkl,4,40,40,0.7,0.8304438671786764,0.8810964649490713,0.8550206407349265,0.7735120718697361,0.895070250954276,0.8298633334588306
24,dt_d4_s40_l40_w0.8.pkl,4,40,40,0.8,0.8273188688716604,0.888735769922109,0.8569282763800226,0.7699910152740341,0.9048160480792659,0.8319767007691733
25,dt_d4_s40_l40_w0.9.pkl,4,40,40,0.9,0.7979091474797759,0.9603355302576393,0.8716198762830535,0.7423413222620621,0.95841793226671,0.8366536689117334
26,dt_d4_s40_l40_w1.0.pkl,4,40,40,1.0,0.790785498489426,0.9723487118034752,0.8722186391486617,0.7353989917619574,0.9714935434094047,0.8371181636866231
27,dt_d4_s40_l50_w0.2.pkl,4,40,50,0.2,0.8968045112781955,0.5717195925704014,0.698280278082693,0.8483733762501436,0.5993665231868757,0.7024557395773844
28,dt_d4_s40_l50_w0.3.pkl,4,40,50,0.3,0.8815935371455726,0.6669263031755542,0.7593805430481648,0.8367043426531826,0.6853731828149111,0.7535157819545515
29,dt_d4_s40_l50_w0.4.pkl,4,40,50,0.4,0.8687913324890952,0.7399041342121031,0.7991845715764949,0.8238954573739888,0.7527003979533826,0.7866904337492573
30,dt_d4_s40_l50_w0.5.pkl,4,40,50,0.5,0.8339467479441026,0.8688735769922109,0.8510519674873089,0.7791947270382577,0.8832940794282466,0.8279852308629287
31,dt_d4_s40_l50_w0.6.pkl,4,40,50,0.6,0.8293451058684588,0.8835829838226483,0.8556053551484559,0.7725111856823266,0.8974254852594818,0.8302964270954653
32,dt_d4_s40_l50_w0.7.pkl,4,40,50,0.7,0.8304438671786764,0.8810964649490713,0.8550206407349265,0.7735120718697361,0.895070250954276,0.8298633334588306
33,dt_d4_s40_l50_w0.8.pkl,4,40,50,0.8,0.8273188688716604,0.888735769922109,0.8569282763800226,0.7699910152740341,0.9048160480792659,0.8319767007691733
34,dt_d4_s40_l50_w0.9.pkl,4,40,50,0.9,0.7979091474797759,0.9603355302576393,0.8716198762830535,0.7423413222620621,0.95841793226671,0.8366536689117334
35,dt_d4_s40_l50_w1.0.pkl,4,40,50,1.0,0.7910713414931487,0.9719892150988616,0.8722477619162836,0.7354695860754044,0.9711686835052383,0.8370432591348173
36,dt_d4_s40_l60_w0.2.pkl,4,40,60,0.2,0.8967805704603219,0.5707908927501498,0.6975799070039908,0.8482615703430808,0.5983919434743766,0.7017477022715367
37,dt_d4_s40_l60_w0.3.pkl,4,40,60,0.3,0.8815935371455726,0.6669263031755542,0.7593805430481648,0.8367043426531826,0.6853731828149111,0.7535157819545515
38,dt_d4_s40_l60_w0.4.pkl,4,40,60,0.4,0.8687913324890952,0.7399041342121031,0.7991845715764949,0.8238954573739888,0.7527003979533826,0.7866904337492573
39,dt_d4_s40_l60_w0.5.pkl,4,40,60,0.5,0.8339467479441026,0.8688735769922109,0.8510519674873089,0.7791947270382577,0.8832940794282466,0.8279852308629287
40,dt_d4_s40_l60_w0.6.pkl,4,40,60,0.6,0.8293451058684588,0.8835829838226483,0.8556053551484559,0.7725111856823266,0.8974254852594818,0.8302964270954653
41,dt_d4_s40_l60_w0.7.pkl,4,40,60,0.7,0.8304438671786764,0.8810964649490713,0.8550206407349265,0.7735120718697361,0.895070250954276,0.8298633334588306
42,dt_d4_s40_l60_w0.8.pkl,4,40,60,0.8,0.8277287453915764,0.8878370281605752,0.8567298797409806,0.7704247799875269,0.9029481036303094,0.8314388274005384
43,dt_d4_s40_l60_w0.9.pkl,4,40,60,0.9,0.7982353381022407,0.9594367884961055,0.8714439259329805,0.7426697774134561,0.9565499878177536,0.8361493681669743
44,dt_d4_s40_l60_w1.0.pkl,4,40,60,1.0,0.7913818359375,0.9710904733373278,0.8720742534301856,0.7357746131557857,0.969300739056282,0.8365458750963762
45,dt_d4_s60_l20_w0.2.pkl,4,60,20,0.2,0.8966066741657293,0.57309766327142,0.6992470209810658,0.8482378601767879,0.6000974579712499,0.7029109589041096
46,dt_d4_s60_l20_w0.3.pkl,4,60,20,0.3,0.8815935371455726,0.6669263031755542,0.7593805430481648,0.8367043426531826,0.6853731828149111,0.7535157819545515
47,dt_d4_s60_l20_w0.4.pkl,4,60,20,0.4,0.8687890926980111,0.7406830437387657,0.799637763187684,0.823654768247203,0.7533501177617152,0.7869353128313892
48,dt_d4_s60_l20_w0.5.pkl,4,60,20,0.5,0.8340132145935076,0.869742360695027,0.8515031529549787,0.7793118248801774,0.8847559489969951,0.828693138597292
49,dt_d4_s60_l20_w0.6.pkl,4,60,20,0.6,0.8293902781680247,0.8843019772318754,0.8559663621864578,0.7724605281542546,0.8979939900917729,0.8305103841964923
50,dt_d4_s60_l20_w0.7.pkl,4,60,20,0.7,0.8304438671786764,0.8810964649490713,0.8550206407349265,0.7735120718697361,0.895070250954276,0.8298633334588306
51,dt_d4_s60_l20_w0.8.pkl,4,60,20,0.8,0.8273188688716604,0.888735769922109,0.8569282763800226,0.7699910152740341,0.9048160480792659,0.8319767007691733
52,dt_d4_s60_l20_w0.9.pkl,4,60,20,0.9,0.7979091474797759,0.9603355302576393,0.8716198762830535,0.7423413222620621,0.95841793226671,0.8366536689117334
53,dt_d4_s60_l20_w1.0.pkl,4,60,20,1.0,0.790785498489426,0.9723487118034752,0.8722186391486617,0.7353989917619574,0.9714935434094047,0.8371181636866231
54,dt_d4_s60_l30_w0.2.pkl,4,60,30,0.2,0.8966066741657293,0.57309766327142,0.6992470209810658,0.8482378601767879,0.6000974579712499,0.7029109589041096
55,dt_d4_s60_l30_w0.3.pkl,4,60,30,0.3,0.8815935371455726,0.6669263031755542,0.7593805430481648,0.8367043426531826,0.6853731828149111,0.7535157819545515
56,dt_d4_s60_l30_w0.4.pkl,4,60,30,0.4,0.8687890926980111,0.7406830437387657,0.799637763187684,0.823654768247203,0.7533501177617152,0.7869353128313892
57,dt_d4_s60_l30_w0.5.pkl,4,60,30,0.5,0.8340132145935076,0.869742360695027,0.8515031529549787,0.7793118248801774,0.8847559489969951,0.828693138597292
58,dt_d4_s60_l30_w0.6.pkl,4,60,30,0.6,0.8293532617856942,0.8843618933493109,0.8559747151100414,0.7724224643755239,0.8980752050678145,0.8305231138983815
59,dt_d4_s60_l30_w0.7.pkl,4,60,30,0.7,0.8304438671786764,0.8810964649490713,0.8550206407349265,0.7735120718697361,0.895070250954276,0.8298633334588306
60,dt_d4_s60_l30_w0.8.pkl,4,60,30,0.8,0.8273188688716604,0.888735769922109,0.8569282763800226,0.7699910152740341,0.9048160480792659,0.8319767007691733
61,dt_d4_s60_l30_w0.9.pkl,4,60,30,0.9,0.7979091474797759,0.9603355302576393,0.8716198762830535,0.7423413222620621,0.95841793226671,0.8366536689117334
62,dt_d4_s60_l30_w1.0.pkl,4,60,30,1.0,0.790785498489426,0.9723487118034752,0.8722186391486617,0.7353989917619574,0.9714935434094047,0.8371181636866231
63,dt_d4_s60_l40_w0.2.pkl,4,60,40,0.2,0.8968190574637034,0.5718094667465549,0.6983517187128405,0.8483733762501436,0.5993665231868757,0.7024557395773844
64,dt_d4_s60_l40_w0.3.pkl,4,60,40,0.3,0.8815935371455726,0.6669263031755542,0.7593805430481648,0.8367043426531826,0.6853731828149111,0.7535157819545515
65,dt_d4_s60_l40_w0.4.pkl,4,60,40,0.4,0.8687913324890952,0.7399041342121031,0.7991845715764949,0.8238954573739888,0.7527003979533826,0.7866904337492573
66,dt_d4_s60_l40_w0.5.pkl,4,60,40,0.5,0.8339467479441026,0.8688735769922109,0.8510519674873089,0.7791947270382577,0.8832940794282466,0.8279852308629287
67,dt_d4_s60_l40_w0.6.pkl,4,60,40,0.6,0.8293451058684588,0.8835829838226483,0.8556053551484559,0.7725111856823266,0.8974254852594818,0.8302964270954653
68,dt_d4_s60_l40_w0.7.pkl,4,60,40,0.7,0.8304438671786764,0.8810964649490713,0.8550206407349265,0.7735120718697361,0.895070250954276,0.8298633334588306
69,dt_d4_s60_l40_w0.8.pkl,4,60,40,0.8,0.8273188688716604,0.888735769922109,0.8569282763800226,0.7699910152740341,0.9048160480792659,0.8319767007691733
70,dt_d4_s60_l40_w0.9.pkl,4,60,40,0.9,0.7979091474797759,0.9603355302576393,0.8716198762830535,0.7423413222620621,0.95841793226671,0.8366536689117334
71,dt_d4_s60_l40_w1.0.pkl,4,60,40,1.0,0.790785498489426,0.9723487118034752,0.8722186391486617,0.7353989917619574,0.9714935434094047,0.8371181636866231
72,dt_d4_s60_l50_w0.2.pkl,4,60,50,0.2,0.8968045112781955,0.5717195925704014,0.698280278082693,0.8483733762501436,0.5993665231868757,0.7024557395773844
73,dt_d4_s60_l50_w0.3.pkl,4,60,50,0.3,0.8815935371455726,0.6669263031755542,0.7593805430481648,0.8367043426531826,0.6853731828149111,0.7535157819545515
74,dt_d4_s60_l50_w0.4.pkl,4,60,50,0.4,0.8687913324890952,0.7399041342121031,0.7991845715764949,0.8238954573739888,0.7527003979533826,0.7866904337492573
75,dt_d4_s60_l50_w0.5.pkl,4,60,50,0.5,0.8339467479441026,0.8688735769922109,0.8510519674873089,0.7791947270382577,0.8832940794282466,0.8279852308629287
76,dt_d4_s60_l50_w0.6.pkl,4,60,50,0.6,0.8293451058684588,0.8835829838226483,0.8556053551484559,0.7725111856823266,0.8974254852594818,0.8302964270954653
77,dt_d4_s60_l50_w0.7.pkl,4,60,50,0.7,0.8304438671786764,0.8810964649490713,0.8550206407349265,0.7735120718697361,0.895070250954276,0.8298633334588306
78,dt_d4_s60_l50_w0.8.pkl,4,60,50,0.8,0.8273188688716604,0.888735769922109,0.8569282763800226,0.7699910152740341,0.9048160480792659,0.8319767007691733
79,dt_d4_s60_l50_w0.9.pkl,4,60,50,0.9,0.7979091474797759,0.9603355302576393,0.8716198762830535,0.7423413222620621,0.95841793226671,0.8366536689117334
80,dt_d4_s60_l50_w1.0.pkl,4,60,50,1.0,0.7910713414931487,0.9719892150988616,0.8722477619162836,0.7354695860754044,0.9711686835052383,0.8370432591348173
81,dt_d4_s60_l60_w0.2.pkl,4,60,60,0.2,0.8967805704603219,0.5707908927501498,0.6975799070039908,0.8482615703430808,0.5983919434743766,0.7017477022715367
82,dt_d4_s60_l60_w0.3.pkl,4,60,60,0.3,0.8815935371455726,0.6669263031755542,0.7593805430481648,0.8367043426531826,0.6853731828149111,0.7535157819545515
83,dt_d4_s60_l60_w0.4.pkl,4,60,60,0.4,0.8687913324890952,0.7399041342121031,0.7991845715764949,0.8238954573739888,0.7527003979533826,0.7866904337492573
84,dt_d4_s60_l60_w0.5.pkl,4,60,60,0.5,0.8339467479441026,0.8688735769922109,0.8510519674873089,0.7791947270382577,0.8832940794282466,0.8279852308629287
85,dt_d4_s60_l60_w0.6.pkl,4,60,60,0.6,0.8293451058684588,0.8835829838226483,0.8556053551484559,0.7725111856823266,0.8974254852594818,0.8302964270954653
86,dt_d4_s60_l60_w0.7.pkl,4,60,60,0.7,0.8304438671786764,0.8810964649490713,0.8550206407349265,0.7735120718697361,0.895070250954276,0.8298633334588306
87,dt_d4_s60_l60_w0.8.pkl,4,60,60,0.8,0.8277287453915764,0.8878370281605752,0.8567298797409806,0.7704247799875269,0.9029481036303094,0.8314388274005384
88,dt_d4_s60_l60_w0.9.pkl,4,60,60,0.9,0.7982353381022407,0.9594367884961055,0.8714439259329805,0.7426697774134561,0.9565499878177536,0.8361493681669743
89,dt_d4_s60_l60_w1.0.pkl,4,60,60,1.0,0.7913818359375,0.9710904733373278,0.8720742534301856,0.7357746131557857,0.969300739056282,0.8365458750963762
90,dt_d4_s80_l20_w0.2.pkl,4,80,20,0.2,0.8966066741657293,0.57309766327142,0.6992470209810658,0.8482378601767879,0.6000974579712499,0.7029109589041096
91,dt_d4_s80_l20_w0.3.pkl,4,80,20,0.3,0.8815935371455726,0.6669263031755542,0.7593805430481648,0.8367043426531826,0.6853731828149111,0.7535157819545515
92,dt_d4_s80_l20_w0.4.pkl,4,80,20,0.4,0.8687890926980111,0.7406830437387657,0.799637763187684,0.823654768247203,0.7533501177617152,0.7869353128313892
93,dt_d4_s80_l20_w0.5.pkl,4,80,20,0.5,0.8339467479441026,0.8688735769922109,0.8510519674873089,0.7791947270382577,0.8832940794282466,0.8279852308629287
94,dt_d4_s80_l20_w0.6.pkl,4,80,20,0.6,0.8293902781680247,0.8843019772318754,0.8559663621864578,0.7724605281542546,0.8979939900917729,0.8305103841964923
95,dt_d4_s80_l20_w0.7.pkl,4,80,20,0.7,0.8304438671786764,0.8810964649490713,0.8550206407349265,0.7735120718697361,0.895070250954276,0.8298633334588306
96,dt_d4_s80_l20_w0.8.pkl,4,80,20,0.8,0.8273188688716604,0.888735769922109,0.8569282763800226,0.7699910152740341,0.9048160480792659,0.8319767007691733
97,dt_d4_s80_l20_w0.9.pkl,4,80,20,0.9,0.7979091474797759,0.9603355302576393,0.8716198762830535,0.7423413222620621,0.95841793226671,0.8366536689117334
98,dt_d4_s80_l20_w1.0.pkl,4,80,20,1.0,0.790785498489426,0.9723487118034752,0.8722186391486617,0.7353989917619574,0.9714935434094047,0.8371181636866231
99,dt_d4_s80_l30_w0.2.pkl,4,80,30,0.2,0.8966066741657293,0.57309766327142,0.6992470209810658,0.8482378601767879,0.6000974579712499,0.7029109589041096
100,dt_d4_s80_l30_w0.3.pkl,4,80,30,0.3,0.8815935371455726,0.6669263031755542,0.7593805430481648,0.8367043426531826,0.6853731828149111,0.7535157819545515
101,dt_d4_s80_l30_w0.4.pkl,4,80,30,0.4,0.8687890926980111,0.7406830437387657,0.799637763187684,0.823654768247203,0.7533501177617152,0.7869353128313892
102,dt_d4_s80_l30_w0.5.pkl,4,80,30,0.5,0.8339467479441026,0.8688735769922109,0.8510519674873089,0.7791947270382577,0.8832940794282466,0.8279852308629287
103,dt_d4_s80_l30_w0.6.pkl,4,80,30,0.6,0.8293532617856942,0.8843618933493109,0.8559747151100414,0.7724224643755239,0.8980752050678145,0.8305231138983815
104,dt_d4_s80_l30_w0.7.pkl,4,80,30,0.7,0.8304438671786764,0.8810964649490713,0.8550206407349265,0.7735120718697361,0.895070250954276,0.8298633334588306
105,dt_d4_s80_l30_w0.8.pkl,4,80,30,0.8,0.8273188688716604,0.888735769922109,0.8569282763800226,0.7699910152740341,0.9048160480792659,0.8319767007691733
106,dt_d4_s80_l30_w0.9.pkl,4,80,30,0.9,0.7979091474797759,0.9603355302576393,0.8716198762830535,0.7423413222620621,0.95841793226671,0.8366536689117334
107,dt_d4_s80_l30_w1.0.pkl,4,80,30,1.0,0.790785498489426,0.9723487118034752,0.8722186391486617,0.7353989917619574,0.9714935434094047,0.8371181636866231
108,dt_d4_s80_l40_w0.2.pkl,4,80,40,0.2,0.8968190574637034,0.5718094667465549,0.6983517187128405,0.8483733762501436,0.5993665231868757,0.7024557395773844
109,dt_d4_s80_l40_w0.3.pkl,4,80,40,0.3,0.8815935371455726,0.6669263031755542,0.7593805430481648,0.8367043426531826,0.6853731828149111,0.7535157819545515
110,dt_d4_s80_l40_w0.4.pkl,4,80,40,0.4,0.8687913324890952,0.7399041342121031,0.7991845715764949,0.8238954573739888,0.7527003979533826,0.7866904337492573
111,dt_d4_s80_l40_w0.5.pkl,4,80,40,0.5,0.8339467479441026,0.8688735769922109,0.8510519674873089,0.7791947270382577,0.8832940794282466,0.8279852308629287
112,dt_d4_s80_l40_w0.6.pkl,4,80,40,0.6,0.8293451058684588,0.8835829838226483,0.8556053551484559,0.7725111856823266,0.8974254852594818,0.8302964270954653
113,dt_d4_s80_l40_w0.7.pkl,4,80,40,0.7,0.8304438671786764,0.8810964649490713,0.8550206407349265,0.7735120718697361,0.895070250954276,0.8298633334588306
114,dt_d4_s80_l40_w0.8.pkl,4,80,40,0.8,0.8273188688716604,0.888735769922109,0.8569282763800226,0.7699910152740341,0.9048160480792659,0.8319767007691733
115,dt_d4_s80_l40_w0.9.pkl,4,80,40,0.9,0.7979091474797759,0.9603355302576393,0.8716198762830535,0.7423413222620621,0.95841793226671,0.8366536689117334
116,dt_d4_s80_l40_w1.0.pkl,4,80,40,1.0,0.790785498489426,0.9723487118034752,0.8722186391486617,0.7353989917619574,0.9714935434094047,0.8371181636866231
117,dt_d4_s80_l50_w0.2.pkl,4,80,50,0.2,0.8968045112781955,0.5717195925704014,0.698280278082693,0.8483733762501436,0.5993665231868757,0.7024557395773844
118,dt_d4_s80_l50_w0.3.pkl,4,80,50,0.3,0.8815935371455726,0.6669263031755542,0.7593805430481648,0.8367043426531826,0.6853731828149111,0.7535157819545515
119,dt_d4_s80_l50_w0.4.pkl,4,80,50,0.4,0.8687913324890952,0.7399041342121031,0.7991845715764949,0.8238954573739888,0.7527003979533826,0.7866904337492573
120,dt_d4_s80_l50_w0.5.pkl,4,80,50,0.5,0.8339467479441026,0.8688735769922109,0.8510519674873089,0.7791947270382577,0.8832940794282466,0.8279852308629287
121,dt_d4_s80_l50_w0.6.pkl,4,80,50,0.6,0.8293451058684588,0.8835829838226483,0.8556053551484559,0.7725111856823266,0.8974254852594818,0.8302964270954653
122,dt_d4_s80_l50_w0.7.pkl,4,80,50,0.7,0.8304438671786764,0.8810964649490713,0.8550206407349265,0.7735120718697361,0.895070250954276,0.8298633334588306
123,dt_d4_s80_l50_w0.8.pkl,4,80,50,0.8,0.8273188688716604,0.888735769922109,0.8569282763800226,0.7699910152740341,0.9048160480792659,0.8319767007691733
124,dt_d4_s80_l50_w0.9.pkl,4,80,50,0.9,0.7979091474797759,0.9603355302576393,0.8716198762830535,0.7423413222620621,0.95841793226671,0.8366536689117334
125,dt_d4_s80_l50_w1.0.pkl,4,80,50,1.0,0.7910713414931487,0.9719892150988616,0.8722477619162836,0.7354695860754044,0.9711686835052383,0.8370432591348173
126,dt_d4_s80_l60_w0.2.pkl,4,80,60,0.2,0.8967805704603219,0.5707908927501498,0.6975799070039908,0.8482615703430808,0.5983919434743766,0.7017477022715367
127,dt_d4_s80_l60_w0.3.pkl,4,80,60,0.3,0.8815935371455726,0.6669263031755542,0.7593805430481648,0.8367043426531826,0.6853731828149111,0.7535157819545515
128,dt_d4_s80_l60_w0.4.pkl,4,80,60,0.4,0.8687913324890952,0.7399041342121031,0.7991845715764949,0.8238954573739888,0.7527003979533826,0.7866904337492573
129,dt_d4_s80_l60_w0.5.pkl,4,80,60,0.5,0.8339467479441026,0.8688735769922109,0.8510519674873089,0.7791947270382577,0.8832940794282466,0.8279852308629287
130,dt_d4_s80_l60_w0.6.pkl,4,80,60,0.6,0.8293451058684588,0.8835829838226483,0.8556053551484559,0.7725111856823266,0.8974254852594818,0.8302964270954653
131,dt_d4_s80_l60_w0.7.pkl,4,80,60,0.7,0.8304438671786764,0.8810964649490713,0.8550206407349265,0.7735120718697361,0.895070250954276,0.8298633334588306
132,dt_d4_s80_l60_w0.8.pkl,4,80,60,0.8,0.8277287453915764,0.8878370281605752,0.8567298797409806,0.7704247799875269,0.9029481036303094,0.8314388274005384
133,dt_d4_s80_l60_w0.9.pkl,4,80,60,0.9,0.7982353381022407,0.9594367884961055,0.8714439259329805,0.7426697774134561,0.9565499878177536,0.8361493681669743
134,dt_d4_s80_l60_w1.0.pkl,4,80,60,1.0,0.7913818359375,0.9710904733373278,0.8720742534301856,0.7357746131557857,0.969300739056282,0.8365458750963762
135,dt_d4_s100_l20_w0.2.pkl,4,100,20,0.2,0.8966066741657293,0.57309766327142,0.6992470209810658,0.8482378601767879,0.6000974579712499,0.7029109589041096
136,dt_d4_s100_l20_w0.3.pkl,4,100,20,0.3,0.8815935371455726,0.6669263031755542,0.7593805430481648,0.8367043426531826,0.6853731828149111,0.7535157819545515
137,dt_d4_s100_l20_w0.4.pkl,4,100,20,0.4,0.8687890926980111,0.7406830437387657,0.799637763187684,0.823654768247203,0.7533501177617152,0.7869353128313892
138,dt_d4_s100_l20_w0.5.pkl,4,100,20,0.5,0.8339467479441026,0.8688735769922109,0.8510519674873089,0.7791947270382577,0.8832940794282466,0.8279852308629287
139,dt_d4_s100_l20_w0.6.pkl,4,100,20,0.6,0.8293902781680247,0.8843019772318754,0.8559663621864578,0.7724605281542546,0.8979939900917729,0.8305103841964923
140,dt_d4_s100_l20_w0.7.pkl,4,100,20,0.7,0.8304438671786764,0.8810964649490713,0.8550206407349265,0.7735120718697361,0.895070250954276,0.8298633334588306
141,dt_d4_s100_l20_w0.8.pkl,4,100,20,0.8,0.8273188688716604,0.888735769922109,0.8569282763800226,0.7699910152740341,0.9048160480792659,0.8319767007691733
142,dt_d4_s100_l20_w0.9.pkl,4,100,20,0.9,0.7979091474797759,0.9603355302576393,0.8716198762830535,0.7423413222620621,0.95841793226671,0.8366536689117334
143,dt_d4_s100_l20_w1.0.pkl,4,100,20,1.0,0.790785498489426,0.9723487118034752,0.8722186391486617,0.7353989917619574,0.9714935434094047,0.8371181636866231
144,dt_d4_s100_l30_w0.2.pkl,4,100,30,0.2,0.8966066741657293,0.57309766327142,0.6992470209810658,0.8482378601767879,0.6000974579712499,0.7029109589041096
145,dt_d4_s100_l30_w0.3.pkl,4,100,30,0.3,0.8815935371455726,0.6669263031755542,0.7593805430481648,0.8367043426531826,0.6853731828149111,0.7535157819545515
146,dt_d4_s100_l30_w0.4.pkl,4,100,30,0.4,0.8687890926980111,0.7406830437387657,0.799637763187684,0.823654768247203,0.7533501177617152,0.7869353128313892
147,dt_d4_s100_l30_w0.5.pkl,4,100,30,0.5,0.8339467479441026,0.8688735769922109,0.8510519674873089,0.7791947270382577,0.8832940794282466,0.8279852308629287
148,dt_d4_s100_l30_w0.6.pkl,4,100,30,0.6,0.8293532617856942,0.8843618933493109,0.8559747151100414,0.7724224643755239,0.8980752050678145,0.8305231138983815
149,dt_d4_s100_l30_w0.7.pkl,4,100,30,0.7,0.8304438671786764,0.8810964649490713,0.8550206407349265,0.7735120718697361,0.895070250954276,0.8298633334588306
150,dt_d4_s100_l30_w0.8.pkl,4,100,30,0.8,0.8273188688716604,0.888735769922109,0.8569282763800226,0.7699910152740341,0.9048160480792659,0.8319767007691733
151,dt_d4_s100_l30_w0.9.pkl,4,100,30,0.9,0.7979091474797759,0.9603355302576393,0.8716198762830535,0.7423413222620621,0.95841793226671,0.8366536689117334
152,dt_d4_s100_l30_w1.0.pkl,4,100,30,1.0,0.790785498489426,0.9723487118034752,0.8722186391486617,0.7353989917619574,0.9714935434094047,0.8371181636866231
153,dt_d4_s100_l40_w0.2.pkl,4,100,40,0.2,0.8968190574637034,0.5718094667465549,0.6983517187128405,0.8483733762501436,0.5993665231868757,0.7024557395773844
154,dt_d4_s100_l40_w0.3.pkl,4,100,40,0.3,0.8815935371455726,0.6669263031755542,0.7593805430481648,0.8367043426531826,0.6853731828149111,0.7535157819545515
155,dt_d4_s100_l40_w0.4.pkl,4,100,40,0.4,0.8687913324890952,0.7399041342121031,0.7991845715764949,0.8238954573739888,0.7527003979533826,0.7866904337492573
156,dt_d4_s100_l40_w0.5.pkl,4,100,40,0.5,0.8339467479441026,0.8688735769922109,0.8510519674873089,0.7791947270382577,0.8832940794282466,0.8279852308629287
157,dt_d4_s100_l40_w0.6.pkl,4,100,40,0.6,0.8293451058684588,0.8835829838226483,0.8556053551484559,0.7725111856823266,0.8974254852594818,0.8302964270954653
158,dt_d4_s100_l40_w0.7.pkl,4,100,40,0.7,0.8304438671786764,0.8810964649490713,0.8550206407349265,0.7735120718697361,0.895070250954276,0.8298633334588306
159,dt_d4_s100_l40_w0.8.pkl,4,100,40,0.8,0.8273188688716604,0.888735769922109,0.8569282763800226,0.7699910152740341,0.9048160480792659,0.8319767007691733
160,dt_d4_s100_l40_w0.9.pkl,4,100,40,0.9,0.7979091474797759,0.9603355302576393,0.8716198762830535,0.7423413222620621,0.95841793226671,0.8366536689117334
161,dt_d4_s100_l40_w1.0.pkl,4,100,40,1.0,0.790785498489426,0.9723487118034752,0.8722186391486617,0.7353989917619574,0.9714935434094047,0.8371181636866231
162,dt_d4_s100_l50_w0.2.pkl,4,100,50,0.2,0.8968045112781955,0.5717195925704014,0.698280278082693,0.8483733762501436,0.5993665231868757,0.7024557395773844
163,dt_d4_s100_l50_w0.3.pkl,4,100,50,0.3,0.8815935371455726,0.6669263031755542,0.7593805430481648,0.8367043426531826,0.6853731828149111,0.7535157819545515
164,dt_d4_s100_l50_w0.4.pkl,4,100,50,0.4,0.8687913324890952,0.7399041342121031,0.7991845715764949,0.8238954573739888,0.7527003979533826,0.7866904337492573
165,dt_d4_s100_l50_w0.5.pkl,4,100,50,0.5,0.8339467479441026,0.8688735769922109,0.8510519674873089,0.7791947270382577,0.8832940794282466,0.8279852308629287
166,dt_d4_s100_l50_w0.6.pkl,4,100,50,0.6,0.8293451058684588,0.8835829838226483,0.8556053551484559,0.7725111856823266,0.8974254852594818,0.8302964270954653
167,dt_d4_s100_l50_w0.7.pkl,4,100,50,0.7,0.8304438671786764,0.8810964649490713,0.8550206407349265,0.7735120718697361,0.895070250954276,0.8298633334588306
168,dt_d4_s100_l50_w0.8.pkl,4,100,50,0.8,0.8273188688716604,0.888735769922109,0.8569282763800226,0.7699910152740341,0.9048160480792659,0.8319767007691733
169,dt_d4_s100_l50_w0.9.pkl,4,100,50,0.9,0.7979091474797759,0.9603355302576393,0.8716198762830535,0.7423413222620621,0.95841793226671,0.8366536689117334
170,dt_d4_s100_l50_w1.0.pkl,4,100,50,1.0,0.7910713414931487,0.9719892150988616,0.8722477619162836,0.7354695860754044,0.9711686835052383,0.8370432591348173
171,dt_d4_s100_l60_w0.2.pkl,4,100,60,0.2,0.8967805704603219,0.5707908927501498,0.6975799070039908,0.8482615703430808,0.5983919434743766,0.7017477022715367
172,dt_d4_s100_l60_w0.3.pkl,4,100,60,0.3,0.8815935371455726,0.6669263031755542,0.7593805430481648,0.8367043426531826,0.6853731828149111,0.7535157819545515
173,dt_d4_s100_l60_w0.4.pkl,4,100,60,0.4,0.8687913324890952,0.7399041342121031,0.7991845715764949,0.8238954573739888,0.7527003979533826,0.7866904337492573
174,dt_d4_s100_l60_w0.5.pkl,4,100,60,0.5,0.8339467479441026,0.8688735769922109,0.8510519674873089,0.7791947270382577,0.8832940794282466,0.8279852308629287
175,dt_d4_s100_l60_w0.6.pkl,4,100,60,0.6,0.8293451058684588,0.8835829838226483,0.8556053551484559,0.7725111856823266,0.8974254852594818,0.8302964270954653
176,dt_d4_s100_l60_w0.7.pkl,4,100,60,0.7,0.8304438671786764,0.8810964649490713,0.8550206407349265,0.7735120718697361,0.895070250954276,0.8298633334588306
177,dt_d4_s100_l60_w0.8.pkl,4,100,60,0.8,0.8277287453915764,0.8878370281605752,0.8567298797409806,0.7704247799875269,0.9029481036303094,0.8314388274005384
178,dt_d4_s100_l60_w0.9.pkl,4,100,60,0.9,0.7982353381022407,0.9594367884961055,0.8714439259329805,0.7426697774134561,0.9565499878177536,0.8361493681669743
179,dt_d4_s100_l60_w1.0.pkl,4,100,60,1.0,0.7913818359375,0.9710904733373278,0.8720742534301856,0.7357746131557857,0.969300739056282,0.8365458750963762
180,dt_d4_s120_l20_w0.2.pkl,4,120,20,0.2,0.8966066741657293,0.57309766327142,0.6992470209810658,0.8482378601767879,0.6000974579712499,0.7029109589041096
181,dt_d4_s120_l20_w0.3.pkl,4,120,20,0.3,0.8815935371455726,0.6669263031755542,0.7593805430481648,0.8367043426531826,0.6853731828149111,0.7535157819545515
182,dt_d4_s120_l20_w0.4.pkl,4,120,20,0.4,0.8687890926980111,0.7406830437387657,0.799637763187684,0.823654768247203,0.7533501177617152,0.7869353128313892
183,dt_d4_s120_l20_w0.5.pkl,4,120,20,0.5,0.8339467479441026,0.8688735769922109,0.8510519674873089,0.7791947270382577,0.8832940794282466,0.8279852308629287
184,dt_d4_s120_l20_w0.6.pkl,4,120,20,0.6,0.8293902781680247,0.8843019772318754,0.8559663621864578,0.7724605281542546,0.8979939900917729,0.8305103841964923
185,dt_d4_s120_l20_w0.7.pkl,4,120,20,0.7,0.8304438671786764,0.8810964649490713,0.8550206407349265,0.7735120718697361,0.895070250954276,0.8298633334588306
186,dt_d4_s120_l20_w0.8.pkl,4,120,20,0.8,0.8273188688716604,0.888735769922109,0.8569282763800226,0.7699910152740341,0.9048160480792659,0.8319767007691733
187,dt_d4_s120_l20_w0.9.pkl,4,120,20,0.9,0.7979091474797759,0.9603355302576393,0.8716198762830535,0.7423413222620621,0.95841793226671,0.8366536689117334
188,dt_d4_s120_l20_w1.0.pkl,4,120,20,1.0,0.790785498489426,0.9723487118034752,0.8722186391486617,0.7353989917619574,0.9714935434094047,0.8371181636866231
189,dt_d4_s120_l30_w0.2.pkl,4,120,30,0.2,0.8966066741657293,0.57309766327142,0.6992470209810658,0.8482378601767879,0.6000974579712499,0.7029109589041096
190,dt_d4_s120_l30_w0.3.pkl,4,120,30,0.3,0.8815935371455726,0.6669263031755542,0.7593805430481648,0.8367043426531826,0.6853731828149111,0.7535157819545515
191,dt_d4_s120_l30_w0.4.pkl,4,120,30,0.4,0.8687890926980111,0.7406830437387657,0.799637763187684,0.823654768247203,0.7533501177617152,0.7869353128313892
192,dt_d4_s120_l30_w0.5.pkl,4,120,30,0.5,0.8339467479441026,0.8688735769922109,0.8510519674873089,0.7791947270382577,0.8832940794282466,0.8279852308629287
193,dt_d4_s120_l30_w0.6.pkl,4,120,30,0.6,0.8293532617856942,0.8843618933493109,0.8559747151100414,0.7724224643755239,0.8980752050678145,0.8305231138983815
194,dt_d4_s120_l30_w0.7.pkl,4,120,30,0.7,0.8304438671786764,0.8810964649490713,0.8550206407349265,0.7735120718697361,0.895070250954276,0.8298633334588306
195,dt_d4_s120_l30_w0.8.pkl,4,120,30,0.8,0.8273188688716604,0.888735769922109,0.8569282763800226,0.7699910152740341,0.9048160480792659,0.8319767007691733
196,dt_d4_s120_l30_w0.9.pkl,4,120,30,0.9,0.7979091474797759,0.9603355302576393,0.8716198762830535,0.7423413222620621,0.95841793226671,0.8366536689117334
197,dt_d4_s120_l30_w1.0.pkl,4,120,30,1.0,0.790785498489426,0.9723487118034752,0.8722186391486617,0.7353989917619574,0.9714935434094047,0.8371181636866231
198,dt_d4_s120_l40_w0.2.pkl,4,120,40,0.2,0.8968190574637034,0.5718094667465549,0.6983517187128405,0.8483733762501436,0.5993665231868757,0.7024557395773844
199,dt_d4_s120_l40_w0.3.pkl,4,120,40,0.3,0.8815935371455726,0.6669263031755542,0.7593805430481648,0.8367043426531826,0.6853731828149111,0.7535157819545515
200,dt_d4_s120_l40_w0.4.pkl,4,120,40,0.4,0.8687913324890952,0.7399041342121031,0.7991845715764949,0.8238954573739888,0.7527003979533826,0.7866904337492573
201,dt_d4_s120_l40_w0.5.pkl,4,120,40,0.5,0.8339467479441026,0.8688735769922109,0.8510519674873089,0.7791947270382577,0.8832940794282466,0.8279852308629287
202,dt_d4_s120_l40_w0.6.pkl,4,120,40,0.6,0.8293451058684588,0.8835829838226483,0.8556053551484559,0.7725111856823266,0.8974254852594818,0.8302964270954653
203,dt_d4_s120_l40_w0.7.pkl,4,120,40,0.7,0.8304438671786764,0.8810964649490713,0.8550206407349265,0.7735120718697361,0.895070250954276,0.8298633334588306
204,dt_d4_s120_l40_w0.8.pkl,4,120,40,0.8,0.8273188688716604,0.888735769922109,0.8569282763800226,0.7699910152740341,0.9048160480792659,0.8319767007691733
205,dt_d4_s120_l40_w0.9.pkl,4,120,40,0.9,0.7979091474797759,0.9603355302576393,0.8716198762830535,0.7423413222620621,0.95841793226671,0.8366536689117334
206,dt_d4_s120_l40_w1.0.pkl,4,120,40,1.0,0.790785498489426,0.9723487118034752,0.8722186391486617,0.7353989917619574,0.9714935434094047,0.8371181636866231
207,dt_d4_s120_l50_w0.2.pkl,4,120,50,0.2,0.8968045112781955,0.5717195925704014,0.698280278082693,0.8483733762501436,0.5993665231868757,0.7024557395773844
208,dt_d4_s120_l50_w0.3.pkl,4,120,50,0.3,0.8815935371455726,0.6669263031755542,0.7593805430481648,0.8367043426531826,0.6853731828149111,0.7535157819545515
209,dt_d4_s120_l50_w0.4.pkl,4,120,50,0.4,0.8687913324890952,0.7399041342121031,0.7991845715764949,0.8238954573739888,0.7527003979533826,0.7866904337492573
210,dt_d4_s120_l50_w0.5.pkl,4,120,50,0.5,0.8339467479441026,0.8688735769922109,0.8510519674873089,0.7791947270382577,0.8832940794282466,0.8279852308629287
211,dt_d4_s120_l50_w0.6.pkl,4,120,50,0.6,0.8293451058684588,0.8835829838226483,0.8556053551484559,0.7725111856823266,0.8974254852594818,0.8302964270954653
212,dt_d4_s120_l50_w0.7.pkl,4,120,50,0.7,0.8304438671786764,0.8810964649490713,0.8550206407349265,0.7735120718697361,0.895070250954276,0.8298633334588306
213,dt_d4_s120_l50_w0.8.pkl,4,120,50,0.8,0.8273188688716604,0.888735769922109,0.8569282763800226,0.7699910152740341,0.9048160480792659,0.8319767007691733
214,dt_d4_s120_l50_w0.9.pkl,4,120,50,0.9,0.7979091474797759,0.9603355302576393,0.8716198762830535,0.7423413222620621,0.95841793226671,0.8366536689117334
215,dt_d4_s120_l50_w1.0.pkl,4,120,50,1.0,0.7910713414931487,0.9719892150988616,0.8722477619162836,0.7354695860754044,0.9711686835052383,0.8370432591348173
216,dt_d4_s120_l60_w0.2.pkl,4,120,60,0.2,0.8967805704603219,0.5707908927501498,0.6975799070039908,0.8482615703430808,0.5983919434743766,0.7017477022715367
217,dt_d4_s120_l60_w0.3.pkl,4,120,60,0.3,0.8815935371455726,0.6669263031755542,0.7593805430481648,0.8367043426531826,0.6853731828149111,0.7535157819545515
218,dt_d4_s120_l60_w0.4.pkl,4,120,60,0.4,0.8687913324890952,0.7399041342121031,0.7991845715764949,0.8238954573739888,0.7527003979533826,0.7866904337492573
219,dt_d4_s120_l60_w0.5.pkl,4,120,60,0.5,0.8339467479441026,0.8688735769922109,0.8510519674873089,0.7791947270382577,0.8832940794282466,0.8279852308629287
220,dt_d4_s120_l60_w0.6.pkl,4,120,60,0.6,0.8293451058684588,0.8835829838226483,0.8556053551484559,0.7725111856823266,0.8974254852594818,0.8302964270954653
221,dt_d4_s120_l60_w0.7.pkl,4,120,60,0.7,0.8304438671786764,0.8810964649490713,0.8550206407349265,0.7735120718697361,0.895070250954276,0.8298633334588306
222,dt_d4_s120_l60_w0.8.pkl,4,120,60,0.8,0.8277287453915764,0.8878370281605752,0.8567298797409806,0.7704247799875269,0.9029481036303094,0.8314388274005384
223,dt_d4_s120_l60_w0.9.pkl,4,120,60,0.9,0.7982353381022407,0.9594367884961055,0.8714439259329805,0.7426697774134561,0.9565499878177536,0.8361493681669743
224,dt_d4_s120_l60_w1.0.pkl,4,120,60,1.0,0.7913818359375,0.9710904733373278,0.8720742534301856,0.7357746131557857,0.969300739056282,0.8365458750963762
225,dt_d5_s40_l20_w0.2.pkl,5,40,20,0.2,0.9225719575828984,0.4926003594967046,0.6422670546647657,0.892279043117032,0.5058880857630147,0.6456929615424485
226,dt_d5_s40_l20_w0.3.pkl,5,40,20,0.3,0.8769391668119226,0.7535949670461354,0.8106017884475952,0.826117136659436,0.7732477868919029,0.798808624884638
227,dt_d5_s40_l20_w0.4.pkl,5,40,20,0.4,0.8700537049850088,0.7911024565608149,0.8287018876214087,0.8178750720105341,0.8071144319012425,0.8124591236102028
228,dt_d5_s40_l20_w0.5.pkl,5,40,20,0.5,0.8501071301035591,0.8558118633912523,0.8529499581989729,0.7978483298224496,0.8612848209209778,0.8283538371411834
229,dt_d5_s40_l20_w0.6.pkl,5,40,20,0.6,0.8452513638763419,0.8633313361294188,0.8541956901917775,0.7929678807210148,0.8681880938845123,0.8288749321547647
230,dt_d5_s40_l20_w0.7.pkl,5,40,20,0.7,0.8220672769853098,0.9254044337926902,0.8706804216697672,0.7659303882195448,0.9293429708438236,0.8397607602832715
231,dt_d5_s40_l20_w0.8.pkl,5,40,20,0.8,0.8172194777699365,0.9366686638705812,0.8728765058138723,0.7594629993451212,0.9418500771542272,0.8408802523293333
232,dt_d5_s40_l20_w0.9.pkl,5,40,20,0.9,0.8175283600815516,0.9369982025164769,0.8731957899438846,0.7597143044361444,0.9416064322261025,0.840937114673243
233,dt_d5_s40_l20_w1.0.pkl,5,40,20,1.0,0.8195167918749836,0.9379269023367286,0.8747328276266711,0.7625790305584826,0.9403882075854788,0.8422009673782594
234,dt_d5_s40_l30_w0.2.pkl,5,40,30,0.2,0.922679253764891,0.4919113241461953,0.6417070501797718,0.8924777490668964,0.5049135060505158,0.6449504642356969
235,dt_d5_s40_l30_w0.3.pkl,5,40,30,0.3,0.8770191536126714,0.7530856800479329,0.8103412149638154,0.8261474269819193,0.771867132299196,0.7980854011840283
236,dt_d5_s40_l30_w0.4.pkl,5,40,30,0.4,0.8701889779360839,0.7904433792690234,0.8284014379680068,0.8182567823864105,0.8058962072606188,0.8120294599018003
237,dt_d5_s40_l30_w0.5.pkl,5,40,30,0.5,0.8500193274062621,0.8564110245656081,0.8532032054438824,0.7994131367090512,0.8629091204418095,0.8299484455553819
238,dt_d5_s40_l30_w0.6.pkl,5,40,30,0.6,0.8451150775011742,0.862432594367885,0.853686020995196,0.7947611251674356,0.8673759441240965,0.8294823501999923
239,dt_d5_s40_l30_w0.7.pkl,5,40,30,0.7,0.8223982503867285,0.9237567405632116,0.8701357338375144,0.7679483732186072,0.9277998862990335,0.8403398433189893
240,dt_d5_s40_l30_w0.8.pkl,5,40,30,0.8,0.817083692838654,0.9362192929898142,0.8726039063481648,0.760889530307006,0.9420125071063103,0.8418187756286969
241,dt_d5_s40_l30_w0.9.pkl,5,40,30,0.9,0.8171534562934323,0.9370581186339125,0.8730078986296017,0.7591986382087207,0.9417688621781857,0.8406858302823794
242,dt_d5_s40_l30_w1.0.pkl,5,40,30,1.0,0.8190615682376942,0.9381665668064709,0.874577596559332,0.7618891008353614,0.9407130674896451,0.8419101613606629
243,dt_d5_s40_l40_w0.2.pkl,5,40,40,0.2,0.9230204450468767,0.4896045536249251,0.6398230434952825,0.8933217692974849,0.5019085519369771,0.6427122874525506
244,dt_d5_s40_l40_w0.3.pkl,5,40,40,0.3,0.8772212116972156,0.7512881965248652,0.8093854892847921,0.8263295553618134,0.7697555429221148,0.7970399024513308
245,dt_d5_s40_l40_w0.4.pkl,5,40,40,0.4,0.8704795337130746,0.7874475733972438,0.8268843588775638,0.8192581553237291,0.8036221879314546,0.8113648476897216
246,dt_d5_s40_l40_w0.5.pkl,5,40,40,0.5,0.8497575775603081,0.85584182144997,0.8527888475947403,0.7992467043314501,0.8616908958011857,0.8292949820228231
247,dt_d5_s40_l40_w0.6.pkl,5,40,40,0.6,0.8451209120559457,0.8616536848412223,0.8533072256093038,0.7948756144793684,0.8667262243157638,0.8292474455107036
248,dt_d5_s40_l40_w0.7.pkl,5,40,40,0.7,0.8221310164703374,0.9241461953265429,0.8701588107528702,0.7677011957544001,0.9281247462031998,0.8403250119489687
249,dt_d5_s40_l40_w0.8.pkl,5,40,40,0.8,0.8168657067447148,0.9364589574595567,0.872583639231231,0.7607028125614633,0.9423373670104768,0.8418341435101212
250,dt_d5_s40_l40_w0.9.pkl,5,40,40,0.9,0.8171767596246831,0.9366686638705812,0.8728521377423543,0.7610050514990487,0.942093722082352,0.8419219044854115
251,dt_d5_s40_l40_w1.0.pkl,5,40,40,1.0,0.8193219007723525,0.9375074895146794,0.8744393992315753,0.7638989645848447,0.9407130674896451,0.8431358276313874
252,dt_d5_s40_l50_w0.2.pkl,5,40,50,0.2,0.9229638840219295,0.48921509886159376,0.6394768272864332,0.893312101910828,0.5011776171526029,0.6421101919775246
253,dt_d5_s40_l50_w0.3.pkl,5,40,50,0.3,0.8772212116972156,0.7512881965248652,0.8093854892847921,0.8263295553618134,0.7697555429221148,0.7970399024513308
254,dt_d5_s40_l50_w0.4.pkl,5,40,50,0.4,0.870530536501309,0.7869982025164769,0.8266595339616407,0.8190854870775348,0.8030536830991635,0.8109903629280295
255,dt_d5_s40_l50_w0.5.pkl,5,40,50,0.5,0.8499195518741434,0.8545536249251049,0.8522302889068148,0.7993512861129969,0.8606351011126452,0.8288619475948377
256,dt_d5_s40_l50_w0.6.pkl,5,40,50,0.6,0.8451209120559457,0.8616536848412223,0.8533072256093038,0.7948756144793684,0.8667262243157638,0.8292474455107036
257,dt_d5_s40_l50_w0.7.pkl,5,40,50,0.7,0.8224338963152699,0.9234272019173158,0.8700094553973384,0.7678451404758704,0.9277998862990335,0.840278033172741
258,dt_d5_s40_l50_w0.8.pkl,5,40,50,0.8,0.8171851696800021,0.9356500898741762,0.8724144191957989,0.7608396195473925,0.9420125071063103,0.841788228463604
259,dt_d5_s40_l50_w0.9.pkl,5,40,50,0.9,0.8174468196446794,0.9359496704613541,0.8726937527060434,0.761310657298575,0.9416064322261025,0.841914167453344
260,dt_d5_s40_l50_w1.0.pkl,5,40,50,1.0,0.8193320235756385,0.9370281605751948,0.8742366012158479,0.7640886894549294,0.9403882075854788,0.8431208359121856
261,dt_d5_s40_l60_w0.2.pkl,5,40,60,0.2,0.9231031349386642,0.48693828639904135,0.6375617792421746,0.8938490620910281,0.499228457727605,0.6406461698801459
262,dt_d5_s40_l60_w0.3.pkl,5,40,60,0.3,0.8772298741807731,0.749850209706411,0.808553938591249,0.826869322152341,0.7687809632096159,0.7967678128024914
263,dt_d5_s40_l60_w0.4.pkl,5,40,60,0.4,0.870530536501309,0.7869982025164769,0.8266595339616407,0.8190854870775348,0.8030536830991635,0.8109903629280295
264,dt_d5_s40_l60_w0.5.pkl,5,40,60,0.5,0.8499195518741434,0.8545536249251049,0.8522302889068148,0.7993512861129969,0.8606351011126452,0.8288619475948377
265,dt_d5_s40_l60_w0.6.pkl,5,40,60,0.6,0.8451209120559457,0.8616536848412223,0.8533072256093038,0.7948756144793684,0.8667262243157638,0.8292474455107036
266,dt_d5_s40_l60_w0.7.pkl,5,40,60,0.7,0.8224338963152699,0.9234272019173158,0.8700094553973384,0.7678451404758704,0.9277998862990335,0.840278033172741
267,dt_d5_s40_l60_w0.8.pkl,5,40,60,0.8,0.8175553517620857,0.9347513481126423,0.8722342581592005,0.7612283816663379,0.940144562657354,0.8412790697674418
268,dt_d5_s40_l60_w0.9.pkl,5,40,60,0.9,0.8187963596191278,0.9325644098262432,0.8719852096697387,0.7624710934919062,0.937220823519857,0.8408627222384144
269,dt_d5_s40_l60_w1.0.pkl,5,40,60,1.0,0.819048616932104,0.9367285799880167,0.8739448823299234,0.7636687797147385,0.9392511979208966,0.842408129074553
270,dt_d5_s60_l20_w0.2.pkl,5,60,20,0.2,0.922679253764891,0.4919113241461953,0.6417070501797718,0.8924777490668964,0.5049135060505158,0.6449504642356969
271,dt_d5_s60_l20_w0.3.pkl,5,60,20,0.3,0.8770191536126714,0.7530856800479329,0.8103412149638154,0.8261474269819193,0.771867132299196,0.7980854011840283
272,dt_d5_s60_l20_w0.4.pkl,5,60,20,0.4,0.8701243034719246,0.7905931695626124,0.8284543785022525,0.81801697848842,0.806058637212702,0.8119937822138591
273,dt_d5_s60_l20_w0.5.pkl,5,60,20,0.5,0.8501071301035591,0.8558118633912523,0.8529499581989729,0.7978483298224496,0.8612848209209778,0.8283538371411834
274,dt_d5_s60_l20_w0.6.pkl,5,60,20,0.6,0.8453656674789348,0.8626123427201917,0.8539019290935781,0.7932059763621497,0.8666450093397222,0.8283008616005588
275,dt_d5_s60_l20_w0.7.pkl,5,60,20,0.7,0.8221506006445942,0.9246854403834631,0.8704087531548299,0.7660944206008584,0.9277998862990335,0.8392286501377411
276,dt_d5_s60_l20_w0.8.pkl,5,60,20,0.8,0.8169278996865204,0.936848412222888,0.8727881663410549,0.7592277486910994,0.9421749370583936,0.8408654368861668
277,dt_d5_s60_l20_w0.9.pkl,5,60,20,0.9,0.8172366049269835,0.9371779508687837,0.8731073556706066,0.7594787505729814,0.9419312921302688,0.8409222737819025
278,dt_d5_s60_l20_w1.0.pkl,5,60,20,1.0,0.8192235244872331,0.9381066506890353,0.8746438746438746,0.762340397525339,0.9407130674896451,0.8421856254771513
279,dt_d5_s60_l30_w0.2.pkl,5,60,30,0.2,0.922679253764891,0.4919113241461953,0.6417070501797718,0.8924777490668964,0.5049135060505158,0.6449504642356969
280,dt_d5_s60_l30_w0.3.pkl,5,60,30,0.3,0.8770191536126714,0.7530856800479329,0.8103412149638154,0.8261474269819193,0.771867132299196,0.7980854011840283
281,dt_d5_s60_l30_w0.4.pkl,5,60,30,0.4,0.8701889779360839,0.7904433792690234,0.8284014379680068,0.8182567823864105,0.8058962072606188,0.8120294599018003
282,dt_d5_s60_l30_w0.5.pkl,5,60,30,0.5,0.8500193274062621,0.8564110245656081,0.8532032054438824,0.7994131367090512,0.8629091204418095,0.8299484455553819
283,dt_d5_s60_l30_w0.6.pkl,5,60,30,0.6,0.8451150775011742,0.862432594367885,0.853686020995196,0.7947611251674356,0.8673759441240965,0.8294823501999923
284,dt_d5_s60_l30_w0.7.pkl,5,60,30,0.7,0.8223982503867285,0.9237567405632116,0.8701357338375144,0.7679483732186072,0.9277998862990335,0.8403398433189893
285,dt_d5_s60_l30_w0.8.pkl,5,60,30,0.8,0.817083692838654,0.9362192929898142,0.8726039063481648,0.760889530307006,0.9420125071063103,0.8418187756286969
286,dt_d5_s60_l30_w0.9.pkl,5,60,30,0.9,0.8171534562934323,0.9370581186339125,0.8730078986296017,0.7591986382087207,0.9417688621781857,0.8406858302823794
287,dt_d5_s60_l30_w1.0.pkl,5,60,30,1.0,0.8190615682376942,0.9381665668064709,0.874577596559332,0.7618891008353614,0.9407130674896451,0.8419101613606629
288,dt_d5_s60_l40_w0.2.pkl,5,60,40,0.2,0.9230204450468767,0.4896045536249251,0.6398230434952825,0.8933217692974849,0.5019085519369771,0.6427122874525506
289,dt_d5_s60_l40_w0.3.pkl,5,60,40,0.3,0.8772212116972156,0.7512881965248652,0.8093854892847921,0.8263295553618134,0.7697555429221148,0.7970399024513308
290,dt_d5_s60_l40_w0.4.pkl,5,60,40,0.4,0.8704795337130746,0.7874475733972438,0.8268843588775638,0.8192581553237291,0.8036221879314546,0.8113648476897216
291,dt_d5_s60_l40_w0.5.pkl,5,60,40,0.5,0.8497575775603081,0.85584182144997,0.8527888475947403,0.7992467043314501,0.8616908958011857,0.8292949820228231
292,dt_d5_s60_l40_w0.6.pkl,5,60,40,0.6,0.8451209120559457,0.8616536848412223,0.8533072256093038,0.7948756144793684,0.8667262243157638,0.8292474455107036
293,dt_d5_s60_l40_w0.7.pkl,5,60,40,0.7,0.8221310164703374,0.9241461953265429,0.8701588107528702,0.7677011957544001,0.9281247462031998,0.8403250119489687
294,dt_d5_s60_l40_w0.8.pkl,5,60,40,0.8,0.8168657067447148,0.9364589574595567,0.872583639231231,0.7607028125614633,0.9423373670104768,0.8418341435101212
295,dt_d5_s60_l40_w0.9.pkl,5,60,40,0.9,0.8171767596246831,0.9366686638705812,0.8728521377423543,0.7610050514990487,0.942093722082352,0.8419219044854115
296,dt_d5_s60_l40_w1.0.pkl,5,60,40,1.0,0.8193219007723525,0.9375074895146794,0.8744393992315753,0.7638989645848447,0.9407130674896451,0.8431358276313874
297,dt_d5_s60_l50_w0.2.pkl,5,60,50,0.2,0.9229638840219295,0.48921509886159376,0.6394768272864332,0.893312101910828,0.5011776171526029,0.6421101919775246
298,dt_d5_s60_l50_w0.3.pkl,5,60,50,0.3,0.8772212116972156,0.7512881965248652,0.8093854892847921,0.8263295553618134,0.7697555429221148,0.7970399024513308
299,dt_d5_s60_l50_w0.4.pkl,5,60,50,0.4,0.870530536501309,0.7869982025164769,0.8266595339616407,0.8190854870775348,0.8030536830991635,0.8109903629280295
300,dt_d5_s60_l50_w0.5.pkl,5,60,50,0.5,0.8499195518741434,0.8545536249251049,0.8522302889068148,0.7993512861129969,0.8606351011126452,0.8288619475948377
301,dt_d5_s60_l50_w0.6.pkl,5,60,50,0.6,0.8451209120559457,0.8616536848412223,0.8533072256093038,0.7948756144793684,0.8667262243157638,0.8292474455107036
302,dt_d5_s60_l50_w0.7.pkl,5,60,50,0.7,0.8224338963152699,0.9234272019173158,0.8700094553973384,0.7678451404758704,0.9277998862990335,0.840278033172741
303,dt_d5_s60_l50_w0.8.pkl,5,60,50,0.8,0.8171851696800021,0.9356500898741762,0.8724144191957989,0.7608396195473925,0.9420125071063103,0.841788228463604
304,dt_d5_s60_l50_w0.9.pkl,5,60,50,0.9,0.8174468196446794,0.9359496704613541,0.8726937527060434,0.761310657298575,0.9416064322261025,0.841914167453344
305,dt_d5_s60_l50_w1.0.pkl,5,60,50,1.0,0.8193320235756385,0.9370281605751948,0.8742366012158479,0.7640886894549294,0.9403882075854788,0.8431208359121856
306,dt_d5_s60_l60_w0.2.pkl,5,60,60,0.2,0.9231031349386642,0.48693828639904135,0.6375617792421746,0.8938490620910281,0.499228457727605,0.6406461698801459
307,dt_d5_s60_l60_w0.3.pkl,5,60,60,0.3,0.8772298741807731,0.749850209706411,0.808553938591249,0.826869322152341,0.7687809632096159,0.7967678128024914
308,dt_d5_s60_l60_w0.4.pkl,5,60,60,0.4,0.870530536501309,0.7869982025164769,0.8266595339616407,0.8190854870775348,0.8030536830991635,0.8109903629280295
309,dt_d5_s60_l60_w0.5.pkl,5,60,60,0.5,0.8499195518741434,0.8545536249251049,0.8522302889068148,0.7993512861129969,0.8606351011126452,0.8288619475948377
310,dt_d5_s60_l60_w0.6.pkl,5,60,60,0.6,0.8451209120559457,0.8616536848412223,0.8533072256093038,0.7948756144793684,0.8667262243157638,0.8292474455107036
311,dt_d5_s60_l60_w0.7.pkl,5,60,60,0.7,0.8224338963152699,0.9234272019173158,0.8700094553973384,0.7678451404758704,0.9277998862990335,0.840278033172741
312,dt_d5_s60_l60_w0.8.pkl,5,60,60,0.8,0.8175553517620857,0.9347513481126423,0.8722342581592005,0.7612283816663379,0.940144562657354,0.8412790697674418
313,dt_d5_s60_l60_w0.9.pkl,5,60,60,0.9,0.8187963596191278,0.9325644098262432,0.8719852096697387,0.7624710934919062,0.937220823519857,0.8408627222384144
314,dt_d5_s60_l60_w1.0.pkl,5,60,60,1.0,0.819048616932104,0.9367285799880167,0.8739448823299234,0.7636687797147385,0.9392511979208966,0.842408129074553
315,dt_d5_s80_l20_w0.2.pkl,5,80,20,0.2,0.9227175503771249,0.49110245656081486,0.6410276463457553,0.8930890203433848,0.502720701697393,0.6433173976304303
316,dt_d5_s80_l20_w0.3.pkl,5,80,20,0.3,0.8771445543170621,0.7520371479928101,0.8097872546331393,0.8263786044080494,0.7704052627304475,0.7974108944182918
317,dt_d5_s80_l20_w0.4.pkl,5,80,20,0.4,0.8704610093260137,0.7885260635110845,0.827470212832846,0.8189184719695717,0.8043531227158288,0.8115704511000942
318,dt_d5_s80_l20_w0.5.pkl,5,80,20,0.5,0.850053616108662,0.8549430796884362,0.8524913370773091,0.7977545022982443,0.8598229513522293,0.827626641651032
319,dt_d5_s80_l20_w0.6.pkl,5,80,20,0.6,0.8453656674789348,0.8626123427201917,0.8539019290935781,0.7932059763621497,0.8666450093397222,0.8283008616005588
320,dt_d5_s80_l20_w0.7.pkl,5,80,20,0.7,0.8221506006445942,0.9246854403834631,0.8704087531548299,0.7660944206008584,0.9277998862990335,0.8392286501377411
321,dt_d5_s80_l20_w0.8.pkl,5,80,20,0.8,0.8169278996865204,0.936848412222888,0.8727881663410549,0.7592277486910994,0.9421749370583936,0.8408654368861668
322,dt_d5_s80_l20_w0.9.pkl,5,80,20,0.9,0.8172366049269835,0.9371779508687837,0.8731073556706066,0.7594787505729814,0.9419312921302688,0.8409222737819025
323,dt_d5_s80_l20_w1.0.pkl,5,80,20,1.0,0.8192235244872331,0.9381066506890353,0.8746438746438746,0.762340397525339,0.9407130674896451,0.8421856254771513
324,dt_d5_s80_l30_w0.2.pkl,5,80,30,0.2,0.9227175503771249,0.49110245656081486,0.6410276463457553,0.8930890203433848,0.502720701697393,0.6433173976304303
325,dt_d5_s80_l30_w0.3.pkl,5,80,30,0.3,0.8771445543170621,0.7520371479928101,0.8097872546331393,0.8263786044080494,0.7704052627304475,0.7974108944182918
326,dt_d5_s80_l30_w0.4.pkl,5,80,30,0.4,0.8704610093260137,0.7885260635110845,0.827470212832846,0.8189184719695717,0.8043531227158288,0.8115704511000942
327,dt_d5_s80_l30_w0.5.pkl,5,80,30,0.5,0.8499657727908568,0.8555422408627921,0.8527448901894624,0.7993217784476262,0.861447250873061,0.8292225305867177
328,dt_d5_s80_l30_w0.6.pkl,5,80,30,0.6,0.8451150775011742,0.862432594367885,0.853686020995196,0.7947611251674356,0.8673759441240965,0.8294823501999923
329,dt_d5_s80_l30_w0.7.pkl,5,80,30,0.7,0.8223982503867285,0.9237567405632116,0.8701357338375144,0.7679483732186072,0.9277998862990335,0.8403398433189893
330,dt_d5_s80_l30_w0.8.pkl,5,80,30,0.8,0.817083692838654,0.9362192929898142,0.8726039063481648,0.760889530307006,0.9420125071063103,0.8418187756286969
331,dt_d5_s80_l30_w0.9.pkl,5,80,30,0.9,0.8171534562934323,0.9370581186339125,0.8730078986296017,0.7591986382087207,0.9417688621781857,0.8406858302823794
332,dt_d5_s80_l30_w1.0.pkl,5,80,30,1.0,0.8190615682376942,0.9381665668064709,0.874577596559332,0.7618891008353614,0.9407130674896451,0.8419101613606629
333,dt_d5_s80_l40_w0.2.pkl,5,80,40,0.2,0.9230204450468767,0.4896045536249251,0.6398230434952825,0.8933217692974849,0.5019085519369771,0.6427122874525506
334,dt_d5_s80_l40_w0.3.pkl,5,80,40,0.3,0.8772212116972156,0.7512881965248652,0.8093854892847921,0.8263295553618134,0.7697555429221148,0.7970399024513308
335,dt_d5_s80_l40_w0.4.pkl,5,80,40,0.4,0.8704795337130746,0.7874475733972438,0.8268843588775638,0.8192581553237291,0.8036221879314546,0.8113648476897216
336,dt_d5_s80_l40_w0.5.pkl,5,80,40,0.5,0.8497575775603081,0.85584182144997,0.8527888475947403,0.7992467043314501,0.8616908958011857,0.8292949820228231
337,dt_d5_s80_l40_w0.6.pkl,5,80,40,0.6,0.8451209120559457,0.8616536848412223,0.8533072256093038,0.7948756144793684,0.8667262243157638,0.8292474455107036
338,dt_d5_s80_l40_w0.7.pkl,5,80,40,0.7,0.8221310164703374,0.9241461953265429,0.8701588107528702,0.7677011957544001,0.9281247462031998,0.8403250119489687
339,dt_d5_s80_l40_w0.8.pkl,5,80,40,0.8,0.8168657067447148,0.9364589574595567,0.872583639231231,0.7607028125614633,0.9423373670104768,0.8418341435101212
340,dt_d5_s80_l40_w0.9.pkl,5,80,40,0.9,0.8171767596246831,0.9366686638705812,0.8728521377423543,0.7610050514990487,0.942093722082352,0.8419219044854115
341,dt_d5_s80_l40_w1.0.pkl,5,80,40,1.0,0.8193219007723525,0.9375074895146794,0.8744393992315753,0.7638989645848447,0.9407130674896451,0.8431358276313874
342,dt_d5_s80_l50_w0.2.pkl,5,80,50,0.2,0.9229638840219295,0.48921509886159376,0.6394768272864332,0.893312101910828,0.5011776171526029,0.6421101919775246
343,dt_d5_s80_l50_w0.3.pkl,5,80,50,0.3,0.8772212116972156,0.7512881965248652,0.8093854892847921,0.8263295553618134,0.7697555429221148,0.7970399024513308
344,dt_d5_s80_l50_w0.4.pkl,5,80,50,0.4,0.870530536501309,0.7869982025164769,0.8266595339616407,0.8190854870775348,0.8030536830991635,0.8109903629280295
345,dt_d5_s80_l50_w0.5.pkl,5,80,50,0.5,0.8499195518741434,0.8545536249251049,0.8522302889068148,0.7993512861129969,0.8606351011126452,0.8288619475948377
346,dt_d5_s80_l50_w0.6.pkl,5,80,50,0.6,0.8451209120559457,0.8616536848412223,0.8533072256093038,0.7948756144793684,0.8667262243157638,0.8292474455107036
347,dt_d5_s80_l50_w0.7.pkl,5,80,50,0.7,0.8224338963152699,0.9234272019173158,0.8700094553973384,0.7678451404758704,0.9277998862990335,0.840278033172741
348,dt_d5_s80_l50_w0.8.pkl,5,80,50,0.8,0.8171851696800021,0.9356500898741762,0.8724144191957989,0.7608396195473925,0.9420125071063103,0.841788228463604
349,dt_d5_s80_l50_w0.9.pkl,5,80,50,0.9,0.8174468196446794,0.9359496704613541,0.8726937527060434,0.761310657298575,0.9416064322261025,0.841914167453344
350,dt_d5_s80_l50_w1.0.pkl,5,80,50,1.0,0.8193320235756385,0.9370281605751948,0.8742366012158479,0.7640886894549294,0.9403882075854788,0.8431208359121856
351,dt_d5_s80_l60_w0.2.pkl,5,80,60,0.2,0.9231031349386642,0.48693828639904135,0.6375617792421746,0.8938490620910281,0.499228457727605,0.6406461698801459
352,dt_d5_s80_l60_w0.3.pkl,5,80,60,0.3,0.8772298741807731,0.749850209706411,0.808553938591249,0.826869322152341,0.7687809632096159,0.7967678128024914
353,dt_d5_s80_l60_w0.4.pkl,5,80,60,0.4,0.870530536501309,0.7869982025164769,0.8266595339616407,0.8190854870775348,0.8030536830991635,0.8109903629280295
354,dt_d5_s80_l60_w0.5.pkl,5,80,60,0.5,0.8499195518741434,0.8545536249251049,0.8522302889068148,0.7993512861129969,0.8606351011126452,0.8288619475948377
355,dt_d5_s80_l60_w0.6.pkl,5,80,60,0.6,0.8451209120559457,0.8616536848412223,0.8533072256093038,0.7948756144793684,0.8667262243157638,0.8292474455107036
356,dt_d5_s80_l60_w0.7.pkl,5,80,60,0.7,0.8224338963152699,0.9234272019173158,0.8700094553973384,0.7678451404758704,0.9277998862990335,0.840278033172741
357,dt_d5_s80_l60_w0.8.pkl,5,80,60,0.8,0.8175553517620857,0.9347513481126423,0.8722342581592005,0.7612283816663379,0.940144562657354,0.8412790697674418
358,dt_d5_s80_l60_w0.9.pkl,5,80,60,0.9,0.8187963596191278,0.9325644098262432,0.8719852096697387,0.7624710934919062,0.937220823519857,0.8408627222384144
359,dt_d5_s80_l60_w1.0.pkl,5,80,60,1.0,0.819048616932104,0.9367285799880167,0.8739448823299234,0.7636687797147385,0.9392511979208966,0.842408129074553
360,dt_d5_s100_l20_w0.2.pkl,5,100,20,0.2,0.9227175503771249,0.49110245656081486,0.6410276463457553,0.8930890203433848,0.502720701697393,0.6433173976304303
361,dt_d5_s100_l20_w0.3.pkl,5,100,20,0.3,0.8771445543170621,0.7520371479928101,0.8097872546331393,0.8263786044080494,0.7704052627304475,0.7974108944182918
362,dt_d5_s100_l20_w0.4.pkl,5,100,20,0.4,0.8704610093260137,0.7885260635110845,0.827470212832846,0.8189184719695717,0.8043531227158288,0.8115704511000942
363,dt_d5_s100_l20_w0.5.pkl,5,100,20,0.5,0.8502432763201099,0.8533253445176753,0.8517815224054665,0.7980674869781837,0.8586047267116056,0.8272300469483568
364,dt_d5_s100_l20_w0.6.pkl,5,100,20,0.6,0.8453656674789348,0.8626123427201917,0.8539019290935781,0.7932059763621497,0.8666450093397222,0.8283008616005588
365,dt_d5_s100_l20_w0.7.pkl,5,100,20,0.7,0.8221506006445942,0.9246854403834631,0.8704087531548299,0.7660944206008584,0.9277998862990335,0.8392286501377411
366,dt_d5_s100_l20_w0.8.pkl,5,100,20,0.8,0.8169278996865204,0.936848412222888,0.8727881663410549,0.7592277486910994,0.9421749370583936,0.8408654368861668
367,dt_d5_s100_l20_w0.9.pkl,5,100,20,0.9,0.8172366049269835,0.9371779508687837,0.8731073556706066,0.7594787505729814,0.9419312921302688,0.8409222737819025
368,dt_d5_s100_l20_w1.0.pkl,5,100,20,1.0,0.8192235244872331,0.9381066506890353,0.8746438746438746,0.762340397525339,0.9407130674896451,0.8421856254771513
369,dt_d5_s100_l30_w0.2.pkl,5,100,30,0.2,0.9227175503771249,0.49110245656081486,0.6410276463457553,0.8930890203433848,0.502720701697393,0.6433173976304303
370,dt_d5_s100_l30_w0.3.pkl,5,100,30,0.3,0.8771445543170621,0.7520371479928101,0.8097872546331393,0.8263786044080494,0.7704052627304475,0.7974108944182918
371,dt_d5_s100_l30_w0.4.pkl,5,100,30,0.4,0.8704610093260137,0.7885260635110845,0.827470212832846,0.8189184719695717,0.8043531227158288,0.8115704511000942
372,dt_d5_s100_l30_w0.5.pkl,5,100,30,0.5,0.8501729691041393,0.8540443379269024,0.852104256336681,0.7995772627764777,0.8602290262324372,0.8287949921752739
373,dt_d5_s100_l30_w0.6.pkl,5,100,30,0.6,0.8451150775011742,0.862432594367885,0.853686020995196,0.7947611251674356,0.8673759441240965,0.8294823501999923
374,dt_d5_s100_l30_w0.7.pkl,5,100,30,0.7,0.8223982503867285,0.9237567405632116,0.8701357338375144,0.7679483732186072,0.9277998862990335,0.8403398433189893
375,dt_d5_s100_l30_w0.8.pkl,5,100,30,0.8,0.817083692838654,0.9362192929898142,0.8726039063481648,0.760889530307006,0.9420125071063103,0.8418187756286969
376,dt_d5_s100_l30_w0.9.pkl,5,100,30,0.9,0.8171534562934323,0.9370581186339125,0.8730078986296017,0.7591986382087207,0.9417688621781857,0.8406858302823794
377,dt_d5_s100_l30_w1.0.pkl,5,100,30,1.0,0.8190615682376942,0.9381665668064709,0.874577596559332,0.7618891008353614,0.9407130674896451,0.8419101613606629
378,dt_d5_s100_l40_w0.2.pkl,5,100,40,0.2,0.9230204450468767,0.4896045536249251,0.6398230434952825,0.8933217692974849,0.5019085519369771,0.6427122874525506
379,dt_d5_s100_l40_w0.3.pkl,5,100,40,0.3,0.8772212116972156,0.7512881965248652,0.8093854892847921,0.8263295553618134,0.7697555429221148,0.7970399024513308
380,dt_d5_s100_l40_w0.4.pkl,5,100,40,0.4,0.8704795337130746,0.7874475733972438,0.8268843588775638,0.8192581553237291,0.8036221879314546,0.8113648476897216
381,dt_d5_s100_l40_w0.5.pkl,5,100,40,0.5,0.8499195518741434,0.8545536249251049,0.8522302889068148,0.7993512861129969,0.8606351011126452,0.8288619475948377
382,dt_d5_s100_l40_w0.6.pkl,5,100,40,0.6,0.8451209120559457,0.8616536848412223,0.8533072256093038,0.7948756144793684,0.8667262243157638,0.8292474455107036
383,dt_d5_s100_l40_w0.7.pkl,5,100,40,0.7,0.8221310164703374,0.9241461953265429,0.8701588107528702,0.7677011957544001,0.9281247462031998,0.8403250119489687
384,dt_d5_s100_l40_w0.8.pkl,5,100,40,0.8,0.8168657067447148,0.9364589574595567,0.872583639231231,0.7607028125614633,0.9423373670104768,0.8418341435101212
385,dt_d5_s100_l40_w0.9.pkl,5,100,40,0.9,0.8171767596246831,0.9366686638705812,0.8728521377423543,0.7610050514990487,0.942093722082352,0.8419219044854115
386,dt_d5_s100_l40_w1.0.pkl,5,100,40,1.0,0.8193219007723525,0.9375074895146794,0.8744393992315753,0.7638989645848447,0.9407130674896451,0.8431358276313874
387,dt_d5_s100_l50_w0.2.pkl,5,100,50,0.2,0.9229638840219295,0.48921509886159376,0.6394768272864332,0.893312101910828,0.5011776171526029,0.6421101919775246
388,dt_d5_s100_l50_w0.3.pkl,5,100,50,0.3,0.8772212116972156,0.7512881965248652,0.8093854892847921,0.8263295553618134,0.7697555429221148,0.7970399024513308
389,dt_d5_s100_l50_w0.4.pkl,5,100,50,0.4,0.870530536501309,0.7869982025164769,0.8266595339616407,0.8190854870775348,0.8030536830991635,0.8109903629280295
390,dt_d5_s100_l50_w0.5.pkl,5,100,50,0.5,0.8499195518741434,0.8545536249251049,0.8522302889068148,0.7993512861129969,0.8606351011126452,0.8288619475948377
391,dt_d5_s100_l50_w0.6.pkl,5,100,50,0.6,0.8451209120559457,0.8616536848412223,0.8533072256093038,0.7948756144793684,0.8667262243157638,0.8292474455107036
392,dt_d5_s100_l50_w0.7.pkl,5,100,50,0.7,0.8224338963152699,0.9234272019173158,0.8700094553973384,0.7678451404758704,0.9277998862990335,0.840278033172741
393,dt_d5_s100_l50_w0.8.pkl,5,100,50,0.8,0.8171851696800021,0.9356500898741762,0.8724144191957989,0.7608396195473925,0.9420125071063103,0.841788228463604
394,dt_d5_s100_l50_w0.9.pkl,5,100,50,0.9,0.8174468196446794,0.9359496704613541,0.8726937527060434,0.761310657298575,0.9416064322261025,0.841914167453344
395,dt_d5_s100_l50_w1.0.pkl,5,100,50,1.0,0.8193320235756385,0.9370281605751948,0.8742366012158479,0.7640886894549294,0.9403882075854788,0.8431208359121856
396,dt_d5_s100_l60_w0.2.pkl,5,100,60,0.2,0.9231031349386642,0.48693828639904135,0.6375617792421746,0.8938490620910281,0.499228457727605,0.6406461698801459
397,dt_d5_s100_l60_w0.3.pkl,5,100,60,0.3,0.8772298741807731,0.749850209706411,0.808553938591249,0.826869322152341,0.7687809632096159,0.7967678128024914
398,dt_d5_s100_l60_w0.4.pkl,5,100,60,0.4,0.870530536501309,0.7869982025164769,0.8266595339616407,0.8190854870775348,0.8030536830991635,0.8109903629280295
399,dt_d5_s100_l60_w0.5.pkl,5,100,60,0.5,0.8499195518741434,0.8545536249251049,0.8522302889068148,0.7993512861129969,0.8606351011126452,0.8288619475948377
400,dt_d5_s100_l60_w0.6.pkl,5,100,60,0.6,0.8451209120559457,0.8616536848412223,0.8533072256093038,0.7948756144793684,0.8667262243157638,0.8292474455107036
401,dt_d5_s100_l60_w0.7.pkl,5,100,60,0.7,0.8224338963152699,0.9234272019173158,0.8700094553973384,0.7678451404758704,0.9277998862990335,0.840278033172741
402,dt_d5_s100_l60_w0.8.pkl,5,100,60,0.8,0.8175553517620857,0.9347513481126423,0.8722342581592005,0.7612283816663379,0.940144562657354,0.8412790697674418
403,dt_d5_s100_l60_w0.9.pkl,5,100,60,0.9,0.8187963596191278,0.9325644098262432,0.8719852096697387,0.7624710934919062,0.937220823519857,0.8408627222384144
404,dt_d5_s100_l60_w1.0.pkl,5,100,60,1.0,0.819048616932104,0.9367285799880167,0.8739448823299234,0.7636687797147385,0.9392511979208966,0.842408129074553
405,dt_d5_s120_l20_w0.2.pkl,5,120,20,0.2,0.9227596338569329,0.48924505692031156,0.6394533850189905,0.8936540133294697,0.5009339722244782,0.6419984387197502
406,dt_d5_s120_l20_w0.3.pkl,5,120,20,0.3,0.8771445543170621,0.7520371479928101,0.8097872546331393,0.8263786044080494,0.7704052627304475,0.7974108944182918
407,dt_d5_s120_l20_w0.4.pkl,5,120,20,0.4,0.8704610093260137,0.7885260635110845,0.827470212832846,0.8189184719695717,0.8043531227158288,0.8115704511000942
408,dt_d5_s120_l20_w0.5.pkl,5,120,20,0.5,0.8502432763201099,0.8533253445176753,0.8517815224054665,0.7980674869781837,0.8586047267116056,0.8272300469483568
409,dt_d5_s120_l20_w0.6.pkl,5,120,20,0.6,0.8453656674789348,0.8626123427201917,0.8539019290935781,0.7932059763621497,0.8666450093397222,0.8283008616005588
410,dt_d5_s120_l20_w0.7.pkl,5,120,20,0.7,0.8221506006445942,0.9246854403834631,0.8704087531548299,0.7660944206008584,0.9277998862990335,0.8392286501377411
411,dt_d5_s120_l20_w0.8.pkl,5,120,20,0.8,0.8169278996865204,0.936848412222888,0.8727881663410549,0.7592277486910994,0.9421749370583936,0.8408654368861668
412,dt_d5_s120_l20_w0.9.pkl,5,120,20,0.9,0.8172366049269835,0.9371779508687837,0.8731073556706066,0.7594787505729814,0.9419312921302688,0.8409222737819025
413,dt_d5_s120_l20_w1.0.pkl,5,120,20,1.0,0.8192235244872331,0.9381066506890353,0.8746438746438746,0.762340397525339,0.9407130674896451,0.8421856254771513
414,dt_d5_s120_l30_w0.2.pkl,5,120,30,0.2,0.9227596338569329,0.48924505692031156,0.6394533850189905,0.8936540133294697,0.5009339722244782,0.6419984387197502
415,dt_d5_s120_l30_w0.3.pkl,5,120,30,0.3,0.8771445543170621,0.7520371479928101,0.8097872546331393,0.8263786044080494,0.7704052627304475,0.7974108944182918
416,dt_d5_s120_l30_w0.4.pkl,5,120,30,0.4,0.8704610093260137,0.7885260635110845,0.827470212832846,0.8189184719695717,0.8043531227158288,0.8115704511000942
417,dt_d5_s120_l30_w0.5.pkl,5,120,30,0.5,0.8501729691041393,0.8540443379269024,0.852104256336681,0.7995772627764777,0.8602290262324372,0.8287949921752739
418,dt_d5_s120_l30_w0.6.pkl,5,120,30,0.6,0.8451150775011742,0.862432594367885,0.853686020995196,0.7947611251674356,0.8673759441240965,0.8294823501999923
419,dt_d5_s120_l30_w0.7.pkl,5,120,30,0.7,0.8223982503867285,0.9237567405632116,0.8701357338375144,0.7679483732186072,0.9277998862990335,0.8403398433189893
420,dt_d5_s120_l30_w0.8.pkl,5,120,30,0.8,0.817083692838654,0.9362192929898142,0.8726039063481648,0.760889530307006,0.9420125071063103,0.8418187756286969
421,dt_d5_s120_l30_w0.9.pkl,5,120,30,0.9,0.8171534562934323,0.9370581186339125,0.8730078986296017,0.7591986382087207,0.9417688621781857,0.8406858302823794
422,dt_d5_s120_l30_w1.0.pkl,5,120,30,1.0,0.8190615682376942,0.9381665668064709,0.874577596559332,0.7618891008353614,0.9407130674896451,0.8419101613606629
423,dt_d5_s120_l40_w0.2.pkl,5,120,40,0.2,0.9230943610087844,0.4879568603954464,0.6384321411073003,0.8939042089985486,0.500203037440104,0.641462271520075
424,dt_d5_s120_l40_w0.3.pkl,5,120,40,0.3,0.8772212116972156,0.7512881965248652,0.8093854892847921,0.8263295553618134,0.7697555429221148,0.7970399024513308
425,dt_d5_s120_l40_w0.4.pkl,5,120,40,0.4,0.8704795337130746,0.7874475733972438,0.8268843588775638,0.8192581553237291,0.8036221879314546,0.8113648476897216
426,dt_d5_s120_l40_w0.5.pkl,5,120,40,0.5,0.8499195518741434,0.8545536249251049,0.8522302889068148,0.7993512861129969,0.8606351011126452,0.8288619475948377
427,dt_d5_s120_l40_w0.6.pkl,5,120,40,0.6,0.8451209120559457,0.8616536848412223,0.8533072256093038,0.7948756144793684,0.8667262243157638,0.8292474455107036
428,dt_d5_s120_l40_w0.7.pkl,5,120,40,0.7,0.8221310164703374,0.9241461953265429,0.8701588107528702,0.7677011957544001,0.9281247462031998,0.8403250119489687
429,dt_d5_s120_l40_w0.8.pkl,5,120,40,0.8,0.8168657067447148,0.9364589574595567,0.872583639231231,0.7607028125614633,0.9423373670104768,0.8418341435101212
430,dt_d5_s120_l40_w0.9.pkl,5,120,40,0.9,0.8171767596246831,0.9366686638705812,0.8728521377423543,0.7610050514990487,0.942093722082352,0.8419219044854115
431,dt_d5_s120_l40_w1.0.pkl,5,120,40,1.0,0.8193219007723525,0.9375074895146794,0.8744393992315753,0.7638989645848447,0.9407130674896451,0.8431358276313874
432,dt_d5_s120_l50_w0.2.pkl,5,120,50,0.2,0.923081283301213,0.487866986219293,0.6383520834149975,0.8939042089985486,0.500203037440104,0.641462271520075
433,dt_d5_s120_l50_w0.3.pkl,5,120,50,0.3,0.8772212116972156,0.7512881965248652,0.8093854892847921,0.8263295553618134,0.7697555429221148,0.7970399024513308
434,dt_d5_s120_l50_w0.4.pkl,5,120,50,0.4,0.870530536501309,0.7869982025164769,0.8266595339616407,0.8190854870775348,0.8030536830991635,0.8109903629280295
435,dt_d5_s120_l50_w0.5.pkl,5,120,50,0.5,0.8499195518741434,0.8545536249251049,0.8522302889068148,0.7993512861129969,0.8606351011126452,0.8288619475948377
436,dt_d5_s120_l50_w0.6.pkl,5,120,50,0.6,0.8451209120559457,0.8616536848412223,0.8533072256093038,0.7948756144793684,0.8667262243157638,0.8292474455107036
437,dt_d5_s120_l50_w0.7.pkl,5,120,50,0.7,0.8224338963152699,0.9234272019173158,0.8700094553973384,0.7678451404758704,0.9277998862990335,0.840278033172741
438,dt_d5_s120_l50_w0.8.pkl,5,120,50,0.8,0.8171851696800021,0.9356500898741762,0.8724144191957989,0.7608396195473925,0.9420125071063103,0.841788228463604
439,dt_d5_s120_l50_w0.9.pkl,5,120,50,0.9,0.8174468196446794,0.9359496704613541,0.8726937527060434,0.761310657298575,0.9416064322261025,0.841914167453344
440,dt_d5_s120_l50_w1.0.pkl,5,120,50,1.0,0.8193320235756385,0.9370281605751948,0.8742366012158479,0.7640886894549294,0.9403882075854788,0.8431208359121856
441,dt_d5_s120_l60_w0.2.pkl,5,120,60,0.2,0.9231031349386642,0.48693828639904135,0.6375617792421746,0.8938490620910281,0.499228457727605,0.6406461698801459
442,dt_d5_s120_l60_w0.3.pkl,5,120,60,0.3,0.8772298741807731,0.749850209706411,0.808553938591249,0.826869322152341,0.7687809632096159,0.7967678128024914
443,dt_d5_s120_l60_w0.4.pkl,5,120,60,0.4,0.870530536501309,0.7869982025164769,0.8266595339616407,0.8190854870775348,0.8030536830991635,0.8109903629280295
444,dt_d5_s120_l60_w0.5.pkl,5,120,60,0.5,0.8499195518741434,0.8545536249251049,0.8522302889068148,0.7993512861129969,0.8606351011126452,0.8288619475948377
445,dt_d5_s120_l60_w0.6.pkl,5,120,60,0.6,0.8451209120559457,0.8616536848412223,0.8533072256093038,0.7948756144793684,0.8667262243157638,0.8292474455107036
446,dt_d5_s120_l60_w0.7.pkl,5,120,60,0.7,0.8224338963152699,0.9234272019173158,0.8700094553973384,0.7678451404758704,0.9277998862990335,0.840278033172741
447,dt_d5_s120_l60_w0.8.pkl,5,120,60,0.8,0.8175553517620857,0.9347513481126423,0.8722342581592005,0.7612283816663379,0.940144562657354,0.8412790697674418
448,dt_d5_s120_l60_w0.9.pkl,5,120,60,0.9,0.8187963596191278,0.9325644098262432,0.8719852096697387,0.7624710934919062,0.937220823519857,0.8408627222384144
449,dt_d5_s120_l60_w1.0.pkl,5,120,60,1.0,0.819048616932104,0.9367285799880167,0.8739448823299234,0.7636687797147385,0.9392511979208966,0.842408129074553
450,dt_d6_s40_l20_w0.2.pkl,6,40,20,0.2,0.9089802258701037,0.6486219292989814,0.7570412070141086,0.8658174097664544,0.6623893445951433,0.7505636589518244
451,dt_d6_s40_l20_w0.3.pkl,6,40,20,0.3,0.8959922957256093,0.7246854403834632,0.8012852363443639,0.8490513392857143,0.7414115162836027,0.7915889876436158
452,dt_d6_s40_l20_w0.4.pkl,6,40,20,0.4,0.8942258371803327,0.7311863391252247,0.8045291228532815,0.8438988640527666,0.748152359295054,0.7931464979120927
453,dt_d6_s40_l20_w0.5.pkl,6,40,20,0.5,0.8606079120207729,0.8439784301977232,0.8522120547530817,0.8059952588514185,0.856005847478275,0.8302481291847184
454,dt_d6_s40_l20_w0.6.pkl,6,40,20,0.6,0.841955560562111,0.8956560814859197,0.8679760193935171,0.7894586894586895,0.9001867944448957,0.8411945509050203
455,dt_d6_s40_l20_w0.7.pkl,6,40,20,0.7,0.8416729952465334,0.8964649490713001,0.8682053588266868,0.7890097391057084,0.9014050190855194,0.8414708112206217
456,dt_d6_s40_l20_w0.8.pkl,6,40,20,0.8,0.8406039333667614,0.9040143798681846,0.8711567885908946,0.7791504719600222,0.9117193210428003,0.8402380150443471
457,dt_d6_s40_l20_w0.9.pkl,6,40,20,0.9,0.8411139325278344,0.9030257639304973,0.8709710042330642,0.7798401112269725,0.9110696012344677,0.8403625739755787
458,dt_d6_s40_l20_w1.0.pkl,6,40,20,1.0,0.817189596449582,0.9488016776512882,0.8780913829433292,0.7590611424495882,0.9507837245188012,0.844173637150274
459,dt_d6_s40_l30_w0.2.pkl,6,40,30,0.2,0.9089382425794533,0.6485919712402636,0.7570062413678561,0.8655194391332058,0.6617396247868107,0.750034519261748
460,dt_d6_s40_l30_w0.3.pkl,6,40,30,0.3,0.8959940652818991,0.7236668663870581,0.8006629101756711,0.8491250930752048,0.7409242264273532,0.7913431929565858
461,dt_d6_s40_l30_w0.4.pkl,6,40,30,0.4,0.894213845702552,0.7305871779508688,0.8041614456242169,0.8464157541179719,0.7470153496304719,0.7936151855047455
462,dt_d6_s40_l30_w0.5.pkl,6,40,30,0.5,0.8604409698894522,0.8440982624325943,0.8521912712095091,0.8075390744713454,0.856005847478275,0.8310664301202444
463,dt_d6_s40_l30_w0.6.pkl,6,40,30,0.6,0.8418798602501972,0.8951467944877172,0.8676965965849692,0.7909882890602685,0.8996182896126046,0.8418132765892768
464,dt_d6_s40_l30_w0.7.pkl,6,40,30,0.7,0.8418321299638989,0.8941881366087477,0.8672206403626009,0.7912857142857143,0.8996995045886461,0.8420172538289059
465,dt_d6_s40_l30_w0.8.pkl,6,40,30,0.8,0.8404169337532399,0.9033852606351108,0.8707642107390884,0.7808609778148689,0.9118817509948834,0.8413007642739397
466,dt_d6_s40_l30_w0.9.pkl,6,40,30,0.9,0.8400356218517797,0.9042840023966447,0.8709765844791021,0.7786947777238366,0.9118817509948834,0.8400418973514888
467,dt_d6_s40_l30_w1.0.pkl,6,40,30,1.0,0.8172535029212553,0.9470641102456561,0.8773833643251644,0.7601065904068633,0.9498091448063023,0.844434817141413
468,dt_d6_s40_l40_w0.2.pkl,6,40,40,0.2,0.9091638513513514,0.6449670461354104,0.754609183315808,0.8663816141101015,0.6582473808170226,0.7481078087502308
469,dt_d6_s40_l40_w0.3.pkl,6,40,40,0.3,0.8959114709049724,0.7227681246255243,0.8000795901109287,0.8490214352283317,0.7398684317388127,0.7906956559475763
470,dt_d6_s40_l40_w0.4.pkl,6,40,40,0.4,0.8946360153256705,0.727501497902936,0.8024585288480602,0.8477255917159763,0.744660115325266,0.792857451684033
471,dt_d6_s40_l40_w0.5.pkl,6,40,40,0.5,0.859657149829185,0.8443079688436189,0.8519134272414002,0.8068416622024949,0.8562494924063997,0.8308116627265564
472,dt_d6_s40_l40_w0.6.pkl,6,40,40,0.6,0.8420027109454422,0.8932594367884961,0.8668740551226887,0.7911142959512719,0.8966133354990661,0.8405664687071722
473,dt_d6_s40_l40_w0.7.pkl,6,40,40,0.7,0.8420101637492942,0.8934691431995206,0.8669767441860465,0.7914457658690357,0.8971818403313571,0.8410033877659777
474,dt_d6_s40_l40_w0.8.pkl,6,40,40,0.8,0.8405332292160527,0.9029059316956262,0.8706038678741136,0.7811149825783972,0.9103386664500934,0.8407906087086975
475,dt_d6_s40_l40_w0.9.pkl,6,40,40,0.9,0.8412343470483006,0.9016177351707609,0.8703800104112441,0.7813765182186235,0.9091204418094697,0.8404219377604264
476,dt_d6_s40_l40_w1.0.pkl,6,40,40,1.0,0.8173656567747277,0.9464349910125824,0.8771778817453596,0.761690764621597,0.9498091448063023,0.8454115010662522
477,dt_d6_s40_l50_w0.2.pkl,6,40,50,0.2,0.9091254913563549,0.6443678849610546,0.7541857325689441,0.8663313356164384,0.6574352310566068,0.7475642979175324
478,dt_d6_s40_l50_w0.3.pkl,6,40,50,0.3,0.895708027029034,0.7227381665668065,0.7999801041217628,0.8490724340449334,0.7397060017867295,0.790625
479,dt_d6_s40_l50_w0.4.pkl,6,40,50,0.4,0.8946165191740413,0.7268424206111443,0.8020495867768596,0.8471284564875613,0.7439291805408917,0.79218195969904
480,dt_d6_s40_l50_w0.5.pkl,6,40,50,0.5,0.8594317453535569,0.8436488915518274,0.8514671867204862,0.8066146072576941,0.8556809875741087,0.8304236453201971
481,dt_d6_s40_l50_w0.6.pkl,6,40,50,0.6,0.8424420909554284,0.8912522468544039,0.8661600722042682,0.7917684240770004,0.8952326809063591,0.8403278063655422
482,dt_d6_s40_l50_w0.7.pkl,6,40,50,0.7,0.84207997739155,0.8926602756141402,0.8666327346760707,0.7914396329222828,0.8965321205230244,0.8407143673127452
483,dt_d6_s40_l50_w0.8.pkl,6,40,50,0.8,0.8393249367475741,0.9043738765727981,0.8706360765426046,0.7792595679655484,0.9111508162105092,0.8400599026581804
484,dt_d6_s40_l50_w0.9.pkl,6,40,50,0.9,0.840076910215683,0.9031455961653685,0.8704703606386972,0.7802534465951817,0.9100950215219686,0.8401874414245548
485,dt_d6_s40_l50_w1.0.pkl,6,40,50,1.0,0.8177081983359685,0.9451168364289994,0.8768082711468712,0.7623678370969847,0.9486721351417201,0.8453772390085037
486,dt_d6_s40_l60_w0.2.pkl,6,40,60,0.2,0.9091989642144586,0.6416417016177351,0.7523403059521928,0.866938950988822,0.6550799967514009,0.746264514039876
487,dt_d6_s40_l60_w0.3.pkl,6,40,60,0.3,0.8955882898593744,0.72309766327142,0.8001524920853292,0.8492780624126688,0.7404369365711038,0.7911315515446026
488,dt_d6_s40_l60_w0.4.pkl,6,40,60,0.4,0.8944982864723441,0.7272019173157579,0.8022208635589999,0.8473338878107384,0.744660115325266,0.7926860897380479
489,dt_d6_s40_l60_w0.5.pkl,6,40,60,0.5,0.8594317453535569,0.8436488915518274,0.8514671867204862,0.8066146072576941,0.8556809875741087,0.8304236453201971
490,dt_d6_s40_l60_w0.6.pkl,6,40,60,0.6,0.8424420909554284,0.8912522468544039,0.8661600722042682,0.7917684240770004,0.8952326809063591,0.8403278063655422
491,dt_d6_s40_l60_w0.7.pkl,6,40,60,0.7,0.84207997739155,0.8926602756141402,0.8666327346760707,0.7914396329222828,0.8965321205230244,0.8407143673127452
492,dt_d6_s40_l60_w0.8.pkl,6,40,60,0.8,0.8397516219753293,0.9034751348112642,0.8704486744692826,0.779720036214221,0.9092828717615529,0.8395320935812838
493,dt_d6_s40_l60_w0.9.pkl,6,40,60,0.9,0.8399687961440949,0.9032055122828041,0.8704401426241104,0.7794035674470458,0.908470722001137,0.8390024376523533
494,dt_d6_s40_l60_w1.0.pkl,6,40,60,1.0,0.8180378925512588,0.9442480527261834,0.8766235572243082,0.7617677824267782,0.9463169008365142,0.8440725850266217
495,dt_d6_s60_l20_w0.2.pkl,6,60,20,0.2,0.9090450571620713,0.6479328939484721,0.756594136990135,0.865908124202467,0.6613335499066028,0.749919417967491
496,dt_d6_s60_l20_w0.3.pkl,6,60,20,0.3,0.8957916574053494,0.724415817855003,0.8010401828601716,0.8489583333333334,0.7413303013075612,0.7915022761760243
497,dt_d6_s60_l20_w0.4.pkl,6,60,20,0.4,0.8939083321130473,0.7315158777711205,0.8045999736391195,0.8433061486300742,0.7474214245106797,0.7924739516059588
498,dt_d6_s60_l20_w0.5.pkl,6,60,20,0.5,0.8606079120207729,0.8439784301977232,0.8522120547530817,0.8059952588514185,0.856005847478275,0.8302481291847184
499,dt_d6_s60_l20_w0.6.pkl,6,60,20,0.6,0.8420622392603451,0.8949370880766926,0.8676948995004067,0.7896802740508135,0.8986437099001056,0.8406457739791073
500,dt_d6_s60_l20_w0.7.pkl,6,60,20,0.7,0.8417792792792793,0.895745955662073,0.8679245283018868,0.7892300021369043,0.8998619345407293,0.840922890103218
501,dt_d6_s60_l20_w0.8.pkl,6,60,20,0.8,0.8402795178039477,0.9041941282204913,0.8710659605477713,0.7788875017339437,0.9120441809469666,0.8402229621039243
502,dt_d6_s60_l20_w0.9.pkl,6,60,20,0.9,0.8407886664063807,0.9032055122828041,0.8708801525174037,0.7795762417506078,0.911394461138634,0.8403474614347761
503,dt_d6_s60_l20_w1.0.pkl,6,60,20,1.0,0.8170253393198121,0.9485620131815459,0.8778939196495411,0.7590275526742302,0.9508649394948429,0.8441848727377604
504,dt_d6_s60_l30_w0.2.pkl,6,60,30,0.2,0.9089382425794533,0.6485919712402636,0.7570062413678561,0.8655194391332058,0.6617396247868107,0.750034519261748
505,dt_d6_s60_l30_w0.3.pkl,6,60,30,0.3,0.8959940652818991,0.7236668663870581,0.8006629101756711,0.8491250930752048,0.7409242264273532,0.7913431929565858
506,dt_d6_s60_l30_w0.4.pkl,6,60,30,0.4,0.894213845702552,0.7305871779508688,0.8041614456242169,0.8464157541179719,0.7470153496304719,0.7936151855047455
507,dt_d6_s60_l30_w0.5.pkl,6,60,30,0.5,0.8604409698894522,0.8440982624325943,0.8521912712095091,0.8075390744713454,0.856005847478275,0.8310664301202444
508,dt_d6_s60_l30_w0.6.pkl,6,60,30,0.6,0.8418798602501972,0.8951467944877172,0.8676965965849692,0.7909882890602685,0.8996182896126046,0.8418132765892768
509,dt_d6_s60_l30_w0.7.pkl,6,60,30,0.7,0.8418321299638989,0.8941881366087477,0.8672206403626009,0.7912857142857143,0.8996995045886461,0.8420172538289059
510,dt_d6_s60_l30_w0.8.pkl,6,60,30,0.8,0.8404169337532399,0.9033852606351108,0.8707642107390884,0.7808609778148689,0.9118817509948834,0.8413007642739397
511,dt_d6_s60_l30_w0.9.pkl,6,60,30,0.9,0.8400356218517797,0.9042840023966447,0.8709765844791021,0.7786947777238366,0.9118817509948834,0.8400418973514888
512,dt_d6_s60_l30_w1.0.pkl,6,60,30,1.0,0.8172535029212553,0.9470641102456561,0.8773833643251644,0.7601065904068633,0.9498091448063023,0.844434817141413
513,dt_d6_s60_l40_w0.2.pkl,6,60,40,0.2,0.9091638513513514,0.6449670461354104,0.754609183315808,0.8663816141101015,0.6582473808170226,0.7481078087502308
514,dt_d6_s60_l40_w0.3.pkl,6,60,40,0.3,0.8959114709049724,0.7227681246255243,0.8000795901109287,0.8490214352283317,0.7398684317388127,0.7906956559475763
515,dt_d6_s60_l40_w0.4.pkl,6,60,40,0.4,0.8946360153256705,0.727501497902936,0.8024585288480602,0.8477255917159763,0.744660115325266,0.792857451684033
516,dt_d6_s60_l40_w0.5.pkl,6,60,40,0.5,0.859657149829185,0.8443079688436189,0.8519134272414002,0.8068416622024949,0.8562494924063997,0.8308116627265564
517,dt_d6_s60_l40_w0.6.pkl,6,60,40,0.6,0.8420027109454422,0.8932594367884961,0.8668740551226887,0.7911142959512719,0.8966133354990661,0.8405664687071722
518,dt_d6_s60_l40_w0.7.pkl,6,60,40,0.7,0.8420101637492942,0.8934691431995206,0.8669767441860465,0.7914457658690357,0.8971818403313571,0.8410033877659777
519,dt_d6_s60_l40_w0.8.pkl,6,60,40,0.8,0.8405332292160527,0.9029059316956262,0.8706038678741136,0.7811149825783972,0.9103386664500934,0.8407906087086975
520,dt_d6_s60_l40_w0.9.pkl,6,60,40,0.9,0.8412343470483006,0.9016177351707609,0.8703800104112441,0.7813765182186235,0.9091204418094697,0.8404219377604264
521,dt_d6_s60_l40_w1.0.pkl,6,60,40,1.0,0.8173656567747277,0.9464349910125824,0.8771778817453596,0.761690764621597,0.9498091448063023,0.8454115010662522
522,dt_d6_s60_l50_w0.2.pkl,6,60,50,0.2,0.9091254913563549,0.6443678849610546,0.7541857325689441,0.8663313356164384,0.6574352310566068,0.7475642979175324
523,dt_d6_s60_l50_w0.3.pkl,6,60,50,0.3,0.895708027029034,0.7227381665668065,0.7999801041217628,0.8490724340449334,0.7397060017867295,0.790625
524,dt_d6_s60_l50_w0.4.pkl,6,60,50,0.4,0.8946165191740413,0.7268424206111443,0.8020495867768596,0.8471284564875613,0.7439291805408917,0.79218195969904
525,dt_d6_s60_l50_w0.5.pkl,6,60,50,0.5,0.8594317453535569,0.8436488915518274,0.8514671867204862,0.8066146072576941,0.8556809875741087,0.8304236453201971
526,dt_d6_s60_l50_w0.6.pkl,6,60,50,0.6,0.8424420909554284,0.8912522468544039,0.8661600722042682,0.7917684240770004,0.8952326809063591,0.8403278063655422
527,dt_d6_s60_l50_w0.7.pkl,6,60,50,0.7,0.84207997739155,0.8926602756141402,0.8666327346760707,0.7914396329222828,0.8965321205230244,0.8407143673127452
528,dt_d6_s60_l50_w0.8.pkl,6,60,50,0.8,0.8393249367475741,0.9043738765727981,0.8706360765426046,0.7792595679655484,0.9111508162105092,0.8400599026581804
529,dt_d6_s60_l50_w0.9.pkl,6,60,50,0.9,0.840076910215683,0.9031455961653685,0.8704703606386972,0.7802534465951817,0.9100950215219686,0.8401874414245548
530,dt_d6_s60_l50_w1.0.pkl,6,60,50,1.0,0.8177081983359685,0.9451168364289994,0.8768082711468712,0.7623678370969847,0.9486721351417201,0.8453772390085037
531,dt_d6_s60_l60_w0.2.pkl,6,60,60,0.2,0.9091989642144586,0.6416417016177351,0.7523403059521928,0.866938950988822,0.6550799967514009,0.746264514039876
532,dt_d6_s60_l60_w0.3.pkl,6,60,60,0.3,0.8955882898593744,0.72309766327142,0.8001524920853292,0.8492780624126688,0.7404369365711038,0.7911315515446026
533,dt_d6_s60_l60_w0.4.pkl,6,60,60,0.4,0.8944982864723441,0.7272019173157579,0.8022208635589999,0.8473338878107384,0.744660115325266,0.7926860897380479
534,dt_d6_s60_l60_w0.5.pkl,6,60,60,0.5,0.8594317453535569,0.8436488915518274,0.8514671867204862,0.8066146072576941,0.8556809875741087,0.8304236453201971
535,dt_d6_s60_l60_w0.6.pkl,6,60,60,0.6,0.8424420909554284,0.8912522468544039,0.8661600722042682,0.7917684240770004,0.8952326809063591,0.8403278063655422
536,dt_d6_s60_l60_w0.7.pkl,6,60,60,0.7,0.84207997739155,0.8926602756141402,0.8666327346760707,0.7914396329222828,0.8965321205230244,0.8407143673127452
537,dt_d6_s60_l60_w0.8.pkl,6,60,60,0.8,0.8397516219753293,0.9034751348112642,0.8704486744692826,0.779720036214221,0.9092828717615529,0.8395320935812838
538,dt_d6_s60_l60_w0.9.pkl,6,60,60,0.9,0.8399687961440949,0.9032055122828041,0.8704401426241104,0.7794035674470458,0.908470722001137,0.8390024376523533
539,dt_d6_s60_l60_w1.0.pkl,6,60,60,1.0,0.8180378925512588,0.9442480527261834,0.8766235572243082,0.7617677824267782,0.9463169008365142,0.8440725850266217
540,dt_d6_s80_l20_w0.2.pkl,6,80,20,0.2,0.9089339845065678,0.6467645296584781,0.7557585941328853,0.8663181478715459,0.6594656054576464,0.7488702388637831
541,dt_d6_s80_l20_w0.3.pkl,6,80,20,0.3,0.8959554730983302,0.7233672857998802,0.8004641140394497,0.8492588794630372,0.7398684317388127,0.7907986111111112
542,dt_d6_s80_l20_w0.4.pkl,6,80,20,0.4,0.8943617998163452,0.7294487717195925,0.8035310617935814,0.8443994850101159,0.7457159100138065,0.7919955147280804
543,dt_d6_s80_l20_w0.5.pkl,6,80,20,0.5,0.8605632510778828,0.8431096464949072,0.8517470453823223,0.8059129901960784,0.8545439779095265,0.8295163388387402
544,dt_d6_s80_l20_w0.6.pkl,6,80,20,0.6,0.841867809609745,0.8944278010784901,0.8673522747080356,0.7897857142857143,0.8979939900917729,0.8404210846349713
545,dt_d6_s80_l20_w0.7.pkl,6,80,20,0.7,0.841478855406432,0.8959556620730976,0.8678632056992789,0.7891626317288521,0.9001055794688541,0.8409910080813446
546,dt_d6_s80_l20_w0.8.pkl,6,80,20,0.8,0.839983305509182,0.9044038346315159,0.871004039238315,0.7788254870692644,0.9122878258750914,0.8402902453620587
547,dt_d6_s80_l20_w0.9.pkl,6,80,20,0.9,0.8407886664063807,0.9032055122828041,0.8708801525174037,0.7795762417506078,0.911394461138634,0.8403474614347761
548,dt_d6_s80_l20_w1.0.pkl,6,80,20,1.0,0.8171323795258509,0.9479029358897544,0.877673296163768,0.759133086756213,0.9501340047104686,0.84396191025826
549,dt_d6_s80_l30_w0.2.pkl,6,80,30,0.2,0.9089339845065678,0.6467645296584781,0.7557585941328853,0.8663181478715459,0.6594656054576464,0.7488702388637831
550,dt_d6_s80_l30_w0.3.pkl,6,80,30,0.3,0.8961584187843662,0.7226183343319353,0.8000862412100305,0.8494262524489224,0.7394623568586047,0.7906391108023619
551,dt_d6_s80_l30_w0.4.pkl,6,80,30,0.4,0.8945897237853544,0.72866986219293,0.8031501263022338,0.8472401698357024,0.7454722650856818,0.7931049380049251
552,dt_d6_s80_l30_w0.5.pkl,6,80,30,0.5,0.8599194483431989,0.8443079688436189,0.8520422045530127,0.8069208390751799,0.856005847478275,0.8307389162561576
553,dt_d6_s80_l30_w0.6.pkl,6,80,30,0.6,0.8416678405409213,0.8949970041941282,0.867513611615245,0.7909402686481852,0.8990497847803135,0.8415371165760767
554,dt_d6_s80_l30_w0.7.pkl,6,80,30,0.7,0.8415046491969569,0.8946974236069503,0.8672861913750545,0.7910628881433365,0.9000243644928124,0.8420332801458855
555,dt_d6_s80_l30_w0.8.pkl,6,80,30,0.8,0.8400946679660309,0.9038945476333133,0.8708276210404791,0.780650542118432,0.9122066108990498,0.8413168046140594
556,dt_d6_s80_l30_w0.9.pkl,6,80,30,0.9,0.8400356218517797,0.9042840023966447,0.8709765844791021,0.7786947777238366,0.9118817509948834,0.8400418973514888
557,dt_d6_s80_l30_w1.0.pkl,6,80,30,1.0,0.8173609314359638,0.9464050329538646,0.8771622934888241,0.7602133749674733,0.949078210021928,0.844211666967672
558,dt_d6_s80_l40_w0.2.pkl,6,80,40,0.2,0.9091638513513514,0.6449670461354104,0.754609183315808,0.8663816141101015,0.6582473808170226,0.7481078087502308
559,dt_d6_s80_l40_w0.3.pkl,6,80,40,0.3,0.8959114709049724,0.7227681246255243,0.8000795901109287,0.8490214352283317,0.7398684317388127,0.7906956559475763
560,dt_d6_s80_l40_w0.4.pkl,6,80,40,0.4,0.8946360153256705,0.727501497902936,0.8024585288480602,0.8477255917159763,0.744660115325266,0.792857451684033
561,dt_d6_s80_l40_w0.5.pkl,6,80,40,0.5,0.859657149829185,0.8443079688436189,0.8519134272414002,0.8068416622024949,0.8562494924063997,0.8308116627265564
562,dt_d6_s80_l40_w0.6.pkl,6,80,40,0.6,0.8420027109454422,0.8932594367884961,0.8668740551226887,0.7911142959512719,0.8966133354990661,0.8405664687071722
563,dt_d6_s80_l40_w0.7.pkl,6,80,40,0.7,0.8420101637492942,0.8934691431995206,0.8669767441860465,0.7914457658690357,0.8971818403313571,0.8410033877659777
564,dt_d6_s80_l40_w0.8.pkl,6,80,40,0.8,0.8405332292160527,0.9029059316956262,0.8706038678741136,0.7811149825783972,0.9103386664500934,0.8407906087086975
565,dt_d6_s80_l40_w0.9.pkl,6,80,40,0.9,0.8412343470483006,0.9016177351707609,0.8703800104112441,0.7813765182186235,0.9091204418094697,0.8404219377604264
566,dt_d6_s80_l40_w1.0.pkl,6,80,40,1.0,0.8173656567747277,0.9464349910125824,0.8771778817453596,0.761690764621597,0.9498091448063023,0.8454115010662522
567,dt_d6_s80_l50_w0.2.pkl,6,80,50,0.2,0.9091254913563549,0.6443678849610546,0.7541857325689441,0.8663313356164384,0.6574352310566068,0.7475642979175324
568,dt_d6_s80_l50_w0.3.pkl,6,80,50,0.3,0.895708027029034,0.7227381665668065,0.7999801041217628,0.8490724340449334,0.7397060017867295,0.790625
569,dt_d6_s80_l50_w0.4.pkl,6,80,50,0.4,0.8946165191740413,0.7268424206111443,0.8020495867768596,0.8471284564875613,0.7439291805408917,0.79218195969904
570,dt_d6_s80_l50_w0.5.pkl,6,80,50,0.5,0.8594317453535569,0.8436488915518274,0.8514671867204862,0.8066146072576941,0.8556809875741087,0.8304236453201971
571,dt_d6_s80_l50_w0.6.pkl,6,80,50,0.6,0.8424420909554284,0.8912522468544039,0.8661600722042682,0.7917684240770004,0.8952326809063591,0.8403278063655422
572,dt_d6_s80_l50_w0.7.pkl,6,80,50,0.7,0.84207997739155,0.8926602756141402,0.8666327346760707,0.7914396329222828,0.8965321205230244,0.8407143673127452
573,dt_d6_s80_l50_w0.8.pkl,6,80,50,0.8,0.8393249367475741,0.9043738765727981,0.8706360765426046,0.7792595679655484,0.9111508162105092,0.8400599026581804
574,dt_d6_s80_l50_w0.9.pkl,6,80,50,0.9,0.840076910215683,0.9031455961653685,0.8704703606386972,0.7802534465951817,0.9100950215219686,0.8401874414245548
575,dt_d6_s80_l50_w1.0.pkl,6,80,50,1.0,0.8177081983359685,0.9451168364289994,0.8768082711468712,0.7623678370969847,0.9486721351417201,0.8453772390085037
576,dt_d6_s80_l60_w0.2.pkl,6,80,60,0.2,0.9091989642144586,0.6416417016177351,0.7523403059521928,0.866938950988822,0.6550799967514009,0.746264514039876
577,dt_d6_s80_l60_w0.3.pkl,6,80,60,0.3,0.8955882898593744,0.72309766327142,0.8001524920853292,0.8492780624126688,0.7404369365711038,0.7911315515446026
578,dt_d6_s80_l60_w0.4.pkl,6,80,60,0.4,0.8944982864723441,0.7272019173157579,0.8022208635589999,0.8473338878107384,0.744660115325266,0.7926860897380479
579,dt_d6_s80_l60_w0.5.pkl,6,80,60,0.5,0.8594317453535569,0.8436488915518274,0.8514671867204862,0.8066146072576941,0.8556809875741087,0.8304236453201971
580,dt_d6_s80_l60_w0.6.pkl,6,80,60,0.6,0.8424420909554284,0.8912522468544039,0.8661600722042682,0.7917684240770004,0.8952326809063591,0.8403278063655422
581,dt_d6_s80_l60_w0.7.pkl,6,80,60,0.7,0.84207997739155,0.8926602756141402,0.8666327346760707,0.7914396329222828,0.8965321205230244,0.8407143673127452
582,dt_d6_s80_l60_w0.8.pkl,6,80,60,0.8,0.8397516219753293,0.9034751348112642,0.8704486744692826,0.779720036214221,0.9092828717615529,0.8395320935812838
583,dt_d6_s80_l60_w0.9.pkl,6,80,60,0.9,0.8399687961440949,0.9032055122828041,0.8704401426241104,0.7794035674470458,0.908470722001137,0.8390024376523533
584,dt_d6_s80_l60_w1.0.pkl,6,80,60,1.0,0.8180378925512588,0.9442480527261834,0.8766235572243082,0.7617677824267782,0.9463169008365142,0.8440725850266217
585,dt_d6_s100_l20_w0.2.pkl,6,100,20,0.2,0.9089339845065678,0.6467645296584781,0.7557585941328853,0.8663181478715459,0.6594656054576464,0.7488702388637831
586,dt_d6_s100_l20_w0.3.pkl,6,100,20,0.3,0.895605414426108,0.7234871180347513,0.800397713149391,0.8491058122205664,0.7403557215950621,0.7910104559850752
587,dt_d6_s100_l20_w0.4.pkl,6,100,20,0.4,0.8943460039702963,0.7288196524865189,0.8031428477105411,0.8442645570784656,0.7453910501096402,0.7917529330572809
588,dt_d6_s100_l20_w0.5.pkl,6,100,20,0.5,0.8603056006369232,0.841671659676453,0.8508866241652407,0.8058877644894205,0.8537318281491107,0.8291201640572623
589,dt_d6_s100_l20_w0.6.pkl,6,100,20,0.6,0.8425401856463663,0.8919113241461953,0.866523080505268,0.790631043621517,0.8964509055469828,0.8402222729694755
590,dt_d6_s100_l20_w0.7.pkl,6,100,20,0.7,0.841701887855734,0.8949071300179748,0.8674894729199942,0.7896163172158037,0.8992122147323967,0.8408581735333207
591,dt_d6_s100_l20_w0.8.pkl,6,100,20,0.8,0.8394698085419735,0.9050329538645896,0.8710193607911543,0.7780085860684116,0.9125314708032161,0.8399177723789946
592,dt_d6_s100_l20_w0.9.pkl,6,100,20,0.9,0.8402729424871188,0.9038346315158777,0.870895576243054,0.7787567642569724,0.9116381060667587,0.8399745575635126
593,dt_d6_s100_l20_w1.0.pkl,6,100,20,1.0,0.8171323795258509,0.9479029358897544,0.877673296163768,0.759133086756213,0.9501340047104686,0.84396191025826
594,dt_d6_s100_l30_w0.2.pkl,6,100,30,0.2,0.9089339845065678,0.6467645296584781,0.7557585941328853,0.8663181478715459,0.6594656054576464,0.7488702388637831
595,dt_d6_s100_l30_w0.3.pkl,6,100,30,0.3,0.895605414426108,0.7234871180347513,0.800397713149391,0.8491058122205664,0.7403557215950621,0.7910104559850752
596,dt_d6_s100_l30_w0.4.pkl,6,100,30,0.4,0.8944851182811523,0.7283702816057519,0.8029259754627566,0.8468850946008306,0.7452286201575571,0.7928114739934335
597,dt_d6_s100_l30_w0.5.pkl,6,100,30,0.5,0.8597000336011241,0.8431396045536249,0.8513392924663854,0.806849524977015,0.8552749126939008,0.8303567908535383
598,dt_d6_s100_l30_w0.6.pkl,6,100,30,0.6,0.8422272470322216,0.892690233672858,0.8667248400232693,0.7915503043322593,0.8977503451636482,0.841312124210366
599,dt_d6_s100_l30_w0.7.pkl,6,100,30,0.7,0.8417280397302407,0.8936488915518275,0.8669117540214185,0.7915206977908057,0.899130999756355,0.8419011406844107
600,dt_d6_s100_l30_w0.8.pkl,6,100,30,0.8,0.8395806684833992,0.9045236668663871,0.8708430676934614,0.7798292496702992,0.9124502558271745,0.8409431137724551
601,dt_d6_s100_l30_w0.9.pkl,6,100,30,0.9,0.8395219566425792,0.9049131216297184,0.8709919261822376,0.7778778224130766,0.9121253959230082,0.8396695450637359
602,dt_d6_s100_l30_w1.0.pkl,6,100,30,1.0,0.8173609314359638,0.9464050329538646,0.8771622934888241,0.7602133749674733,0.949078210021928,0.844211666967672
603,dt_d6_s100_l40_w0.2.pkl,6,100,40,0.2,0.9091638513513514,0.6449670461354104,0.754609183315808,0.8663816141101015,0.6582473808170226,0.7481078087502308
604,dt_d6_s100_l40_w0.3.pkl,6,100,40,0.3,0.895708027029034,0.7227381665668065,0.7999801041217628,0.8490724340449334,0.7397060017867295,0.790625
605,dt_d6_s100_l40_w0.4.pkl,6,100,40,0.4,0.8945429087291352,0.7272917914919114,0.8022934946050001,0.8473056659580368,0.7444976853731828,0.7925817049974062
606,dt_d6_s100_l40_w0.5.pkl,6,100,40,0.5,0.8594317453535569,0.8436488915518274,0.8514671867204862,0.8066146072576941,0.8556809875741087,0.8304236453201971
607,dt_d6_s100_l40_w0.6.pkl,6,100,40,0.6,0.8424420909554284,0.8912522468544039,0.8661600722042682,0.7917684240770004,0.8952326809063591,0.8403278063655422
608,dt_d6_s100_l40_w0.7.pkl,6,100,40,0.7,0.8422347253244367,0.8924206111443979,0.8666016960246694,0.7919058553386912,0.8962884755948997,0.8408701283858433
609,dt_d6_s100_l40_w0.8.pkl,6,100,40,0.8,0.8394759533809908,0.9041342121030557,0.8706062223247898,0.7797010775112965,0.9109071712823845,0.840212750018728
610,dt_d6_s100_l40_w0.9.pkl,6,100,40,0.9,0.8401728463897408,0.9028460155781906,0.8703826714801444,0.7799596128403314,0.9096889466417607,0.8398440428882057
611,dt_d6_s100_l40_w1.0.pkl,6,100,40,1.0,0.8173656567747277,0.9464349910125824,0.8771778817453596,0.761690764621597,0.9498091448063023,0.8454115010662522
612,dt_d6_s100_l50_w0.2.pkl,6,100,50,0.2,0.9091254913563549,0.6443678849610546,0.7541857325689441,0.8663313356164384,0.6574352310566068,0.7475642979175324
613,dt_d6_s100_l50_w0.3.pkl,6,100,50,0.3,0.895708027029034,0.7227381665668065,0.7999801041217628,0.8490724340449334,0.7397060017867295,0.790625
614,dt_d6_s100_l50_w0.4.pkl,6,100,50,0.4,0.8946165191740413,0.7268424206111443,0.8020495867768596,0.8471284564875613,0.7439291805408917,0.79218195969904
615,dt_d6_s100_l50_w0.5.pkl,6,100,50,0.5,0.8594317453535569,0.8436488915518274,0.8514671867204862,0.8066146072576941,0.8556809875741087,0.8304236453201971
616,dt_d6_s100_l50_w0.6.pkl,6,100,50,0.6,0.8424420909554284,0.8912522468544039,0.8661600722042682,0.7917684240770004,0.8952326809063591,0.8403278063655422
617,dt_d6_s100_l50_w0.7.pkl,6,100,50,0.7,0.84207997739155,0.8926602756141402,0.8666327346760707,0.7914396329222828,0.8965321205230244,0.8407143673127452
618,dt_d6_s100_l50_w0.8.pkl,6,100,50,0.8,0.8393249367475741,0.9043738765727981,0.8706360765426046,0.7792595679655484,0.9111508162105092,0.8400599026581804
619,dt_d6_s100_l50_w0.9.pkl,6,100,50,0.9,0.840076910215683,0.9031455961653685,0.8704703606386972,0.7802534465951817,0.9100950215219686,0.8401874414245548
620,dt_d6_s100_l50_w1.0.pkl,6,100,50,1.0,0.8177081983359685,0.9451168364289994,0.8768082711468712,0.7623678370969847,0.9486721351417201,0.8453772390085037
621,dt_d6_s100_l60_w0.2.pkl,6,100,60,0.2,0.9091989642144586,0.6416417016177351,0.7523403059521928,0.866938950988822,0.6550799967514009,0.746264514039876
622,dt_d6_s100_l60_w0.3.pkl,6,100,60,0.3,0.8955882898593744,0.72309766327142,0.8001524920853292,0.8492780624126688,0.7404369365711038,0.7911315515446026
623,dt_d6_s100_l60_w0.4.pkl,6,100,60,0.4,0.8944982864723441,0.7272019173157579,0.8022208635589999,0.8473338878107384,0.744660115325266,0.7926860897380479
624,dt_d6_s100_l60_w0.5.pkl,6,100,60,0.5,0.8594317453535569,0.8436488915518274,0.8514671867204862,0.8066146072576941,0.8556809875741087,0.8304236453201971
625,dt_d6_s100_l60_w0.6.pkl,6,100,60,0.6,0.8424420909554284,0.8912522468544039,0.8661600722042682,0.7917684240770004,0.8952326809063591,0.8403278063655422
626,dt_d6_s100_l60_w0.7.pkl,6,100,60,0.7,0.84207997739155,0.8926602756141402,0.8666327346760707,0.7914396329222828,0.8965321205230244,0.8407143673127452
627,dt_d6_s100_l60_w0.8.pkl,6,100,60,0.8,0.8397516219753293,0.9034751348112642,0.8704486744692826,0.779720036214221,0.9092828717615529,0.8395320935812838
628,dt_d6_s100_l60_w0.9.pkl,6,100,60,0.9,0.8399687961440949,0.9032055122828041,0.8704401426241104,0.7794035674470458,0.908470722001137,0.8390024376523533
629,dt_d6_s100_l60_w1.0.pkl,6,100,60,1.0,0.8180378925512588,0.9442480527261834,0.8766235572243082,0.7617677824267782,0.9463169008365142,0.8440725850266217
630,dt_d6_s120_l20_w0.2.pkl,6,120,20,0.2,0.90892585711873,0.6449071300179748,0.754486190943502,0.866652397260274,0.6576788759847316,0.7478413445998984
631,dt_d6_s120_l20_w0.3.pkl,6,120,20,0.3,0.895605414426108,0.7234871180347513,0.800397713149391,0.8491058122205664,0.7403557215950621,0.7910104559850752
632,dt_d6_s120_l20_w0.4.pkl,6,120,20,0.4,0.8943460039702963,0.7288196524865189,0.8031428477105411,0.8442645570784656,0.7453910501096402,0.7917529330572809
633,dt_d6_s120_l20_w0.5.pkl,6,120,20,0.5,0.8603056006369232,0.841671659676453,0.8508866241652407,0.8058877644894205,0.8537318281491107,0.8291201640572623
634,dt_d6_s120_l20_w0.6.pkl,6,120,20,0.6,0.8425401856463663,0.8919113241461953,0.866523080505268,0.790631043621517,0.8964509055469828,0.8402222729694755
635,dt_d6_s120_l20_w0.7.pkl,6,120,20,0.7,0.841701887855734,0.8949071300179748,0.8674894729199942,0.7896163172158037,0.8992122147323967,0.8408581735333207
636,dt_d6_s120_l20_w0.8.pkl,6,120,20,0.8,0.8394698085419735,0.9050329538645896,0.8710193607911543,0.7780085860684116,0.9125314708032161,0.8399177723789946
637,dt_d6_s120_l20_w0.9.pkl,6,120,20,0.9,0.8402729424871188,0.9038346315158777,0.870895576243054,0.7787567642569724,0.9116381060667587,0.8399745575635126
638,dt_d6_s120_l20_w1.0.pkl,6,120,20,1.0,0.8171323795258509,0.9479029358897544,0.877673296163768,0.759133086756213,0.9501340047104686,0.84396191025826
639,dt_d6_s120_l30_w0.2.pkl,6,120,30,0.2,0.90892585711873,0.6449071300179748,0.754486190943502,0.866652397260274,0.6576788759847316,0.7478413445998984
640,dt_d6_s120_l30_w0.3.pkl,6,120,30,0.3,0.895605414426108,0.7234871180347513,0.800397713149391,0.8491058122205664,0.7403557215950621,0.7910104559850752
641,dt_d6_s120_l30_w0.4.pkl,6,120,30,0.4,0.8944851182811523,0.7283702816057519,0.8029259754627566,0.8468850946008306,0.7452286201575571,0.7928114739934335
642,dt_d6_s120_l30_w0.5.pkl,6,120,30,0.5,0.8597000336011241,0.8431396045536249,0.8513392924663854,0.806849524977015,0.8552749126939008,0.8303567908535383
643,dt_d6_s120_l30_w0.6.pkl,6,120,30,0.6,0.8422272470322216,0.892690233672858,0.8667248400232693,0.7915503043322593,0.8977503451636482,0.841312124210366
644,dt_d6_s120_l30_w0.7.pkl,6,120,30,0.7,0.8411638780913752,0.8946375074895146,0.8670770302836736,0.7908902691511387,0.8996995045886461,0.8417933130699088
645,dt_d6_s120_l30_w0.8.pkl,6,120,30,0.8,0.8389952817096864,0.9056021569802277,0.8710272295058349,0.7792333818534692,0.9130187606594656,0.8408376963350785
646,dt_d6_s120_l30_w0.9.pkl,6,120,30,0.9,0.8395219566425792,0.9049131216297184,0.8709919261822376,0.7778778224130766,0.9121253959230082,0.8396695450637359
647,dt_d6_s120_l30_w1.0.pkl,6,120,30,1.0,0.8173609314359638,0.9464050329538646,0.8771622934888241,0.7602133749674733,0.949078210021928,0.844211666967672
648,dt_d6_s120_l40_w0.2.pkl,6,120,40,0.2,0.909183284643719,0.6433193529059317,0.7534869032790049,0.8667309960330224,0.6565418663201494,0.7471349353049908
649,dt_d6_s120_l40_w0.3.pkl,6,120,40,0.3,0.895708027029034,0.7227381665668065,0.7999801041217628,0.8490724340449334,0.7397060017867295,0.790625
650,dt_d6_s120_l40_w0.4.pkl,6,120,40,0.4,0.8945429087291352,0.7272917914919114,0.8022934946050001,0.8473056659580368,0.7444976853731828,0.7925817049974062
651,dt_d6_s120_l40_w0.5.pkl,6,120,40,0.5,0.8594317453535569,0.8436488915518274,0.8514671867204862,0.8066146072576941,0.8556809875741087,0.8304236453201971
652,dt_d6_s120_l40_w0.6.pkl,6,120,40,0.6,0.8424420909554284,0.8912522468544039,0.8661600722042682,0.7917684240770004,0.8952326809063591,0.8403278063655422
653,dt_d6_s120_l40_w0.7.pkl,6,120,40,0.7,0.8417353505701705,0.8933792690233673,0.86678874549471,0.7912725709372312,0.8968569804271908,0.840762876394229
654,dt_d6_s120_l40_w0.8.pkl,6,120,40,0.8,0.8389559905594891,0.9051827441581786,0.8708120181569278,0.7791044776119403,0.9114756761146755,0.8401077924994386
655,dt_d6_s120_l40_w0.9.pkl,6,120,40,0.9,0.8401728463897408,0.9028460155781906,0.8703826714801444,0.7799596128403314,0.9096889466417607,0.8398440428882057
656,dt_d6_s120_l40_w1.0.pkl,6,120,40,1.0,0.8176167413431406,0.9457459556620731,0.8770262949535359,0.7621967127576311,0.949078210021928,0.8454331705552541
657,dt_d6_s120_l50_w0.2.pkl,6,120,50,0.2,0.9091833276855303,0.6430197723187537,0.7532813925738752,0.8667167059832726,0.6564606513441078,0.7470770368316466
658,dt_d6_s120_l50_w0.3.pkl,6,120,50,0.3,0.895708027029034,0.7227381665668065,0.7999801041217628,0.8490724340449334,0.7397060017867295,0.790625
659,dt_d6_s120_l50_w0.4.pkl,6,120,50,0.4,0.8946165191740413,0.7268424206111443,0.8020495867768596,0.8471284564875613,0.7439291805408917,0.79218195969904
660,dt_d6_s120_l50_w0.5.pkl,6,120,50,0.5,0.8594317453535569,0.8436488915518274,0.8514671867204862,0.8066146072576941,0.8556809875741087,0.8304236453201971
661,dt_d6_s120_l50_w0.6.pkl,6,120,50,0.6,0.8424420909554284,0.8912522468544039,0.8661600722042682,0.7917684240770004,0.8952326809063591,0.8403278063655422
662,dt_d6_s120_l50_w0.7.pkl,6,120,50,0.7,0.84207997739155,0.8926602756141402,0.8666327346760707,0.7914396329222828,0.8965321205230244,0.8407143673127452
663,dt_d6_s120_l50_w0.8.pkl,6,120,50,0.8,0.8393249367475741,0.9043738765727981,0.8706360765426046,0.7792595679655484,0.9111508162105092,0.8400599026581804
664,dt_d6_s120_l50_w0.9.pkl,6,120,50,0.9,0.840076910215683,0.9031455961653685,0.8704703606386972,0.7802534465951817,0.9100950215219686,0.8401874414245548
665,dt_d6_s120_l50_w1.0.pkl,6,120,50,1.0,0.8177081983359685,0.9451168364289994,0.8768082711468712,0.7623678370969847,0.9486721351417201,0.8453772390085037
666,dt_d6_s120_l60_w0.2.pkl,6,120,60,0.2,0.9091989642144586,0.6416417016177351,0.7523403059521928,0.866938950988822,0.6550799967514009,0.746264514039876
667,dt_d6_s120_l60_w0.3.pkl,6,120,60,0.3,0.8955882898593744,0.72309766327142,0.8001524920853292,0.8492780624126688,0.7404369365711038,0.7911315515446026
668,dt_d6_s120_l60_w0.4.pkl,6,120,60,0.4,0.8944982864723441,0.7272019173157579,0.8022208635589999,0.8473338878107384,0.744660115325266,0.7926860897380479
669,dt_d6_s120_l60_w0.5.pkl,6,120,60,0.5,0.8594317453535569,0.8436488915518274,0.8514671867204862,0.8066146072576941,0.8556809875741087,0.8304236453201971
670,dt_d6_s120_l60_w0.6.pkl,6,120,60,0.6,0.8424420909554284,0.8912522468544039,0.8661600722042682,0.7917684240770004,0.8952326809063591,0.8403278063655422
671,dt_d6_s120_l60_w0.7.pkl,6,120,60,0.7,0.84207997739155,0.8926602756141402,0.8666327346760707,0.7914396329222828,0.8965321205230244,0.8407143673127452
672,dt_d6_s120_l60_w0.8.pkl,6,120,60,0.8,0.8397516219753293,0.9034751348112642,0.8704486744692826,0.779720036214221,0.9092828717615529,0.8395320935812838
673,dt_d6_s120_l60_w0.9.pkl,6,120,60,0.9,0.8399687961440949,0.9032055122828041,0.8704401426241104,0.7794035674470458,0.908470722001137,0.8390024376523533
674,dt_d6_s120_l60_w1.0.pkl,6,120,60,1.0,0.8180378925512588,0.9442480527261834,0.8766235572243082,0.7617677824267782,0.9463169008365142,0.8440725850266217
675,dt_d7_s40_l20_w0.2.pkl,7,40,20,0.2,0.9332507356357441,0.5415817855002996,0.6854088074159732,0.8986645718774549,0.5574595955494193,0.688085810235076
676,dt_d7_s40_l20_w0.3.pkl,7,40,20,0.3,0.9040417407085334,0.7163271420011983,0.7993113707399422,0.8596082993988753,0.7200519775846667,0.7836655323286339
677,dt_d7_s40_l20_w0.4.pkl,7,40,20,0.4,0.8768062777122078,0.8234571599760335,0.8492947519658886,0.8252957976336189,0.821408267684561,0.8233474438293715
678,dt_d7_s40_l20_w0.5.pkl,7,40,20,0.5,0.8636883961923123,0.858927501497903,0.8613013698630136,0.8119402985074626,0.8615284658491026,0.835999684766333
679,dt_d7_s40_l20_w0.6.pkl,7,40,20,0.6,0.8510571158094036,0.8887657279808269,0.8695027770043523,0.7952971725331794,0.8954763258344839,0.8424189173702105
680,dt_d7_s40_l20_w0.7.pkl,7,40,20,0.7,0.8501544799176107,0.8902935889754344,0.8697611800515102,0.7943420673769076,0.8962072606188581,0.8422056859377981
681,dt_d7_s40_l20_w0.8.pkl,7,40,20,0.8,0.8369053130361374,0.9206710605152786,0.876792057174648,0.778587636663687,0.9195971737188338,0.8432380101280905
682,dt_d7_s40_l20_w0.9.pkl,7,40,20,0.9,0.8353485352592713,0.9251647693229479,0.8779655716499168,0.7793452951650459,0.9242264273532039,0.8456251161062605
683,dt_d7_s40_l20_w1.0.pkl,7,40,20,1.0,0.8297419526469806,0.9343918514080287,0.8789629420882062,0.7749764690063198,0.9361650288313165,0.8479788134034649
684,dt_d7_s40_l30_w0.2.pkl,7,40,30,0.2,0.9339769542198691,0.5390653085680048,0.6835846977928047,0.8988660337552743,0.553642491675465,0.685228928984269
685,dt_d7_s40_l30_w0.3.pkl,7,40,30,0.3,0.9036212964014076,0.7153984421809467,0.798568729412945,0.8595402075856048,0.7196459027044587,0.7833966934842189
686,dt_d7_s40_l30_w0.4.pkl,7,40,30,0.4,0.8763103393340768,0.8239364889155183,0.8493167605960009,0.8270080157042369,0.8211646227564363,0.8240759607155956
687,dt_d7_s40_l30_w0.5.pkl,7,40,30,0.5,0.8636213174445548,0.8597663271420012,0.8616895107414692,0.8144235186035829,0.86396491513035,0.8384630541871921
688,dt_d7_s40_l30_w0.6.pkl,7,40,30,0.6,0.8509409567590863,0.8872678250449371,0.8687247928430006,0.7968003474735775,0.8939332412896939,0.842576644850155
689,dt_d7_s40_l30_w0.7.pkl,7,40,30,0.7,0.8507072967777108,0.8881965248651887,0.8690477935249373,0.7956911509543089,0.8938520263136522,0.8419200611971697
690,dt_d7_s40_l30_w0.8.pkl,7,40,30,0.8,0.8370398668376675,0.9189634511683643,0.8760906507489968,0.7811443163779419,0.9191910988386258,0.8445638385195134
691,dt_d7_s40_l30_w0.9.pkl,7,40,30,0.9,0.8336746793144335,0.9267825044937088,0.877766428328226,0.7778156298971179,0.9271501664907009,0.8459429418303075
692,dt_d7_s40_l30_w1.0.pkl,7,40,30,1.0,0.8317348906986712,0.9301078490113841,0.8781750296996097,0.781143635125936,0.9319418500771542,0.8499055660482169
693,dt_d7_s40_l40_w0.2.pkl,7,40,40,0.2,0.933770355340513,0.5376872378669862,0.6824204863025418,0.8989298454221165,0.5525866969869244,0.6844381852932301
694,dt_d7_s40_l40_w0.3.pkl,7,40,40,0.3,0.9034017728615804,0.7144397843019772,0.7978855097192947,0.8592096320031071,0.7186713229919597,0.7826817618963382
695,dt_d7_s40_l40_w0.4.pkl,7,40,40,0.4,0.8761904761904762,0.8213301378070701,0.8478738209370651,0.8287873808741374,0.8192966783074799,0.8240147028793139
696,dt_d7_s40_l40_w0.5.pkl,7,40,40,0.5,0.8630462937863317,0.8584182144997005,0.8607260329523437,0.8141355229836543,0.8616096808251441,0.8372001262626263
697,dt_d7_s40_l40_w0.6.pkl,7,40,40,0.6,0.8510926598627688,0.8843918514080288,0.8674227955219933,0.7966064666472473,0.8884106229188662,0.8400076790170858
698,dt_d7_s40_l40_w0.7.pkl,7,40,40,0.7,0.8499412152668253,0.8879568603954464,0.8685332512856577,0.7955565204805326,0.8927962316251117,0.8413761432780988
699,dt_d7_s40_l40_w0.8.pkl,7,40,40,0.8,0.8368087777717125,0.9184841222288795,0.875746236681996,0.7812111157196184,0.917810444245919,0.8440195675716046
700,dt_d7_s40_l40_w0.9.pkl,7,40,40,0.9,0.8328403162480503,0.9278010784901138,0.8777598276790523,0.7794378496384227,0.9278811012750752,0.847206258574024
701,dt_d7_s40_l40_w1.0.pkl,7,40,40,1.0,0.8293430734776581,0.9319053325344517,0.8776379641124027,0.7810904635491117,0.9319418500771542,0.8498740927270034
702,dt_d7_s40_l50_w0.2.pkl,7,40,50,0.2,0.9337465492994427,0.5370581186339125,0.6819072253180928,0.898915056893358,0.5517745472265085,0.6838105782295808
703,dt_d7_s40_l50_w0.3.pkl,7,40,50,0.3,0.9039188003205251,0.7096764529658478,0.7951063151358517,0.8605675146771037,0.7142857142857143,0.7806328495983669
704,dt_d7_s40_l50_w0.4.pkl,7,40,50,0.4,0.8758923140945613,0.8197124026363092,0.8468716631331342,0.8289571158120009,0.817916023714773,0.8233995584988962
705,dt_d7_s40_l50_w0.5.pkl,7,40,50,0.5,0.8628390596745027,0.8576692630317555,0.8602463942307692,0.8139016897081414,0.8606351011126452,0.8366162712667272
706,dt_d7_s40_l50_w0.6.pkl,7,40,50,0.6,0.8513053020676908,0.8831336129418814,0.8669274203034937,0.796908043462408,0.8875172581824088,0.8397756090063783
707,dt_d7_s40_l50_w0.7.pkl,7,40,50,0.7,0.8500200930018945,0.887147992810066,0.8681872819490457,0.795553302433372,0.8921465118167791,0.8410857164733356
708,dt_d7_s40_l50_w0.8.pkl,7,40,50,0.8,0.837122042068361,0.9156680647094069,0.8746351513764093,0.7847483619127282,0.9143182002761309,0.8445928204358754
709,dt_d7_s40_l50_w0.9.pkl,7,40,50,0.9,0.8332433162300837,0.9243559017375674,0.8764380059650618,0.7836293542613245,0.9244700722813287,0.8482432281381571
710,dt_d7_s40_l50_w1.0.pkl,7,40,50,1.0,0.8298810637444876,0.9301977231875375,0.8771805918497069,0.782199167292335,0.9307236254365305,0.8500222518914108
711,dt_d7_s40_l60_w0.2.pkl,7,40,60,0.2,0.9339795651034845,0.5340023966446974,0.6795006194605928,0.900599600266489,0.5489320230650532,0.6821071752951862
712,dt_d7_s40_l60_w0.3.pkl,7,40,60,0.3,0.9030494056886796,0.7124026363091671,0.7964764791586422,0.8610110061361644,0.7179403882075854,0.7829937998228521
713,dt_d7_s40_l60_w0.4.pkl,7,40,60,0.4,0.875784150556907,0.8197423606950269,0.8468370883882149,0.8293405779204742,0.8181596686428978,0.8237121831561733
714,dt_d7_s40_l60_w0.5.pkl,7,40,60,0.5,0.8628402616585777,0.8574895146794488,0.860156566946644,0.8139070303495967,0.8603102412084789,0.8364655716993051
715,dt_d7_s40_l60_w0.6.pkl,7,40,60,0.6,0.8513053020676908,0.8831336129418814,0.8669274203034937,0.796908043462408,0.8875172581824088,0.8397756090063783
716,dt_d7_s40_l60_w0.7.pkl,7,40,60,0.7,0.8500200930018945,0.887147992810066,0.8681872819490457,0.795553302433372,0.8921465118167791,0.8410857164733356
717,dt_d7_s40_l60_w0.8.pkl,7,40,60,0.8,0.836217248908297,0.9178849610545237,0.8751499571550986,0.7843382710897837,0.9159424997969625,0.8450472051551027
718,dt_d7_s40_l60_w0.9.pkl,7,40,60,0.9,0.8327899770982082,0.9259736369083283,0.8769132562593092,0.7823784304285026,0.923820352472996,0.8472367049009385
719,dt_d7_s40_l60_w1.0.pkl,7,40,60,1.0,0.828978622327791,0.9305272618334332,0.8768225380739318,0.7743877689081315,0.92966783074799,0.8449529433474811
720,dt_d7_s60_l20_w0.2.pkl,7,60,20,0.2,0.9333643507030603,0.5408927501497903,0.6848873378347622,0.8988454473891367,0.5564038008608787,0.6873338349636318
721,dt_d7_s60_l20_w0.3.pkl,7,60,20,0.3,0.903853433265198,0.7153385260635111,0.7986220274925583,0.8594856865599224,0.7193210428002924,0.7831815368290742
722,dt_d7_s60_l20_w0.4.pkl,7,60,20,0.4,0.876401630988787,0.8242061114439785,0.84950287161119,0.8243353449681944,0.8209209778283115,0.8226246185147508
723,dt_d7_s60_l20_w0.5.pkl,7,60,20,0.5,0.8632753745262018,0.8597064110245656,0.8614871964216024,0.8119031247612499,0.8630715503938926,0.8367057711991182
724,dt_d7_s60_l20_w0.6.pkl,7,60,20,0.6,0.8510766580534023,0.8880467345715998,0.8691687435859845,0.795592485549133,0.8942581011938602,0.8420448896876075
725,dt_d7_s60_l20_w0.7.pkl,7,60,20,0.7,0.8501732184270049,0.8895745955662073,0.8694277306864596,0.794635131237381,0.8949890359782344,0.8418318628012681
726,dt_d7_s60_l20_w0.8.pkl,7,60,20,0.8,0.8367013453891824,0.9203714799281006,0.8765442665981911,0.7787787099436116,0.9197596036709169,0.8434183578477006
727,dt_d7_s60_l20_w0.9.pkl,7,60,20,0.9,0.8351458096629335,0.92486518873577,0.8777187046882552,0.779535648243271,0.9243888573052871,0.8458051571672736
728,dt_d7_s60_l20_w1.0.pkl,7,60,20,1.0,0.8295732680642758,0.9341521869382864,0.8787622590463308,0.7749394998655552,0.9362462438073581,0.8479899959542462
729,dt_d7_s60_l30_w0.2.pkl,7,60,30,0.2,0.9339769542198691,0.5390653085680048,0.6835846977928047,0.8988660337552743,0.553642491675465,0.685228928984269
730,dt_d7_s60_l30_w0.3.pkl,7,60,30,0.3,0.9036212964014076,0.7153984421809467,0.798568729412945,0.8595402075856048,0.7196459027044587,0.7833966934842189
731,dt_d7_s60_l30_w0.4.pkl,7,60,30,0.4,0.8763103393340768,0.8239364889155183,0.8493167605960009,0.8270080157042369,0.8211646227564363,0.8240759607155956
732,dt_d7_s60_l30_w0.5.pkl,7,60,30,0.5,0.8636213174445548,0.8597663271420012,0.8616895107414692,0.8144235186035829,0.86396491513035,0.8384630541871921
733,dt_d7_s60_l30_w0.6.pkl,7,60,30,0.6,0.8509409567590863,0.8872678250449371,0.8687247928430006,0.7968003474735775,0.8939332412896939,0.842576644850155
734,dt_d7_s60_l30_w0.7.pkl,7,60,30,0.7,0.8507072967777108,0.8881965248651887,0.8690477935249373,0.7956911509543089,0.8938520263136522,0.8419200611971697
735,dt_d7_s60_l30_w0.8.pkl,7,60,30,0.8,0.8370398668376675,0.9189634511683643,0.8760906507489968,0.7811443163779419,0.9191910988386258,0.8445638385195134
736,dt_d7_s60_l30_w0.9.pkl,7,60,30,0.9,0.8336746793144335,0.9267825044937088,0.877766428328226,0.7778156298971179,0.9271501664907009,0.8459429418303075
737,dt_d7_s60_l30_w1.0.pkl,7,60,30,1.0,0.8317348906986712,0.9301078490113841,0.8781750296996097,0.781143635125936,0.9319418500771542,0.8499055660482169
738,dt_d7_s60_l40_w0.2.pkl,7,60,40,0.2,0.933770355340513,0.5376872378669862,0.6824204863025418,0.8989298454221165,0.5525866969869244,0.6844381852932301
739,dt_d7_s60_l40_w0.3.pkl,7,60,40,0.3,0.9034017728615804,0.7144397843019772,0.7978855097192947,0.8592096320031071,0.7186713229919597,0.7826817618963382
740,dt_d7_s60_l40_w0.4.pkl,7,60,40,0.4,0.8761904761904762,0.8213301378070701,0.8478738209370651,0.8287873808741374,0.8192966783074799,0.8240147028793139
741,dt_d7_s60_l40_w0.5.pkl,7,60,40,0.5,0.8630462937863317,0.8584182144997005,0.8607260329523437,0.8141355229836543,0.8616096808251441,0.8372001262626263
742,dt_d7_s60_l40_w0.6.pkl,7,60,40,0.6,0.8510926598627688,0.8843918514080288,0.8674227955219933,0.7966064666472473,0.8884106229188662,0.8400076790170858
743,dt_d7_s60_l40_w0.7.pkl,7,60,40,0.7,0.8499412152668253,0.8879568603954464,0.8685332512856577,0.7955565204805326,0.8927962316251117,0.8413761432780988
744,dt_d7_s60_l40_w0.8.pkl,7,60,40,0.8,0.8368087777717125,0.9184841222288795,0.875746236681996,0.7812111157196184,0.917810444245919,0.8440195675716046
745,dt_d7_s60_l40_w0.9.pkl,7,60,40,0.9,0.8328403162480503,0.9278010784901138,0.8777598276790523,0.7794378496384227,0.9278811012750752,0.847206258574024
746,dt_d7_s60_l40_w1.0.pkl,7,60,40,1.0,0.8293430734776581,0.9319053325344517,0.8776379641124027,0.7810904635491117,0.9319418500771542,0.8498740927270034
747,dt_d7_s60_l50_w0.2.pkl,7,60,50,0.2,0.9337465492994427,0.5370581186339125,0.6819072253180928,0.898915056893358,0.5517745472265085,0.6838105782295808
748,dt_d7_s60_l50_w0.3.pkl,7,60,50,0.3,0.9039188003205251,0.7096764529658478,0.7951063151358517,0.8605675146771037,0.7142857142857143,0.7806328495983669
749,dt_d7_s60_l50_w0.4.pkl,7,60,50,0.4,0.8758923140945613,0.8197124026363092,0.8468716631331342,0.8289571158120009,0.817916023714773,0.8233995584988962
750,dt_d7_s60_l50_w0.5.pkl,7,60,50,0.5,0.8628390596745027,0.8576692630317555,0.8602463942307692,0.8139016897081414,0.8606351011126452,0.8366162712667272
751,dt_d7_s60_l50_w0.6.pkl,7,60,50,0.6,0.8513053020676908,0.8831336129418814,0.8669274203034937,0.796908043462408,0.8875172581824088,0.8397756090063783
752,dt_d7_s60_l50_w0.7.pkl,7,60,50,0.7,0.8500200930018945,0.887147992810066,0.8681872819490457,0.795553302433372,0.8921465118167791,0.8410857164733356
753,dt_d7_s60_l50_w0.8.pkl,7,60,50,0.8,0.837122042068361,0.9156680647094069,0.8746351513764093,0.7847483619127282,0.9143182002761309,0.8445928204358754
754,dt_d7_s60_l50_w0.9.pkl,7,60,50,0.9,0.8332433162300837,0.9243559017375674,0.8764380059650618,0.7836293542613245,0.9244700722813287,0.8482432281381571
755,dt_d7_s60_l50_w1.0.pkl,7,60,50,1.0,0.8298810637444876,0.9301977231875375,0.8771805918497069,0.782199167292335,0.9307236254365305,0.8500222518914108
756,dt_d7_s60_l60_w0.2.pkl,7,60,60,0.2,0.9339795651034845,0.5340023966446974,0.6795006194605928,0.900599600266489,0.5489320230650532,0.6821071752951862
757,dt_d7_s60_l60_w0.3.pkl,7,60,60,0.3,0.9030494056886796,0.7124026363091671,0.7964764791586422,0.8610110061361644,0.7179403882075854,0.7829937998228521
758,dt_d7_s60_l60_w0.4.pkl,7,60,60,0.4,0.875784150556907,0.8197423606950269,0.8468370883882149,0.8293405779204742,0.8181596686428978,0.8237121831561733
759,dt_d7_s60_l60_w0.5.pkl,7,60,60,0.5,0.8628402616585777,0.8574895146794488,0.860156566946644,0.8139070303495967,0.8603102412084789,0.8364655716993051
760,dt_d7_s60_l60_w0.6.pkl,7,60,60,0.6,0.8513053020676908,0.8831336129418814,0.8669274203034937,0.796908043462408,0.8875172581824088,0.8397756090063783
761,dt_d7_s60_l60_w0.7.pkl,7,60,60,0.7,0.8500200930018945,0.887147992810066,0.8681872819490457,0.795553302433372,0.8921465118167791,0.8410857164733356
762,dt_d7_s60_l60_w0.8.pkl,7,60,60,0.8,0.836217248908297,0.9178849610545237,0.8751499571550986,0.7843382710897837,0.9159424997969625,0.8450472051551027
763,dt_d7_s60_l60_w0.9.pkl,7,60,60,0.9,0.8327899770982082,0.9259736369083283,0.8769132562593092,0.7823784304285026,0.923820352472996,0.8472367049009385
764,dt_d7_s60_l60_w1.0.pkl,7,60,60,1.0,0.828978622327791,0.9305272618334332,0.8768225380739318,0.7743877689081315,0.92966783074799,0.8449529433474811
765,dt_d7_s80_l20_w0.2.pkl,7,80,20,0.2,0.9332780770824699,0.5397243858597963,0.6839268088983372,0.8994862336978,0.5545358564119224,0.6860932475884244
766,dt_d7_s80_l20_w0.3.pkl,7,80,20,0.3,0.9037463540285617,0.7147393648891552,0.7982067281152244,0.8597122302158273,0.7181840331357102,0.7826010000442497
767,dt_d7_s80_l20_w0.4.pkl,7,80,20,0.4,0.8766707168894289,0.8213600958657878,0.8481145791443685,0.8259122591225913,0.8179972386908145,0.8219356944671128
768,dt_d7_s80_l20_w0.5.pkl,7,80,20,0.5,0.8634266935994452,0.8579688436189334,0.8606891162902522,0.8119448698315467,0.8612036059449363,0.8358491309659875
769,dt_d7_s80_l20_w0.6.pkl,7,80,20,0.6,0.850702122160641,0.8874775314559616,0.8687007902878172,0.7954446854663775,0.8934459514334443,0.8416019584592433
770,dt_d7_s80_l20_w0.7.pkl,7,80,20,0.7,0.8502106681188913,0.8886458957459556,0.8690035008569043,0.79474785369021,0.894664176074068,0.8417513563077863
771,dt_d7_s80_l20_w0.8.pkl,7,80,20,0.8,0.8366356872257502,0.9196225284601558,0.8761684577071828,0.7789241986518091,0.9196783886948753,0.8434695169639864
772,dt_d7_s80_l20_w0.9.pkl,7,80,20,0.9,0.835433775103667,0.9234571599760335,0.8772429101982157,0.78003291278113,0.9239015674490376,0.8458935940811243
773,dt_d7_s80_l20_w1.0.pkl,7,80,20,1.0,0.829809922422756,0.9325044937088077,0.8781650703192224,0.7758527706619928,0.934703159262568,0.8479021623015435
774,dt_d7_s80_l30_w0.2.pkl,7,80,30,0.2,0.9340590655763321,0.5372378669862193,0.6821354533178645,0.9000397719740156,0.5513684723463007,0.6838235294117647
775,dt_d7_s80_l30_w0.3.pkl,7,80,30,0.3,0.9038016904825077,0.7143499101258238,0.7979853755668223,0.8598794243485025,0.7181840331357102,0.7826702659645086
776,dt_d7_s80_l30_w0.4.pkl,7,80,30,0.4,0.8767276682876888,0.8209406830437388,0.8479175691565072,0.8283858235342488,0.8181596686428978,0.823240990438833
777,dt_d7_s80_l30_w0.5.pkl,7,80,30,0.5,0.8631047235334797,0.8599760335530258,0.8615375380783025,0.8138004895960832,0.86396491513035,0.8381327555643097
778,dt_d7_s80_l30_w0.6.pkl,7,80,30,0.6,0.8506334932628494,0.886998202516477,0.8684353322480824,0.7969418073773462,0.893121091529278,0.8422947303921569
779,dt_d7_s80_l30_w0.7.pkl,7,80,30,0.7,0.8505107310914725,0.8880167765128819,0.8688591863055458,0.7957206881596067,0.8940144562657354,0.8420086434390178
780,dt_d7_s80_l30_w0.8.pkl,7,80,30,0.8,0.8368716913169241,0.9187537447573397,0.8759032359409362,0.7811982330204307,0.9191910988386258,0.8445953509197418
781,dt_d7_s80_l30_w0.9.pkl,7,80,30,0.9,0.8335354842187542,0.9264529658478131,0.8775414650756942,0.7777777777777778,0.9266628766344513,0.8457176740910944
782,dt_d7_s80_l30_w1.0.pkl,7,80,30,1.0,0.8322046651617758,0.9277411623726782,0.8773798730734361,0.7824124726477024,0.929261755867782,0.8495378104465976
783,dt_d7_s80_l40_w0.2.pkl,7,80,40,0.2,0.933770355340513,0.5376872378669862,0.6824204863025418,0.8989298454221165,0.5525866969869244,0.6844381852932301
784,dt_d7_s80_l40_w0.3.pkl,7,80,40,0.3,0.9034017728615804,0.7144397843019772,0.7978855097192947,0.8592096320031071,0.7186713229919597,0.7826817618963382
785,dt_d7_s80_l40_w0.4.pkl,7,80,40,0.4,0.8761904761904762,0.8213301378070701,0.8478738209370651,0.8287873808741374,0.8192966783074799,0.8240147028793139
786,dt_d7_s80_l40_w0.5.pkl,7,80,40,0.5,0.8630462937863317,0.8584182144997005,0.8607260329523437,0.8141355229836543,0.8616096808251441,0.8372001262626263
787,dt_d7_s80_l40_w0.6.pkl,7,80,40,0.6,0.8510926598627688,0.8843918514080288,0.8674227955219933,0.7966064666472473,0.8884106229188662,0.8400076790170858
788,dt_d7_s80_l40_w0.7.pkl,7,80,40,0.7,0.8499412152668253,0.8879568603954464,0.8685332512856577,0.7955565204805326,0.8927962316251117,0.8413761432780988
789,dt_d7_s80_l40_w0.8.pkl,7,80,40,0.8,0.8368087777717125,0.9184841222288795,0.875746236681996,0.7812111157196184,0.917810444245919,0.8440195675716046
790,dt_d7_s80_l40_w0.9.pkl,7,80,40,0.9,0.8328403162480503,0.9278010784901138,0.8777598276790523,0.7794378496384227,0.9278811012750752,0.847206258574024
791,dt_d7_s80_l40_w1.0.pkl,7,80,40,1.0,0.8293430734776581,0.9319053325344517,0.8776379641124027,0.7810904635491117,0.9319418500771542,0.8498740927270034
792,dt_d7_s80_l50_w0.2.pkl,7,80,50,0.2,0.9337465492994427,0.5370581186339125,0.6819072253180928,0.898915056893358,0.5517745472265085,0.6838105782295808
793,dt_d7_s80_l50_w0.3.pkl,7,80,50,0.3,0.9039188003205251,0.7096764529658478,0.7951063151358517,0.8605675146771037,0.7142857142857143,0.7806328495983669
794,dt_d7_s80_l50_w0.4.pkl,7,80,50,0.4,0.8758923140945613,0.8197124026363092,0.8468716631331342,0.8289571158120009,0.817916023714773,0.8233995584988962
795,dt_d7_s80_l50_w0.5.pkl,7,80,50,0.5,0.8628390596745027,0.8576692630317555,0.8602463942307692,0.8139016897081414,0.8606351011126452,0.8366162712667272
796,dt_d7_s80_l50_w0.6.pkl,7,80,50,0.6,0.8513053020676908,0.8831336129418814,0.8669274203034937,0.796908043462408,0.8875172581824088,0.8397756090063783
797,dt_d7_s80_l50_w0.7.pkl,7,80,50,0.7,0.8500200930018945,0.887147992810066,0.8681872819490457,0.795553302433372,0.8921465118167791,0.8410857164733356
798,dt_d7_s80_l50_w0.8.pkl,7,80,50,0.8,0.837122042068361,0.9156680647094069,0.8746351513764093,0.7847483619127282,0.9143182002761309,0.8445928204358754
799,dt_d7_s80_l50_w0.9.pkl,7,80,50,0.9,0.8332433162300837,0.9243559017375674,0.8764380059650618,0.7836293542613245,0.9244700722813287,0.8482432281381571
800,dt_d7_s80_l50_w1.0.pkl,7,80,50,1.0,0.8298810637444876,0.9301977231875375,0.8771805918497069,0.782199167292335,0.9307236254365305,0.8500222518914108
801,dt_d7_s80_l60_w0.2.pkl,7,80,60,0.2,0.9339795651034845,0.5340023966446974,0.6795006194605928,0.900599600266489,0.5489320230650532,0.6821071752951862
802,dt_d7_s80_l60_w0.3.pkl,7,80,60,0.3,0.9030494056886796,0.7124026363091671,0.7964764791586422,0.8610110061361644,0.7179403882075854,0.7829937998228521
803,dt_d7_s80_l60_w0.4.pkl,7,80,60,0.4,0.875784150556907,0.8197423606950269,0.8468370883882149,0.8293405779204742,0.8181596686428978,0.8237121831561733
804,dt_d7_s80_l60_w0.5.pkl,7,80,60,0.5,0.8628402616585777,0.8574895146794488,0.860156566946644,0.8139070303495967,0.8603102412084789,0.8364655716993051
805,dt_d7_s80_l60_w0.6.pkl,7,80,60,0.6,0.8513053020676908,0.8831336129418814,0.8669274203034937,0.796908043462408,0.8875172581824088,0.8397756090063783
806,dt_d7_s80_l60_w0.7.pkl,7,80,60,0.7,0.8500200930018945,0.887147992810066,0.8681872819490457,0.795553302433372,0.8921465118167791,0.8410857164733356
807,dt_d7_s80_l60_w0.8.pkl,7,80,60,0.8,0.836217248908297,0.9178849610545237,0.8751499571550986,0.7843382710897837,0.9159424997969625,0.8450472051551027
808,dt_d7_s80_l60_w0.9.pkl,7,80,60,0.9,0.8327899770982082,0.9259736369083283,0.8769132562593092,0.7823784304285026,0.923820352472996,0.8472367049009385
809,dt_d7_s80_l60_w1.0.pkl,7,80,60,1.0,0.828978622327791,0.9305272618334332,0.8768225380739318,0.7743877689081315,0.92966783074799,0.8449529433474811
810,dt_d7_s100_l20_w0.2.pkl,7,100,20,0.2,0.9332780770824699,0.5397243858597963,0.6839268088983372,0.8994862336978,0.5545358564119224,0.6860932475884244
811,dt_d7_s100_l20_w0.3.pkl,7,100,20,0.3,0.9033845687892784,0.7148591971240263,0.7981402816336087,0.8595434677027683,0.7186713229919597,0.7828202406227884
812,dt_d7_s100_l20_w0.4.pkl,7,100,20,0.4,0.876637729442291,0.8198322348711804,0.8472839295942536,0.825687320475995,0.8171038739543571,0.821373173320271
813,dt_d7_s100_l20_w0.5.pkl,7,100,20,0.5,0.8631766446276001,0.8565308568004794,0.8598409094326571,0.8119251992642551,0.8603914561845204,0.8354560151413588
814,dt_d7_s100_l20_w0.6.pkl,7,100,20,0.6,0.8514757219930181,0.8841521869382863,0.8675063564615453,0.7966741703579987,0.8910095021521969,0.8412053366048152
815,dt_d7_s100_l20_w0.7.pkl,7,100,20,0.7,0.8504506573282048,0.8875973636908329,0.8686270485795538,0.7952164173711973,0.8937708113376106,0.8416182318751911
816,dt_d7_s100_l20_w0.8.pkl,7,100,20,0.8,0.8362655918078327,0.919892150988616,0.8760877628463009,0.7785724109476001,0.9195159587427921,0.8431949357661516
817,dt_d7_s100_l20_w0.9.pkl,7,100,20,0.9,0.834808499120314,0.923966446974236,0.8771276217561322,0.7790864890775868,0.9239827824250791,0.8453707831772923
818,dt_d7_s100_l20_w1.0.pkl,7,100,20,1.0,0.8299898628821427,0.9320850808867586,0.8780797561595123,0.7763903887688985,0.9342158694063185,0.8480224114416307
819,dt_d7_s100_l30_w0.2.pkl,7,100,30,0.2,0.9340590655763321,0.5372378669862193,0.6821354533178645,0.9000397719740156,0.5513684723463007,0.6838235294117647
820,dt_d7_s100_l30_w0.3.pkl,7,100,30,0.3,0.9032233656174334,0.7152186938286399,0.7983013442118638,0.8595282011455199,0.7190773978721676,0.783054744848324
821,dt_d7_s100_l30_w0.4.pkl,7,100,30,0.4,0.8766258730057026,0.8197423606950269,0.8472303929157506,0.827972027972028,0.8173475188824819,0.8226254700016348
822,dt_d7_s100_l30_w0.5.pkl,7,100,30,0.5,0.8626018460058327,0.8595266626722589,0.8610615086808421,0.8136047134440278,0.8635588402501422,0.8378378378378378
823,dt_d7_s100_l30_w0.6.pkl,7,100,30,0.6,0.8509602925508941,0.8853505092869982,0.8678148262344184,0.7973875181422351,0.8923901567449037,0.8422182194458284
824,dt_d7_s100_l30_w0.7.pkl,7,100,30,0.7,0.8507514151892187,0.8869682444577591,0.8684824217890614,0.7961917173472343,0.893121091529278,0.8418755980861244
825,dt_d7_s100_l30_w0.8.pkl,7,100,30,0.8,0.8363720600659527,0.9193828639904135,0.8759151170921753,0.7803818846074309,0.9194347437667506,0.844220730797912
826,dt_d7_s100_l30_w0.9.pkl,7,100,30,0.9,0.8327147544510785,0.9275614140203715,0.8775828349536577,0.7768027210884354,0.9273938114188256,0.845444785843853
827,dt_d7_s100_l30_w1.0.pkl,7,100,30,1.0,0.8322046651617758,0.9277411623726782,0.8773798730734361,0.7824124726477024,0.929261755867782,0.8495378104465976
828,dt_d7_s100_l40_w0.2.pkl,7,100,40,0.2,0.933770355340513,0.5376872378669862,0.6824204863025418,0.8989298454221165,0.5525866969869244,0.6844381852932301
829,dt_d7_s100_l40_w0.3.pkl,7,100,40,0.3,0.9031928189978412,0.7144098262432594,0.7977853235869728,0.8592657342657343,0.7185088930398765,0.782608695652174
830,dt_d7_s100_l40_w0.4.pkl,7,100,40,0.4,0.8764423076923077,0.8192031156381067,0.8468566119541654,0.8283127572016461,0.8173475188824819,0.8227936066712995
831,dt_d7_s100_l40_w0.5.pkl,7,100,40,0.5,0.8628254580520733,0.857759137207909,0.8602848386515234,0.8139106402579457,0.8610411759928531,0.8368128181854059
832,dt_d7_s100_l40_w0.6.pkl,7,100,40,0.6,0.8513053020676908,0.8831336129418814,0.8669274203034937,0.796908043462408,0.8875172581824088,0.8397756090063783
833,dt_d7_s100_l40_w0.7.pkl,7,100,40,0.7,0.8501809201079777,0.8869083283403235,0.8681563590510543,0.7960278341548275,0.8919028668886543,0.8412424834348309
834,dt_d7_s100_l40_w0.8.pkl,7,100,40,0.8,0.8357835130131765,0.9197124026363092,0.875741670470105,0.7798082890835115,0.91837894907821,0.8434399940329679
835,dt_d7_s100_l40_w0.9.pkl,7,100,40,0.9,0.8315112540192926,0.9296584781306171,0.8778500707213579,0.7777551159154259,0.9290993259156989,0.8467174894530383
836,dt_d7_s100_l40_w1.0.pkl,7,100,40,1.0,0.8293430734776581,0.9319053325344517,0.8776379641124027,0.7810904635491117,0.9319418500771542,0.8498740927270034
837,dt_d7_s100_l50_w0.2.pkl,7,100,50,0.2,0.9337465492994427,0.5370581186339125,0.6819072253180928,0.898915056893358,0.5517745472265085,0.6838105782295808
838,dt_d7_s100_l50_w0.3.pkl,7,100,50,0.3,0.9039188003205251,0.7096764529658478,0.7951063151358517,0.8605675146771037,0.7142857142857143,0.7806328495983669
839,dt_d7_s100_l50_w0.4.pkl,7,100,50,0.4,0.8758923140945613,0.8197124026363092,0.8468716631331342,0.8289571158120009,0.817916023714773,0.8233995584988962
840,dt_d7_s100_l50_w0.5.pkl,7,100,50,0.5,0.8628390596745027,0.8576692630317555,0.8602463942307692,0.8139016897081414,0.8606351011126452,0.8366162712667272
841,dt_d7_s100_l50_w0.6.pkl,7,100,50,0.6,0.8513053020676908,0.8831336129418814,0.8669274203034937,0.796908043462408,0.8875172581824088,0.8397756090063783
842,dt_d7_s100_l50_w0.7.pkl,7,100,50,0.7,0.8500200930018945,0.887147992810066,0.8681872819490457,0.795553302433372,0.8921465118167791,0.8410857164733356
843,dt_d7_s100_l50_w0.8.pkl,7,100,50,0.8,0.837122042068361,0.9156680647094069,0.8746351513764093,0.7847483619127282,0.9143182002761309,0.8445928204358754
844,dt_d7_s100_l50_w0.9.pkl,7,100,50,0.9,0.8332433162300837,0.9243559017375674,0.8764380059650618,0.7836293542613245,0.9244700722813287,0.8482432281381571
845,dt_d7_s100_l50_w1.0.pkl,7,100,50,1.0,0.8298810637444876,0.9301977231875375,0.8771805918497069,0.782199167292335,0.9307236254365305,0.8500222518914108
846,dt_d7_s100_l60_w0.2.pkl,7,100,60,0.2,0.9339795651034845,0.5340023966446974,0.6795006194605928,0.900599600266489,0.5489320230650532,0.6821071752951862
847,dt_d7_s100_l60_w0.3.pkl,7,100,60,0.3,0.9030494056886796,0.7124026363091671,0.7964764791586422,0.8610110061361644,0.7179403882075854,0.7829937998228521
848,dt_d7_s100_l60_w0.4.pkl,7,100,60,0.4,0.875784150556907,0.8197423606950269,0.8468370883882149,0.8293405779204742,0.8181596686428978,0.8237121831561733
849,dt_d7_s100_l60_w0.5.pkl,7,100,60,0.5,0.8628402616585777,0.8574895146794488,0.860156566946644,0.8139070303495967,0.8603102412084789,0.8364655716993051
850,dt_d7_s100_l60_w0.6.pkl,7,100,60,0.6,0.8513053020676908,0.8831336129418814,0.8669274203034937,0.796908043462408,0.8875172581824088,0.8397756090063783
851,dt_d7_s100_l60_w0.7.pkl,7,100,60,0.7,0.8500200930018945,0.887147992810066,0.8681872819490457,0.795553302433372,0.8921465118167791,0.8410857164733356
852,dt_d7_s100_l60_w0.8.pkl,7,100,60,0.8,0.836217248908297,0.9178849610545237,0.8751499571550986,0.7843382710897837,0.9159424997969625,0.8450472051551027
853,dt_d7_s100_l60_w0.9.pkl,7,100,60,0.9,0.8327899770982082,0.9259736369083283,0.8769132562593092,0.7823784304285026,0.923820352472996,0.8472367049009385
854,dt_d7_s100_l60_w1.0.pkl,7,100,60,1.0,0.828978622327791,0.9305272618334332,0.8768225380739318,0.7743877689081315,0.92966783074799,0.8449529433474811
855,dt_d7_s120_l20_w0.2.pkl,7,120,20,0.2,0.9333541276772718,0.537866986219293,0.6824540063858903,0.9000264480296218,0.5527491269390076,0.6848805031446541
856,dt_d7_s120_l20_w0.3.pkl,7,120,20,0.3,0.9030319068501437,0.7156081485919712,0.7984690466639925,0.8596372102046755,0.7197271176805002,0.7834851029970825
857,dt_d7_s120_l20_w0.4.pkl,7,120,20,0.4,0.8763717805151175,0.8205811863391252,0.8475593718573529,0.8258053938847446,0.8181596686428978,0.8219647519582245
858,dt_d7_s120_l20_w0.5.pkl,7,120,20,0.5,0.8631766446276001,0.8565308568004794,0.8598409094326571,0.8119251992642551,0.8603914561845204,0.8354560151413588
859,dt_d7_s120_l20_w0.6.pkl,7,120,20,0.6,0.8512901830762577,0.8845715997603355,0.867611841621979,0.7964576074332171,0.8910907171282384,0.8411207788723216
860,dt_d7_s120_l20_w0.7.pkl,7,120,20,0.7,0.8504506573282048,0.8875973636908329,0.8686270485795538,0.7952164173711973,0.8937708113376106,0.8416182318751911
861,dt_d7_s120_l20_w0.8.pkl,7,120,20,0.8,0.8357900462333424,0.9206710605152786,0.8761796151104776,0.7781288638549251,0.9200032485990417,0.8431394440102713
862,dt_d7_s120_l20_w0.9.pkl,7,120,20,0.9,0.8343379192907533,0.9247453565008987,0.8772184094235332,0.7786442301114987,0.9244700722813287,0.845314124461607
863,dt_d7_s120_l20_w1.0.pkl,7,120,20,1.0,0.8299898628821427,0.9320850808867586,0.8780797561595123,0.7763903887688985,0.9342158694063185,0.8480224114416307
864,dt_d7_s120_l30_w0.2.pkl,7,120,30,0.2,0.9341383095499451,0.535380467345716,0.6806573860714897,0.9005855735959543,0.5495817428733859,0.6826045291773843
865,dt_d7_s120_l30_w0.3.pkl,7,120,30,0.3,0.9028711749149981,0.7159676452965847,0.7986299081035924,0.8596219098400388,0.7201331925607082,0.7837192858405515
866,dt_d7_s120_l30_w0.4.pkl,7,120,30,0.4,0.8763599129655703,0.8204913121629719,0.8475058794405248,0.8280877639904676,0.8184033135710225,0.8232170574299486
867,dt_d7_s120_l30_w0.5.pkl,7,120,30,0.5,0.8626018460058327,0.8595266626722589,0.8610615086808421,0.8136047134440278,0.8635588402501422,0.8378378378378378
868,dt_d7_s120_l30_w0.6.pkl,7,120,30,0.6,0.8509602925508941,0.8853505092869982,0.8678148262344184,0.7973875181422351,0.8923901567449037,0.8422182194458284
869,dt_d7_s120_l30_w0.7.pkl,7,120,30,0.7,0.8495833691263637,0.8888556021569802,0.8687758956414798,0.7953659592897359,0.8949078210021928,0.8422058317728437
870,dt_d7_s120_l30_w0.8.pkl,7,120,30,0.8,0.8353299106293972,0.9212402636309167,0.8761842348952175,0.7793440143024135,0.9204905384552912,0.8440571939231457
871,dt_d7_s120_l30_w0.9.pkl,7,120,30,0.9,0.8322500940001074,0.9283403235470341,0.8776729826946498,0.7763658602881218,0.9278811012750752,0.8453882866550742
872,dt_d7_s120_l30_w1.0.pkl,7,120,30,1.0,0.8322046651617758,0.9277411623726782,0.8773798730734361,0.7824124726477024,0.929261755867782,0.8495378104465976
873,dt_d7_s120_l40_w0.2.pkl,7,120,40,0.2,0.9338726513569937,0.5360395446375075,0.6811191473163304,0.8994828272112452,0.5508811824900511,0.6832880024176489
874,dt_d7_s120_l40_w0.3.pkl,7,120,40,0.3,0.9028476345346594,0.7152186938286399,0.798154555940023,0.8593734846280671,0.7196459027044587,0.7833274398868458
875,dt_d7_s120_l40_w0.4.pkl,7,120,40,0.4,0.8761843790012804,0.8200119832234871,0.8471680594243268,0.8284422523633375,0.8184845285470641,0.8234332870332544
876,dt_d7_s120_l40_w0.5.pkl,7,120,40,0.5,0.8628254580520733,0.857759137207909,0.8602848386515234,0.8139106402579457,0.8610411759928531,0.8368128181854059
877,dt_d7_s120_l40_w0.6.pkl,7,120,40,0.6,0.8513053020676908,0.8831336129418814,0.8669274203034937,0.796908043462408,0.8875172581824088,0.8397756090063783
878,dt_d7_s120_l40_w0.7.pkl,7,120,40,0.7,0.8496602735013331,0.8878669862192929,0.8683435636747191,0.7953821656050956,0.8924713717209454,0.8411343717708294
879,dt_d7_s120_l40_w0.8.pkl,7,120,40,0.8,0.8352810088053049,0.9207609346914319,0.8759404924760602,0.7792163074168446,0.9189474539105011,0.8433330848923009
880,dt_d7_s120_l40_w0.9.pkl,7,120,40,0.9,0.8317819684004399,0.9289394847213901,0.8776801256740118,0.7777702197129447,0.9286120360594493,0.8465240245798474
881,dt_d7_s120_l40_w1.0.pkl,7,120,40,1.0,0.8296146044624746,0.9312162971839425,0.8774841915085817,0.7816483741222987,0.93121091529278,0.8498999332888593
882,dt_d7_s120_l50_w0.2.pkl,7,120,50,0.2,0.9338834343012326,0.5357100059916118,0.680855924459336,0.8994694960212202,0.5507999675140096,0.6832216793431724
883,dt_d7_s120_l50_w0.3.pkl,7,120,50,0.3,0.9035415079969535,0.7108148591971241,0.7956740442655935,0.8608534322820037,0.7159912287825875,0.7817682007626142
884,dt_d7_s120_l50_w0.4.pkl,7,120,50,0.4,0.8758923140945613,0.8197124026363092,0.8468716631331342,0.8289571158120009,0.817916023714773,0.8233995584988962
885,dt_d7_s120_l50_w0.5.pkl,7,120,50,0.5,0.8628390596745027,0.8576692630317555,0.8602463942307692,0.8139016897081414,0.8606351011126452,0.8366162712667272
886,dt_d7_s120_l50_w0.6.pkl,7,120,50,0.6,0.8513053020676908,0.8831336129418814,0.8669274203034937,0.796908043462408,0.8875172581824088,0.8397756090063783
887,dt_d7_s120_l50_w0.7.pkl,7,120,50,0.7,0.8500200930018945,0.887147992810066,0.8681872819490457,0.795553302433372,0.8921465118167791,0.8410857164733356
888,dt_d7_s120_l50_w0.8.pkl,7,120,50,0.8,0.837122042068361,0.9156680647094069,0.8746351513764093,0.7847483619127282,0.9143182002761309,0.8445928204358754
889,dt_d7_s120_l50_w0.9.pkl,7,120,50,0.9,0.8336578506138785,0.9235170760934691,0.8762898320020467,0.7838284965878541,0.9234954925688297,0.8479492915734527
890,dt_d7_s120_l50_w1.0.pkl,7,120,50,1.0,0.8298810637444876,0.9301977231875375,0.8771805918497069,0.782199167292335,0.9307236254365305,0.8500222518914108
891,dt_d7_s120_l60_w0.2.pkl,7,120,60,0.2,0.9339795651034845,0.5340023966446974,0.6795006194605928,0.900599600266489,0.5489320230650532,0.6821071752951862
892,dt_d7_s120_l60_w0.3.pkl,7,120,60,0.3,0.9030494056886796,0.7124026363091671,0.7964764791586422,0.8610110061361644,0.7179403882075854,0.7829937998228521
893,dt_d7_s120_l60_w0.4.pkl,7,120,60,0.4,0.875784150556907,0.8197423606950269,0.8468370883882149,0.8293405779204742,0.8181596686428978,0.8237121831561733
894,dt_d7_s120_l60_w0.5.pkl,7,120,60,0.5,0.8628402616585777,0.8574895146794488,0.860156566946644,0.8139070303495967,0.8603102412084789,0.8364655716993051
895,dt_d7_s120_l60_w0.6.pkl,7,120,60,0.6,0.8513053020676908,0.8831336129418814,0.8669274203034937,0.796908043462408,0.8875172581824088,0.8397756090063783
896,dt_d7_s120_l60_w0.7.pkl,7,120,60,0.7,0.8500200930018945,0.887147992810066,0.8681872819490457,0.795553302433372,0.8921465118167791,0.8410857164733356
897,dt_d7_s120_l60_w0.8.pkl,7,120,60,0.8,0.836217248908297,0.9178849610545237,0.8751499571550986,0.7843382710897837,0.9159424997969625,0.8450472051551027
898,dt_d7_s120_l60_w0.9.pkl,7,120,60,0.9,0.8327899770982082,0.9259736369083283,0.8769132562593092,0.7823784304285026,0.923820352472996,0.8472367049009385
899,dt_d7_s120_l60_w1.0.pkl,7,120,60,1.0,0.828978622327791,0.9305272618334332,0.8768225380739318,0.7743877689081315,0.92966783074799,0.8449529433474811
