seed,model_id,model_file,max_depth,min_samples_split,min_samples_leaf,class_weight_factor,train_precision,train_recall,train_f1,test_precision,test_recall,test_f1,n_nodes,n_leaves
0,0,dt_NOF_RFC_seed0_d3_s60_l40_w0.6.pkl,3,60,40,0.6,0.8919462293530965,0.9418473962452649,0.9162178578659648,0.9157477388179903,0.9260744267635634,0.9208821330675305,15,8
0,1,dt_NOF_RFC_seed0_d3_s60_l40_w0.7.pkl,3,60,40,0.7,0.8896540929722961,0.9464263414228031,0.9171625083200549,0.9144055254070055,0.928956271143967,0.9216234694511778,15,8
0,2,dt_NOF_RFC_seed0_d3_s60_l40_w0.8.pkl,3,60,40,0.8,0.8895791818075255,0.9477167714273821,0.9177281522089649,0.9138397246804326,0.931587520360857,0.9226282806974002,15,8
0,3,dt_NOF_RFC_seed0_d3_s60_l40_w0.9.pkl,3,60,40,0.9,0.8895530551648695,0.9478000249760646,0.9177532799935508,0.9138397246804326,0.931587520360857,0.9226282806974002,15,8
0,4,dt_NOF_RFC_seed0_d3_s60_l40_w1.0.pkl,3,60,40,1.0,0.8851009613528436,0.9542938017733006,0.9183959618620303,0.912137460394833,0.9378523994486906,0.9248162105393217,15,8
0,5,dt_NOF_RFC_seed0_d3_s60_l50_w0.6.pkl,3,60,50,0.6,0.8919462293530965,0.9418473962452649,0.9162178578659648,0.9157477388179903,0.9260744267635634,0.9208821330675305,15,8
0,6,dt_NOF_RFC_seed0_d3_s60_l50_w0.7.pkl,3,60,50,0.7,0.8896540929722961,0.9464263414228031,0.9171625083200549,0.9144055254070055,0.928956271143967,0.9216234694511778,15,8
0,7,dt_NOF_RFC_seed0_d3_s60_l50_w0.8.pkl,3,60,50,0.8,0.8895791818075255,0.9477167714273821,0.9177281522089649,0.9138397246804326,0.931587520360857,0.9226282806974002,15,8
0,8,dt_NOF_RFC_seed0_d3_s60_l50_w0.9.pkl,3,60,50,0.9,0.8895530551648695,0.9478000249760646,0.9177532799935508,0.9138397246804326,0.931587520360857,0.9226282806974002,15,8
0,9,dt_NOF_RFC_seed0_d3_s60_l50_w1.0.pkl,3,60,50,1.0,0.8851009613528436,0.9542938017733006,0.9183959618620303,0.912137460394833,0.9378523994486906,0.9248162105393217,15,8
0,10,dt_NOF_RFC_seed0_d3_s60_l60_w0.6.pkl,3,60,60,0.6,0.8919462293530965,0.9418473962452649,0.9162178578659648,0.9157477388179903,0.9260744267635634,0.9208821330675305,15,8
0,11,dt_NOF_RFC_seed0_d3_s60_l60_w0.7.pkl,3,60,60,0.7,0.8896540929722961,0.9464263414228031,0.9171625083200549,0.9144055254070055,0.928956271143967,0.9216234694511778,15,8
0,12,dt_NOF_RFC_seed0_d3_s60_l60_w0.8.pkl,3,60,60,0.8,0.8895791818075255,0.9477167714273821,0.9177281522089649,0.9138397246804326,0.931587520360857,0.9226282806974002,15,8
0,13,dt_NOF_RFC_seed0_d3_s60_l60_w0.9.pkl,3,60,60,0.9,0.8895530551648695,0.9478000249760646,0.9177532799935508,0.9138397246804326,0.931587520360857,0.9226282806974002,15,8
0,14,dt_NOF_RFC_seed0_d3_s60_l60_w1.0.pkl,3,60,60,1.0,0.8851009613528436,0.9542938017733006,0.9183959618620303,0.912137460394833,0.9378523994486906,0.9248162105393217,15,8
0,15,dt_NOF_RFC_seed0_d3_s60_l70_w0.6.pkl,3,60,70,0.6,0.8919462293530965,0.9418473962452649,0.9162178578659648,0.9157477388179903,0.9260744267635634,0.9208821330675305,15,8
0,16,dt_NOF_RFC_seed0_d3_s60_l70_w0.7.pkl,3,60,70,0.7,0.8895583114901608,0.9465095949714857,0.9171506937721846,0.9144055254070055,0.928956271143967,0.9216234694511778,15,8
0,17,dt_NOF_RFC_seed0_d3_s60_l70_w0.8.pkl,3,60,70,0.8,0.8894835534026095,0.9478000249760646,0.9177162894742146,0.9138397246804326,0.931587520360857,0.9226282806974002,15,8
0,18,dt_NOF_RFC_seed0_d3_s60_l70_w0.9.pkl,3,60,70,0.9,0.8894574430686302,0.9478832785247471,0.9177414154441399,0.9138397246804326,0.931587520360857,0.9226282806974002,15,8
0,19,dt_NOF_RFC_seed0_d3_s60_l70_w1.0.pkl,3,60,70,1.0,0.8850073342082915,0.9543770553219831,0.9183841054297102,0.912137460394833,0.9378523994486906,0.9248162105393217,15,8
0,20,dt_NOF_RFC_seed0_d3_s80_l40_w0.6.pkl,3,80,40,0.6,0.8919462293530965,0.9418473962452649,0.9162178578659648,0.9157477388179903,0.9260744267635634,0.9208821330675305,15,8
0,21,dt_NOF_RFC_seed0_d3_s80_l40_w0.7.pkl,3,80,40,0.7,0.8896540929722961,0.9464263414228031,0.9171625083200549,0.9144055254070055,0.928956271143967,0.9216234694511778,15,8
0,22,dt_NOF_RFC_seed0_d3_s80_l40_w0.8.pkl,3,80,40,0.8,0.8895791818075255,0.9477167714273821,0.9177281522089649,0.9138397246804326,0.931587520360857,0.9226282806974002,15,8
0,23,dt_NOF_RFC_seed0_d3_s80_l40_w0.9.pkl,3,80,40,0.9,0.8895530551648695,0.9478000249760646,0.9177532799935508,0.9138397246804326,0.931587520360857,0.9226282806974002,15,8
0,24,dt_NOF_RFC_seed0_d3_s80_l40_w1.0.pkl,3,80,40,1.0,0.8851009613528436,0.9542938017733006,0.9183959618620303,0.912137460394833,0.9378523994486906,0.9248162105393217,15,8
0,25,dt_NOF_RFC_seed0_d3_s80_l50_w0.6.pkl,3,80,50,0.6,0.8919462293530965,0.9418473962452649,0.9162178578659648,0.9157477388179903,0.9260744267635634,0.9208821330675305,15,8
0,26,dt_NOF_RFC_seed0_d3_s80_l50_w0.7.pkl,3,80,50,0.7,0.8896540929722961,0.9464263414228031,0.9171625083200549,0.9144055254070055,0.928956271143967,0.9216234694511778,15,8
0,27,dt_NOF_RFC_seed0_d3_s80_l50_w0.8.pkl,3,80,50,0.8,0.8895791818075255,0.9477167714273821,0.9177281522089649,0.9138397246804326,0.931587520360857,0.9226282806974002,15,8
0,28,dt_NOF_RFC_seed0_d3_s80_l50_w0.9.pkl,3,80,50,0.9,0.8895530551648695,0.9478000249760646,0.9177532799935508,0.9138397246804326,0.931587520360857,0.9226282806974002,15,8
0,29,dt_NOF_RFC_seed0_d3_s80_l50_w1.0.pkl,3,80,50,1.0,0.8851009613528436,0.9542938017733006,0.9183959618620303,0.912137460394833,0.9378523994486906,0.9248162105393217,15,8
0,30,dt_NOF_RFC_seed0_d3_s80_l60_w0.6.pkl,3,80,60,0.6,0.8919462293530965,0.9418473962452649,0.9162178578659648,0.9157477388179903,0.9260744267635634,0.9208821330675305,15,8
0,31,dt_NOF_RFC_seed0_d3_s80_l60_w0.7.pkl,3,80,60,0.7,0.8896540929722961,0.9464263414228031,0.9171625083200549,0.9144055254070055,0.928956271143967,0.9216234694511778,15,8
0,32,dt_NOF_RFC_seed0_d3_s80_l60_w0.8.pkl,3,80,60,0.8,0.8895791818075255,0.9477167714273821,0.9177281522089649,0.9138397246804326,0.931587520360857,0.9226282806974002,15,8
0,33,dt_NOF_RFC_seed0_d3_s80_l60_w0.9.pkl,3,80,60,0.9,0.8895530551648695,0.9478000249760646,0.9177532799935508,0.9138397246804326,0.931587520360857,0.9226282806974002,15,8
0,34,dt_NOF_RFC_seed0_d3_s80_l60_w1.0.pkl,3,80,60,1.0,0.8851009613528436,0.9542938017733006,0.9183959618620303,0.912137460394833,0.9378523994486906,0.9248162105393217,15,8
0,35,dt_NOF_RFC_seed0_d3_s80_l70_w0.6.pkl,3,80,70,0.6,0.8919462293530965,0.9418473962452649,0.9162178578659648,0.9157477388179903,0.9260744267635634,0.9208821330675305,15,8
0,36,dt_NOF_RFC_seed0_d3_s80_l70_w0.7.pkl,3,80,70,0.7,0.8895583114901608,0.9465095949714857,0.9171506937721846,0.9144055254070055,0.928956271143967,0.9216234694511778,15,8
0,37,dt_NOF_RFC_seed0_d3_s80_l70_w0.8.pkl,3,80,70,0.8,0.8894835534026095,0.9478000249760646,0.9177162894742146,0.9138397246804326,0.931587520360857,0.9226282806974002,15,8
0,38,dt_NOF_RFC_seed0_d3_s80_l70_w0.9.pkl,3,80,70,0.9,0.8894574430686302,0.9478832785247471,0.9177414154441399,0.9138397246804326,0.931587520360857,0.9226282806974002,15,8
0,39,dt_NOF_RFC_seed0_d3_s80_l70_w1.0.pkl,3,80,70,1.0,0.8850073342082915,0.9543770553219831,0.9183841054297102,0.912137460394833,0.9378523994486906,0.9248162105393217,15,8
0,40,dt_NOF_RFC_seed0_d3_s100_l40_w0.6.pkl,3,100,40,0.6,0.8919462293530965,0.9418473962452649,0.9162178578659648,0.9157477388179903,0.9260744267635634,0.9208821330675305,15,8
0,41,dt_NOF_RFC_seed0_d3_s100_l40_w0.7.pkl,3,100,40,0.7,0.8896540929722961,0.9464263414228031,0.9171625083200549,0.9144055254070055,0.928956271143967,0.9216234694511778,15,8
0,42,dt_NOF_RFC_seed0_d3_s100_l40_w0.8.pkl,3,100,40,0.8,0.8895791818075255,0.9477167714273821,0.9177281522089649,0.9138397246804326,0.931587520360857,0.9226282806974002,15,8
0,43,dt_NOF_RFC_seed0_d3_s100_l40_w0.9.pkl,3,100,40,0.9,0.8895530551648695,0.9478000249760646,0.9177532799935508,0.9138397246804326,0.931587520360857,0.9226282806974002,15,8
0,44,dt_NOF_RFC_seed0_d3_s100_l40_w1.0.pkl,3,100,40,1.0,0.8851009613528436,0.9542938017733006,0.9183959618620303,0.912137460394833,0.9378523994486906,0.9248162105393217,15,8
0,45,dt_NOF_RFC_seed0_d3_s100_l50_w0.6.pkl,3,100,50,0.6,0.8919462293530965,0.9418473962452649,0.9162178578659648,0.9157477388179903,0.9260744267635634,0.9208821330675305,15,8
0,46,dt_NOF_RFC_seed0_d3_s100_l50_w0.7.pkl,3,100,50,0.7,0.8896540929722961,0.9464263414228031,0.9171625083200549,0.9144055254070055,0.928956271143967,0.9216234694511778,15,8
0,47,dt_NOF_RFC_seed0_d3_s100_l50_w0.8.pkl,3,100,50,0.8,0.8895791818075255,0.9477167714273821,0.9177281522089649,0.9138397246804326,0.931587520360857,0.9226282806974002,15,8
0,48,dt_NOF_RFC_seed0_d3_s100_l50_w0.9.pkl,3,100,50,0.9,0.8895530551648695,0.9478000249760646,0.9177532799935508,0.9138397246804326,0.931587520360857,0.9226282806974002,15,8
0,49,dt_NOF_RFC_seed0_d3_s100_l50_w1.0.pkl,3,100,50,1.0,0.8851009613528436,0.9542938017733006,0.9183959618620303,0.912137460394833,0.9378523994486906,0.9248162105393217,15,8
0,50,dt_NOF_RFC_seed0_d3_s100_l60_w0.6.pkl,3,100,60,0.6,0.8919462293530965,0.9418473962452649,0.9162178578659648,0.9157477388179903,0.9260744267635634,0.9208821330675305,15,8
0,51,dt_NOF_RFC_seed0_d3_s100_l60_w0.7.pkl,3,100,60,0.7,0.8896540929722961,0.9464263414228031,0.9171625083200549,0.9144055254070055,0.928956271143967,0.9216234694511778,15,8
0,52,dt_NOF_RFC_seed0_d3_s100_l60_w0.8.pkl,3,100,60,0.8,0.8895791818075255,0.9477167714273821,0.9177281522089649,0.9138397246804326,0.931587520360857,0.9226282806974002,15,8
0,53,dt_NOF_RFC_seed0_d3_s100_l60_w0.9.pkl,3,100,60,0.9,0.8895530551648695,0.9478000249760646,0.9177532799935508,0.9138397246804326,0.931587520360857,0.9226282806974002,15,8
0,54,dt_NOF_RFC_seed0_d3_s100_l60_w1.0.pkl,3,100,60,1.0,0.8851009613528436,0.9542938017733006,0.9183959618620303,0.912137460394833,0.9378523994486906,0.9248162105393217,15,8
0,55,dt_NOF_RFC_seed0_d3_s100_l70_w0.6.pkl,3,100,70,0.6,0.8919462293530965,0.9418473962452649,0.9162178578659648,0.9157477388179903,0.9260744267635634,0.9208821330675305,15,8
0,56,dt_NOF_RFC_seed0_d3_s100_l70_w0.7.pkl,3,100,70,0.7,0.8895583114901608,0.9465095949714857,0.9171506937721846,0.9144055254070055,0.928956271143967,0.9216234694511778,15,8
0,57,dt_NOF_RFC_seed0_d3_s100_l70_w0.8.pkl,3,100,70,0.8,0.8894835534026095,0.9478000249760646,0.9177162894742146,0.9138397246804326,0.931587520360857,0.9226282806974002,15,8
0,58,dt_NOF_RFC_seed0_d3_s100_l70_w0.9.pkl,3,100,70,0.9,0.8894574430686302,0.9478832785247471,0.9177414154441399,0.9138397246804326,0.931587520360857,0.9226282806974002,15,8
0,59,dt_NOF_RFC_seed0_d3_s100_l70_w1.0.pkl,3,100,70,1.0,0.8850073342082915,0.9543770553219831,0.9183841054297102,0.912137460394833,0.9378523994486906,0.9248162105393217,15,8
0,60,dt_NOF_RFC_seed0_d4_s60_l40_w0.6.pkl,4,60,40,0.6,0.9016881028938907,0.9338550555717438,0.9174897245567757,0.9203172205438066,0.9160506202230297,0.9181789638932496,29,15
0,61,dt_NOF_RFC_seed0_d4_s60_l40_w0.7.pkl,4,60,40,0.7,0.8978926441351889,0.9400158181742497,0.9184715189229862,0.9181556916156441,0.9206866307480266,0.9194194194194194,29,15
0,62,dt_NOF_RFC_seed0_d4_s60_l40_w0.8.pkl,4,60,40,0.8,0.8939364245678674,0.9493818424010323,0.9208252583979328,0.9152709359605912,0.9312116276155871,0.9231724737593938,29,15
0,63,dt_NOF_RFC_seed0_d4_s60_l40_w0.9.pkl,4,60,40,0.9,0.8846286041626885,0.9642426008408609,0.9227214786488209,0.9022432113341204,0.9575241197844881,0.9290620630964683,29,15
0,64,dt_NOF_RFC_seed0_d4_s60_l40_w1.0.pkl,4,60,40,1.0,0.8846286041626885,0.9642426008408609,0.9227214786488209,0.9022432113341204,0.9575241197844881,0.9290620630964683,29,15
0,65,dt_NOF_RFC_seed0_d4_s60_l50_w0.6.pkl,4,60,50,0.6,0.9016841512922545,0.9338134287974025,0.9174675882376999,0.9203172205438066,0.9160506202230297,0.9181789638932496,29,15
0,66,dt_NOF_RFC_seed0_d4_s60_l50_w0.7.pkl,4,60,50,0.7,0.8978885840391269,0.9399741913999085,0.9184495241194176,0.9181556916156441,0.9206866307480266,0.9194194194194194,29,15
0,67,dt_NOF_RFC_seed0_d4_s60_l50_w0.8.pkl,4,60,50,0.8,0.8939322671683914,0.9493402156266911,0.9208034722923185,0.9152709359605912,0.9312116276155871,0.9231724737593938,29,15
0,68,dt_NOF_RFC_seed0_d4_s60_l50_w0.9.pkl,4,60,50,0.9,0.8846241979835013,0.9642009740665196,0.9227000219092956,0.9022432113341204,0.9575241197844881,0.9290620630964683,29,15
0,69,dt_NOF_RFC_seed0_d4_s60_l50_w1.0.pkl,4,60,50,1.0,0.8846241979835013,0.9642009740665196,0.9227000219092956,0.9022432113341204,0.9575241197844881,0.9290620630964683,29,15
0,70,dt_NOF_RFC_seed0_d4_s60_l60_w0.6.pkl,4,60,60,0.6,0.9017210873411613,0.9334387878283312,0.9173058436112986,0.9202871174914998,0.9156747274777597,0.9179751287526693,29,15
0,71,dt_NOF_RFC_seed0_d4_s60_l60_w0.7.pkl,4,60,60,0.7,0.8979234624870713,0.9395995504308371,0.9182888875328004,0.918125,0.9203107380027565,0.9192165696764908,29,15
0,72,dt_NOF_RFC_seed0_d4_s60_l60_w0.8.pkl,4,60,60,0.8,0.8926531570299664,0.9498397369187862,0.9203589795300998,0.9152,0.9317128179426137,0.923382590339004,29,15
0,73,dt_NOF_RFC_seed0_d4_s60_l60_w0.9.pkl,4,60,60,0.9,0.8833955935046124,0.9647004953586147,0.9222595857293512,0.9021828908554572,0.9580253101115148,0.9292659212445309,29,15
0,74,dt_NOF_RFC_seed0_d4_s60_l60_w1.0.pkl,4,60,60,1.0,0.8846521224162305,0.9638263330974483,0.9225436289744203,0.9023151429246398,0.9571482270392181,0.9289232078798565,29,15
0,75,dt_NOF_RFC_seed0_d4_s60_l70_w0.6.pkl,4,60,70,0.6,0.9017943353717413,0.9330641468592599,0.9171627897461078,0.9202770780856423,0.915549429896003,0.9179071666352616,29,15
0,76,dt_NOF_RFC_seed0_d4_s60_l70_w0.7.pkl,4,60,70,0.7,0.8978909669717469,0.9392665362361071,0.9181128313632942,0.9181147643455432,0.9201854404209999,0.9191489361702128,27,14
0,77,dt_NOF_RFC_seed0_d4_s60_l70_w0.8.pkl,4,60,70,0.8,0.8925568115148433,0.9499229904674686,0.9203468441217988,0.9152,0.9317128179426137,0.923382590339004,27,14
0,78,dt_NOF_RFC_seed0_d4_s60_l70_w0.9.pkl,4,60,70,0.9,0.8833034795533367,0.9647837489072971,0.9222474235008555,0.9021828908554572,0.9580253101115148,0.9292659212445309,27,14
0,79,dt_NOF_RFC_seed0_d4_s60_l70_w1.0.pkl,4,60,70,1.0,0.8833034795533367,0.9647837489072971,0.9222474235008555,0.9021828908554572,0.9580253101115148,0.9292659212445309,27,14
0,80,dt_NOF_RFC_seed0_d4_s80_l40_w0.6.pkl,4,80,40,0.6,0.9016881028938907,0.9338550555717438,0.9174897245567757,0.9203172205438066,0.9160506202230297,0.9181789638932496,29,15
0,81,dt_NOF_RFC_seed0_d4_s80_l40_w0.7.pkl,4,80,40,0.7,0.8978926441351889,0.9400158181742497,0.9184715189229862,0.9181556916156441,0.9206866307480266,0.9194194194194194,29,15
0,82,dt_NOF_RFC_seed0_d4_s80_l40_w0.8.pkl,4,80,40,0.8,0.8939364245678674,0.9493818424010323,0.9208252583979328,0.9152709359605912,0.9312116276155871,0.9231724737593938,29,15
0,83,dt_NOF_RFC_seed0_d4_s80_l40_w0.9.pkl,4,80,40,0.9,0.8846286041626885,0.9642426008408609,0.9227214786488209,0.9022432113341204,0.9575241197844881,0.9290620630964683,29,15
0,84,dt_NOF_RFC_seed0_d4_s80_l40_w1.0.pkl,4,80,40,1.0,0.8846286041626885,0.9642426008408609,0.9227214786488209,0.9022432113341204,0.9575241197844881,0.9290620630964683,29,15
0,85,dt_NOF_RFC_seed0_d4_s80_l50_w0.6.pkl,4,80,50,0.6,0.9016841512922545,0.9338134287974025,0.9174675882376999,0.9203172205438066,0.9160506202230297,0.9181789638932496,29,15
0,86,dt_NOF_RFC_seed0_d4_s80_l50_w0.7.pkl,4,80,50,0.7,0.8978885840391269,0.9399741913999085,0.9184495241194176,0.9181556916156441,0.9206866307480266,0.9194194194194194,29,15
0,87,dt_NOF_RFC_seed0_d4_s80_l50_w0.8.pkl,4,80,50,0.8,0.8939322671683914,0.9493402156266911,0.9208034722923185,0.9152709359605912,0.9312116276155871,0.9231724737593938,29,15
0,88,dt_NOF_RFC_seed0_d4_s80_l50_w0.9.pkl,4,80,50,0.9,0.8846241979835013,0.9642009740665196,0.9227000219092956,0.9022432113341204,0.9575241197844881,0.9290620630964683,29,15
0,89,dt_NOF_RFC_seed0_d4_s80_l50_w1.0.pkl,4,80,50,1.0,0.8846241979835013,0.9642009740665196,0.9227000219092956,0.9022432113341204,0.9575241197844881,0.9290620630964683,29,15
0,90,dt_NOF_RFC_seed0_d4_s80_l60_w0.6.pkl,4,80,60,0.6,0.9017210873411613,0.9334387878283312,0.9173058436112986,0.9202871174914998,0.9156747274777597,0.9179751287526693,29,15
0,91,dt_NOF_RFC_seed0_d4_s80_l60_w0.7.pkl,4,80,60,0.7,0.8979234624870713,0.9395995504308371,0.9182888875328004,0.918125,0.9203107380027565,0.9192165696764908,29,15
0,92,dt_NOF_RFC_seed0_d4_s80_l60_w0.8.pkl,4,80,60,0.8,0.8926531570299664,0.9498397369187862,0.9203589795300998,0.9152,0.9317128179426137,0.923382590339004,29,15
0,93,dt_NOF_RFC_seed0_d4_s80_l60_w0.9.pkl,4,80,60,0.9,0.8833955935046124,0.9647004953586147,0.9222595857293512,0.9021828908554572,0.9580253101115148,0.9292659212445309,29,15
0,94,dt_NOF_RFC_seed0_d4_s80_l60_w1.0.pkl,4,80,60,1.0,0.8846521224162305,0.9638263330974483,0.9225436289744203,0.9023151429246398,0.9571482270392181,0.9289232078798565,29,15
0,95,dt_NOF_RFC_seed0_d4_s80_l70_w0.6.pkl,4,80,70,0.6,0.9017943353717413,0.9330641468592599,0.9171627897461078,0.9202770780856423,0.915549429896003,0.9179071666352616,29,15
0,96,dt_NOF_RFC_seed0_d4_s80_l70_w0.7.pkl,4,80,70,0.7,0.8978909669717469,0.9392665362361071,0.9181128313632942,0.9181147643455432,0.9201854404209999,0.9191489361702128,27,14
0,97,dt_NOF_RFC_seed0_d4_s80_l70_w0.8.pkl,4,80,70,0.8,0.8925568115148433,0.9499229904674686,0.9203468441217988,0.9152,0.9317128179426137,0.923382590339004,27,14
0,98,dt_NOF_RFC_seed0_d4_s80_l70_w0.9.pkl,4,80,70,0.9,0.8833034795533367,0.9647837489072971,0.9222474235008555,0.9021828908554572,0.9580253101115148,0.9292659212445309,27,14
0,99,dt_NOF_RFC_seed0_d4_s80_l70_w1.0.pkl,4,80,70,1.0,0.8833034795533367,0.9647837489072971,0.9222474235008555,0.9021828908554572,0.9580253101115148,0.9292659212445309,27,14
0,100,dt_NOF_RFC_seed0_d4_s100_l40_w0.6.pkl,4,100,40,0.6,0.9016881028938907,0.9338550555717438,0.9174897245567757,0.9203172205438066,0.9160506202230297,0.9181789638932496,29,15
0,101,dt_NOF_RFC_seed0_d4_s100_l40_w0.7.pkl,4,100,40,0.7,0.8978926441351889,0.9400158181742497,0.9184715189229862,0.9181556916156441,0.9206866307480266,0.9194194194194194,29,15
0,102,dt_NOF_RFC_seed0_d4_s100_l40_w0.8.pkl,4,100,40,0.8,0.8939364245678674,0.9493818424010323,0.9208252583979328,0.9152709359605912,0.9312116276155871,0.9231724737593938,29,15
0,103,dt_NOF_RFC_seed0_d4_s100_l40_w0.9.pkl,4,100,40,0.9,0.8846286041626885,0.9642426008408609,0.9227214786488209,0.9022432113341204,0.9575241197844881,0.9290620630964683,29,15
0,104,dt_NOF_RFC_seed0_d4_s100_l40_w1.0.pkl,4,100,40,1.0,0.8846286041626885,0.9642426008408609,0.9227214786488209,0.9022432113341204,0.9575241197844881,0.9290620630964683,29,15
0,105,dt_NOF_RFC_seed0_d4_s100_l50_w0.6.pkl,4,100,50,0.6,0.9016841512922545,0.9338134287974025,0.9174675882376999,0.9203172205438066,0.9160506202230297,0.9181789638932496,29,15
0,106,dt_NOF_RFC_seed0_d4_s100_l50_w0.7.pkl,4,100,50,0.7,0.8978885840391269,0.9399741913999085,0.9184495241194176,0.9181556916156441,0.9206866307480266,0.9194194194194194,29,15
0,107,dt_NOF_RFC_seed0_d4_s100_l50_w0.8.pkl,4,100,50,0.8,0.8939322671683914,0.9493402156266911,0.9208034722923185,0.9152709359605912,0.9312116276155871,0.9231724737593938,29,15
0,108,dt_NOF_RFC_seed0_d4_s100_l50_w0.9.pkl,4,100,50,0.9,0.8846241979835013,0.9642009740665196,0.9227000219092956,0.9022432113341204,0.9575241197844881,0.9290620630964683,29,15
0,109,dt_NOF_RFC_seed0_d4_s100_l50_w1.0.pkl,4,100,50,1.0,0.8846241979835013,0.9642009740665196,0.9227000219092956,0.9022432113341204,0.9575241197844881,0.9290620630964683,29,15
0,110,dt_NOF_RFC_seed0_d4_s100_l60_w0.6.pkl,4,100,60,0.6,0.9017210873411613,0.9334387878283312,0.9173058436112986,0.9202871174914998,0.9156747274777597,0.9179751287526693,29,15
0,111,dt_NOF_RFC_seed0_d4_s100_l60_w0.7.pkl,4,100,60,0.7,0.8979234624870713,0.9395995504308371,0.9182888875328004,0.918125,0.9203107380027565,0.9192165696764908,29,15
0,112,dt_NOF_RFC_seed0_d4_s100_l60_w0.8.pkl,4,100,60,0.8,0.8926531570299664,0.9498397369187862,0.9203589795300998,0.9152,0.9317128179426137,0.923382590339004,29,15
0,113,dt_NOF_RFC_seed0_d4_s100_l60_w0.9.pkl,4,100,60,0.9,0.8833955935046124,0.9647004953586147,0.9222595857293512,0.9021828908554572,0.9580253101115148,0.9292659212445309,29,15
0,114,dt_NOF_RFC_seed0_d4_s100_l60_w1.0.pkl,4,100,60,1.0,0.8846521224162305,0.9638263330974483,0.9225436289744203,0.9023151429246398,0.9571482270392181,0.9289232078798565,29,15
0,115,dt_NOF_RFC_seed0_d4_s100_l70_w0.6.pkl,4,100,70,0.6,0.9017943353717413,0.9330641468592599,0.9171627897461078,0.9202770780856423,0.915549429896003,0.9179071666352616,29,15
0,116,dt_NOF_RFC_seed0_d4_s100_l70_w0.7.pkl,4,100,70,0.7,0.8978909669717469,0.9392665362361071,0.9181128313632942,0.9181147643455432,0.9201854404209999,0.9191489361702128,27,14
0,117,dt_NOF_RFC_seed0_d4_s100_l70_w0.8.pkl,4,100,70,0.8,0.8925568115148433,0.9499229904674686,0.9203468441217988,0.9152,0.9317128179426137,0.923382590339004,27,14
0,118,dt_NOF_RFC_seed0_d4_s100_l70_w0.9.pkl,4,100,70,0.9,0.8833034795533367,0.9647837489072971,0.9222474235008555,0.9021828908554572,0.9580253101115148,0.9292659212445309,27,14
0,119,dt_NOF_RFC_seed0_d4_s100_l70_w1.0.pkl,4,100,70,1.0,0.8833034795533367,0.9647837489072971,0.9222474235008555,0.9021828908554572,0.9580253101115148,0.9292659212445309,27,14
0,120,dt_NOF_RFC_seed0_d5_s60_l40_w0.6.pkl,5,60,40,0.6,0.8981371383273881,0.9432627065728677,0.9201469961220636,0.9160961035727624,0.92206490414735,0.9190708130385913,51,26
0,121,dt_NOF_RFC_seed0_d5_s60_l40_w0.7.pkl,5,60,40,0.7,0.9021215043394407,0.9346043375098864,0.9180756884954305,0.9186940627757468,0.9131687758426262,0.9159230865904235,51,26
0,122,dt_NOF_RFC_seed0_d5_s60_l40_w0.8.pkl,5,60,40,0.8,0.8956816124079833,0.9471339965866045,0.9206895156395419,0.9159767700481898,0.9288309735622102,0.9223590892123927,49,25
0,123,dt_NOF_RFC_seed0_d5_s60_l40_w0.9.pkl,5,60,40,0.9,0.887382369886691,0.9617033676060442,0.9230492628550881,0.9035358329378262,0.954141085077058,0.9281491864220854,49,25
0,124,dt_NOF_RFC_seed0_d5_s60_l40_w1.0.pkl,5,60,40,1.0,0.887382369886691,0.9617033676060442,0.9230492628550881,0.9035358329378262,0.954141085077058,0.9281491864220854,49,25
0,125,dt_NOF_RFC_seed0_d5_s60_l50_w0.6.pkl,5,60,50,0.6,0.8986295928500496,0.9417225159222412,0.9196715313630636,0.9166666666666666,0.9206866307480266,0.9186722510470713,49,25
0,126,dt_NOF_RFC_seed0_d5_s60_l50_w0.7.pkl,5,60,50,0.7,0.9015643802647413,0.9356033800940765,0.9182685432966314,0.9183981866263695,0.9137952637514096,0.9160909433488256,49,25
0,127,dt_NOF_RFC_seed0_d5_s60_l50_w0.8.pkl,5,60,50,0.8,0.8878335768668769,0.9611205927652666,0.9230246457054908,0.9035129361500118,0.9538904899135446,0.9280185286767842,49,25
0,128,dt_NOF_RFC_seed0_d5_s60_l50_w0.9.pkl,5,60,50,0.9,0.8877782476644497,0.9612454730882903,0.9230523244193948,0.9035129361500118,0.9538904899135446,0.9280185286767842,49,25
0,129,dt_NOF_RFC_seed0_d5_s60_l50_w1.0.pkl,5,60,50,1.0,0.8877782476644497,0.9612454730882903,0.9230523244193948,0.9035129361500118,0.9538904899135446,0.9280185286767842,49,25
0,130,dt_NOF_RFC_seed0_d5_s60_l60_w0.6.pkl,5,60,60,0.6,0.8986647591797806,0.9413478749531698,0.9195112529733466,0.916635467365531,0.9203107380027565,0.918469426034763,47,24
0,131,dt_NOF_RFC_seed0_d5_s60_l60_w0.7.pkl,5,60,60,0.7,0.9016011878486295,0.9352287391250051,0.9181071472355032,0.9183673469387755,0.9134193710061396,0.9158866762987625,49,25
0,132,dt_NOF_RFC_seed0_d5_s60_l60_w0.8.pkl,5,60,60,0.8,0.8878928942407571,0.9607043250218541,0.9228646833013435,0.9034671099501306,0.953389299586518,0.927757117600439,49,25
0,133,dt_NOF_RFC_seed0_d5_s60_l60_w0.9.pkl,5,60,60,0.9,0.8878120072304911,0.9609124588935604,0.9229169998400768,0.9034671099501306,0.953389299586518,0.927757117600439,49,25
0,134,dt_NOF_RFC_seed0_d5_s60_l60_w1.0.pkl,5,60,60,1.0,0.8878076923076923,0.9608708321192191,0.922895468084681,0.9035858465922584,0.9535145971682747,0.9278790465158813,47,24
0,135,dt_NOF_RFC_seed0_d5_s60_l70_w0.6.pkl,5,60,70,0.6,0.8987356870229007,0.9409732339840986,0.9193695983731571,0.9166250624063904,0.9201854404209999,0.9184018007878447,47,24
0,136,dt_NOF_RFC_seed0_d5_s60_l70_w0.7.pkl,5,60,70,0.7,0.9015695877323271,0.9348957249302752,0.9179302734295173,0.9183570618621646,0.913294073424383,0.9158185701721322,47,24
0,137,dt_NOF_RFC_seed0_d5_s60_l70_w0.8.pkl,5,60,70,0.8,0.8885163776493257,0.9597885359863464,0.9227783002821524,0.9033368958555991,0.9531387044230046,0.9275698085599318,47,24
0,138,dt_NOF_RFC_seed0_d5_s60_l70_w0.9.pkl,5,60,70,0.9,0.8884607975341938,0.9599134163093702,0.9228060346552484,0.9033368958555991,0.9531387044230046,0.9275698085599318,47,24
0,139,dt_NOF_RFC_seed0_d5_s60_l70_w1.0.pkl,5,60,70,1.0,0.8884607975341938,0.9599134163093702,0.9228060346552484,0.9033368958555991,0.9531387044230046,0.9275698085599318,47,24
0,140,dt_NOF_RFC_seed0_d5_s80_l40_w0.6.pkl,5,80,40,0.6,0.8981371383273881,0.9432627065728677,0.9201469961220636,0.9160961035727624,0.92206490414735,0.9190708130385913,51,26
0,141,dt_NOF_RFC_seed0_d5_s80_l40_w0.7.pkl,5,80,40,0.7,0.9021215043394407,0.9346043375098864,0.9180756884954305,0.9186940627757468,0.9131687758426262,0.9159230865904235,51,26
0,142,dt_NOF_RFC_seed0_d5_s80_l40_w0.8.pkl,5,80,40,0.8,0.8956816124079833,0.9471339965866045,0.9206895156395419,0.9159767700481898,0.9288309735622102,0.9223590892123927,49,25
0,143,dt_NOF_RFC_seed0_d5_s80_l40_w0.9.pkl,5,80,40,0.9,0.887382369886691,0.9617033676060442,0.9230492628550881,0.9035358329378262,0.954141085077058,0.9281491864220854,49,25
0,144,dt_NOF_RFC_seed0_d5_s80_l40_w1.0.pkl,5,80,40,1.0,0.887382369886691,0.9617033676060442,0.9230492628550881,0.9035358329378262,0.954141085077058,0.9281491864220854,49,25
0,145,dt_NOF_RFC_seed0_d5_s80_l50_w0.6.pkl,5,80,50,0.6,0.8986295928500496,0.9417225159222412,0.9196715313630636,0.9166666666666666,0.9206866307480266,0.9186722510470713,49,25
0,146,dt_NOF_RFC_seed0_d5_s80_l50_w0.7.pkl,5,80,50,0.7,0.9015643802647413,0.9356033800940765,0.9182685432966314,0.9183981866263695,0.9137952637514096,0.9160909433488256,49,25
0,147,dt_NOF_RFC_seed0_d5_s80_l50_w0.8.pkl,5,80,50,0.8,0.8878335768668769,0.9611205927652666,0.9230246457054908,0.9035129361500118,0.9538904899135446,0.9280185286767842,49,25
0,148,dt_NOF_RFC_seed0_d5_s80_l50_w0.9.pkl,5,80,50,0.9,0.8877782476644497,0.9612454730882903,0.9230523244193948,0.9035129361500118,0.9538904899135446,0.9280185286767842,49,25
0,149,dt_NOF_RFC_seed0_d5_s80_l50_w1.0.pkl,5,80,50,1.0,0.8877782476644497,0.9612454730882903,0.9230523244193948,0.9035129361500118,0.9538904899135446,0.9280185286767842,49,25
0,150,dt_NOF_RFC_seed0_d5_s80_l60_w0.6.pkl,5,80,60,0.6,0.8986647591797806,0.9413478749531698,0.9195112529733466,0.916635467365531,0.9203107380027565,0.918469426034763,47,24
0,151,dt_NOF_RFC_seed0_d5_s80_l60_w0.7.pkl,5,80,60,0.7,0.9016011878486295,0.9352287391250051,0.9181071472355032,0.9183673469387755,0.9134193710061396,0.9158866762987625,49,25
0,152,dt_NOF_RFC_seed0_d5_s80_l60_w0.8.pkl,5,80,60,0.8,0.8878928942407571,0.9607043250218541,0.9228646833013435,0.9034671099501306,0.953389299586518,0.927757117600439,49,25
0,153,dt_NOF_RFC_seed0_d5_s80_l60_w0.9.pkl,5,80,60,0.9,0.8878120072304911,0.9609124588935604,0.9229169998400768,0.9034671099501306,0.953389299586518,0.927757117600439,49,25
0,154,dt_NOF_RFC_seed0_d5_s80_l60_w1.0.pkl,5,80,60,1.0,0.8878076923076923,0.9608708321192191,0.922895468084681,0.9035858465922584,0.9535145971682747,0.9278790465158813,47,24
0,155,dt_NOF_RFC_seed0_d5_s80_l70_w0.6.pkl,5,80,70,0.6,0.8987356870229007,0.9409732339840986,0.9193695983731571,0.9166250624063904,0.9201854404209999,0.9184018007878447,47,24
0,156,dt_NOF_RFC_seed0_d5_s80_l70_w0.7.pkl,5,80,70,0.7,0.9015695877323271,0.9348957249302752,0.9179302734295173,0.9183570618621646,0.913294073424383,0.9158185701721322,47,24
0,157,dt_NOF_RFC_seed0_d5_s80_l70_w0.8.pkl,5,80,70,0.8,0.8885163776493257,0.9597885359863464,0.9227783002821524,0.9033368958555991,0.9531387044230046,0.9275698085599318,47,24
0,158,dt_NOF_RFC_seed0_d5_s80_l70_w0.9.pkl,5,80,70,0.9,0.8884607975341938,0.9599134163093702,0.9228060346552484,0.9033368958555991,0.9531387044230046,0.9275698085599318,47,24
0,159,dt_NOF_RFC_seed0_d5_s80_l70_w1.0.pkl,5,80,70,1.0,0.8884607975341938,0.9599134163093702,0.9228060346552484,0.9033368958555991,0.9531387044230046,0.9275698085599318,47,24
0,160,dt_NOF_RFC_seed0_d5_s100_l40_w0.6.pkl,5,100,40,0.6,0.8986336193199873,0.9417641426965825,0.9196934897050753,0.9166666666666666,0.9206866307480266,0.9186722510470713,49,25
0,161,dt_NOF_RFC_seed0_d5_s100_l40_w0.7.pkl,5,100,40,0.7,0.9015683285868998,0.9356450068684178,0.9182906401928341,0.9183981866263695,0.9137952637514096,0.9160909433488256,49,25
0,162,dt_NOF_RFC_seed0_d5_s100_l40_w0.8.pkl,5,100,40,0.8,0.8956816124079833,0.9471339965866045,0.9206895156395419,0.9159767700481898,0.9288309735622102,0.9223590892123927,49,25
0,163,dt_NOF_RFC_seed0_d5_s100_l40_w0.9.pkl,5,100,40,0.9,0.887382369886691,0.9617033676060442,0.9230492628550881,0.9035358329378262,0.954141085077058,0.9281491864220854,49,25
0,164,dt_NOF_RFC_seed0_d5_s100_l40_w1.0.pkl,5,100,40,1.0,0.887382369886691,0.9617033676060442,0.9230492628550881,0.9035358329378262,0.954141085077058,0.9281491864220854,49,25
0,165,dt_NOF_RFC_seed0_d5_s100_l50_w0.6.pkl,5,100,50,0.6,0.8986295928500496,0.9417225159222412,0.9196715313630636,0.9166666666666666,0.9206866307480266,0.9186722510470713,49,25
0,166,dt_NOF_RFC_seed0_d5_s100_l50_w0.7.pkl,5,100,50,0.7,0.9015643802647413,0.9356033800940765,0.9182685432966314,0.9183981866263695,0.9137952637514096,0.9160909433488256,49,25
0,167,dt_NOF_RFC_seed0_d5_s100_l50_w0.8.pkl,5,100,50,0.8,0.8878335768668769,0.9611205927652666,0.9230246457054908,0.9035129361500118,0.9538904899135446,0.9280185286767842,49,25
0,168,dt_NOF_RFC_seed0_d5_s100_l50_w0.9.pkl,5,100,50,0.9,0.8877782476644497,0.9612454730882903,0.9230523244193948,0.9035129361500118,0.9538904899135446,0.9280185286767842,49,25
0,169,dt_NOF_RFC_seed0_d5_s100_l50_w1.0.pkl,5,100,50,1.0,0.8877782476644497,0.9612454730882903,0.9230523244193948,0.9035129361500118,0.9538904899135446,0.9280185286767842,49,25
0,170,dt_NOF_RFC_seed0_d5_s100_l60_w0.6.pkl,5,100,60,0.6,0.8986647591797806,0.9413478749531698,0.9195112529733466,0.916635467365531,0.9203107380027565,0.918469426034763,47,24
0,171,dt_NOF_RFC_seed0_d5_s100_l60_w0.7.pkl,5,100,60,0.7,0.9016011878486295,0.9352287391250051,0.9181071472355032,0.9183673469387755,0.9134193710061396,0.9158866762987625,49,25
0,172,dt_NOF_RFC_seed0_d5_s100_l60_w0.8.pkl,5,100,60,0.8,0.8878928942407571,0.9607043250218541,0.9228646833013435,0.9034671099501306,0.953389299586518,0.927757117600439,49,25
0,173,dt_NOF_RFC_seed0_d5_s100_l60_w0.9.pkl,5,100,60,0.9,0.8878120072304911,0.9609124588935604,0.9229169998400768,0.9034671099501306,0.953389299586518,0.927757117600439,49,25
0,174,dt_NOF_RFC_seed0_d5_s100_l60_w1.0.pkl,5,100,60,1.0,0.8878076923076923,0.9608708321192191,0.922895468084681,0.9035858465922584,0.9535145971682747,0.9278790465158813,47,24
0,175,dt_NOF_RFC_seed0_d5_s100_l70_w0.6.pkl,5,100,70,0.6,0.8987356870229007,0.9409732339840986,0.9193695983731571,0.9166250624063904,0.9201854404209999,0.9184018007878447,47,24
0,176,dt_NOF_RFC_seed0_d5_s100_l70_w0.7.pkl,5,100,70,0.7,0.9015695877323271,0.9348957249302752,0.9179302734295173,0.9183570618621646,0.913294073424383,0.9158185701721322,47,24
0,177,dt_NOF_RFC_seed0_d5_s100_l70_w0.8.pkl,5,100,70,0.8,0.8885163776493257,0.9597885359863464,0.9227783002821524,0.9033368958555991,0.9531387044230046,0.9275698085599318,47,24
0,178,dt_NOF_RFC_seed0_d5_s100_l70_w0.9.pkl,5,100,70,0.9,0.8884607975341938,0.9599134163093702,0.9228060346552484,0.9033368958555991,0.9531387044230046,0.9275698085599318,47,24
0,179,dt_NOF_RFC_seed0_d5_s100_l70_w1.0.pkl,5,100,70,1.0,0.8884607975341938,0.9599134163093702,0.9228060346552484,0.9033368958555991,0.9531387044230046,0.9275698085599318,47,24
1,180,dt_NOF_RFC_seed1_d3_s60_l40_w0.6.pkl,3,60,40,0.6,0.896454996341166,0.9207098121085595,0.9084205322567356,0.9296551724137931,0.9205363794387882,0.9250733046353484,15,8
1,181,dt_NOF_RFC_seed1_d3_s60_l40_w0.7.pkl,3,60,40,0.7,0.8957497670272679,0.923089770354906,0.9092142871830725,0.9290362953692115,0.9216538366029302,0.925330341560708,15,8
1,182,dt_NOF_RFC_seed1_d3_s60_l40_w0.8.pkl,3,60,40,0.8,0.8957497670272679,0.923089770354906,0.9092142871830725,0.9290362953692115,0.9216538366029302,0.925330341560708,15,8
1,183,dt_NOF_RFC_seed1_d3_s60_l40_w0.9.pkl,3,60,40,0.9,0.8918174194321313,0.9324425887265135,0.9116776550795044,0.9239636987981359,0.9354358082940154,0.9296643632773939,15,8
1,184,dt_NOF_RFC_seed1_d3_s60_l40_w1.0.pkl,3,60,40,1.0,0.884733626493365,0.9492693110647181,0.9158660140592584,0.9217064598230518,0.9442513037000249,0.9328426862925483,15,8
1,185,dt_NOF_RFC_seed1_d3_s60_l50_w0.6.pkl,3,60,50,0.6,0.896454996341166,0.9207098121085595,0.9084205322567356,0.9296551724137931,0.9205363794387882,0.9250733046353484,15,8
1,186,dt_NOF_RFC_seed1_d3_s60_l50_w0.7.pkl,3,60,50,0.7,0.8957497670272679,0.923089770354906,0.9092142871830725,0.9290362953692115,0.9216538366029302,0.925330341560708,15,8
1,187,dt_NOF_RFC_seed1_d3_s60_l50_w0.8.pkl,3,60,50,0.8,0.8957497670272679,0.923089770354906,0.9092142871830725,0.9290362953692115,0.9216538366029302,0.925330341560708,15,8
1,188,dt_NOF_RFC_seed1_d3_s60_l50_w0.9.pkl,3,60,50,0.9,0.8918174194321313,0.9324425887265135,0.9116776550795044,0.9239636987981359,0.9354358082940154,0.9296643632773939,15,8
1,189,dt_NOF_RFC_seed1_d3_s60_l50_w1.0.pkl,3,60,50,1.0,0.884733626493365,0.9492693110647181,0.9158660140592584,0.9217064598230518,0.9442513037000249,0.9328426862925483,15,8
1,190,dt_NOF_RFC_seed1_d3_s60_l60_w0.6.pkl,3,60,60,0.6,0.896454996341166,0.9207098121085595,0.9084205322567356,0.9296551724137931,0.9205363794387882,0.9250733046353484,15,8
1,191,dt_NOF_RFC_seed1_d3_s60_l60_w0.7.pkl,3,60,60,0.7,0.8957497670272679,0.923089770354906,0.9092142871830725,0.9290362953692115,0.9216538366029302,0.925330341560708,15,8
1,192,dt_NOF_RFC_seed1_d3_s60_l60_w0.8.pkl,3,60,60,0.8,0.8957497670272679,0.923089770354906,0.9092142871830725,0.9290362953692115,0.9216538366029302,0.925330341560708,15,8
1,193,dt_NOF_RFC_seed1_d3_s60_l60_w0.9.pkl,3,60,60,0.9,0.8918174194321313,0.9324425887265135,0.9116776550795044,0.9239636987981359,0.9354358082940154,0.9296643632773939,15,8
1,194,dt_NOF_RFC_seed1_d3_s60_l60_w1.0.pkl,3,60,60,1.0,0.8846692607003891,0.9493110647181628,0.9158509566968781,0.9217064598230518,0.9442513037000249,0.9328426862925483,15,8
1,195,dt_NOF_RFC_seed1_d3_s60_l70_w0.6.pkl,3,60,70,0.6,0.896454996341166,0.9207098121085595,0.9084205322567356,0.9296551724137931,0.9205363794387882,0.9250733046353484,15,8
1,196,dt_NOF_RFC_seed1_d3_s60_l70_w0.7.pkl,3,60,70,0.7,0.8957497670272679,0.923089770354906,0.9092142871830725,0.9290362953692115,0.9216538366029302,0.925330341560708,15,8
1,197,dt_NOF_RFC_seed1_d3_s60_l70_w0.8.pkl,3,60,70,0.8,0.8957497670272679,0.923089770354906,0.9092142871830725,0.9290362953692115,0.9216538366029302,0.925330341560708,15,8
1,198,dt_NOF_RFC_seed1_d3_s60_l70_w0.9.pkl,3,60,70,0.9,0.8918174194321313,0.9324425887265135,0.9116776550795044,0.9239636987981359,0.9354358082940154,0.9296643632773939,15,8
1,199,dt_NOF_RFC_seed1_d3_s60_l70_w1.0.pkl,3,60,70,1.0,0.884789391575663,0.947223382045929,0.9149425287356322,0.9221709567751336,0.9430096846287559,0.9324739103744628,15,8
1,200,dt_NOF_RFC_seed1_d3_s80_l40_w0.6.pkl,3,80,40,0.6,0.896454996341166,0.9207098121085595,0.9084205322567356,0.9296551724137931,0.9205363794387882,0.9250733046353484,15,8
1,201,dt_NOF_RFC_seed1_d3_s80_l40_w0.7.pkl,3,80,40,0.7,0.8957497670272679,0.923089770354906,0.9092142871830725,0.9290362953692115,0.9216538366029302,0.925330341560708,15,8
1,202,dt_NOF_RFC_seed1_d3_s80_l40_w0.8.pkl,3,80,40,0.8,0.8957497670272679,0.923089770354906,0.9092142871830725,0.9290362953692115,0.9216538366029302,0.925330341560708,15,8
1,203,dt_NOF_RFC_seed1_d3_s80_l40_w0.9.pkl,3,80,40,0.9,0.8918174194321313,0.9324425887265135,0.9116776550795044,0.9239636987981359,0.9354358082940154,0.9296643632773939,15,8
1,204,dt_NOF_RFC_seed1_d3_s80_l40_w1.0.pkl,3,80,40,1.0,0.884733626493365,0.9492693110647181,0.9158660140592584,0.9217064598230518,0.9442513037000249,0.9328426862925483,15,8
1,205,dt_NOF_RFC_seed1_d3_s80_l50_w0.6.pkl,3,80,50,0.6,0.896454996341166,0.9207098121085595,0.9084205322567356,0.9296551724137931,0.9205363794387882,0.9250733046353484,15,8
1,206,dt_NOF_RFC_seed1_d3_s80_l50_w0.7.pkl,3,80,50,0.7,0.8957497670272679,0.923089770354906,0.9092142871830725,0.9290362953692115,0.9216538366029302,0.925330341560708,15,8
1,207,dt_NOF_RFC_seed1_d3_s80_l50_w0.8.pkl,3,80,50,0.8,0.8957497670272679,0.923089770354906,0.9092142871830725,0.9290362953692115,0.9216538366029302,0.925330341560708,15,8
1,208,dt_NOF_RFC_seed1_d3_s80_l50_w0.9.pkl,3,80,50,0.9,0.8918174194321313,0.9324425887265135,0.9116776550795044,0.9239636987981359,0.9354358082940154,0.9296643632773939,15,8
1,209,dt_NOF_RFC_seed1_d3_s80_l50_w1.0.pkl,3,80,50,1.0,0.884733626493365,0.9492693110647181,0.9158660140592584,0.9217064598230518,0.9442513037000249,0.9328426862925483,15,8
1,210,dt_NOF_RFC_seed1_d3_s80_l60_w0.6.pkl,3,80,60,0.6,0.896454996341166,0.9207098121085595,0.9084205322567356,0.9296551724137931,0.9205363794387882,0.9250733046353484,15,8
1,211,dt_NOF_RFC_seed1_d3_s80_l60_w0.7.pkl,3,80,60,0.7,0.8957497670272679,0.923089770354906,0.9092142871830725,0.9290362953692115,0.9216538366029302,0.925330341560708,15,8
1,212,dt_NOF_RFC_seed1_d3_s80_l60_w0.8.pkl,3,80,60,0.8,0.8957497670272679,0.923089770354906,0.9092142871830725,0.9290362953692115,0.9216538366029302,0.925330341560708,15,8
1,213,dt_NOF_RFC_seed1_d3_s80_l60_w0.9.pkl,3,80,60,0.9,0.8918174194321313,0.9324425887265135,0.9116776550795044,0.9239636987981359,0.9354358082940154,0.9296643632773939,15,8
1,214,dt_NOF_RFC_seed1_d3_s80_l60_w1.0.pkl,3,80,60,1.0,0.8846692607003891,0.9493110647181628,0.9158509566968781,0.9217064598230518,0.9442513037000249,0.9328426862925483,15,8
1,215,dt_NOF_RFC_seed1_d3_s80_l70_w0.6.pkl,3,80,70,0.6,0.896454996341166,0.9207098121085595,0.9084205322567356,0.9296551724137931,0.9205363794387882,0.9250733046353484,15,8
1,216,dt_NOF_RFC_seed1_d3_s80_l70_w0.7.pkl,3,80,70,0.7,0.8957497670272679,0.923089770354906,0.9092142871830725,0.9290362953692115,0.9216538366029302,0.925330341560708,15,8
1,217,dt_NOF_RFC_seed1_d3_s80_l70_w0.8.pkl,3,80,70,0.8,0.8957497670272679,0.923089770354906,0.9092142871830725,0.9290362953692115,0.9216538366029302,0.925330341560708,15,8
1,218,dt_NOF_RFC_seed1_d3_s80_l70_w0.9.pkl,3,80,70,0.9,0.8918174194321313,0.9324425887265135,0.9116776550795044,0.9239636987981359,0.9354358082940154,0.9296643632773939,15,8
1,219,dt_NOF_RFC_seed1_d3_s80_l70_w1.0.pkl,3,80,70,1.0,0.884789391575663,0.947223382045929,0.9149425287356322,0.9221709567751336,0.9430096846287559,0.9324739103744628,15,8
1,220,dt_NOF_RFC_seed1_d3_s100_l40_w0.6.pkl,3,100,40,0.6,0.896454996341166,0.9207098121085595,0.9084205322567356,0.9296551724137931,0.9205363794387882,0.9250733046353484,15,8
1,221,dt_NOF_RFC_seed1_d3_s100_l40_w0.7.pkl,3,100,40,0.7,0.8957497670272679,0.923089770354906,0.9092142871830725,0.9290362953692115,0.9216538366029302,0.925330341560708,15,8
1,222,dt_NOF_RFC_seed1_d3_s100_l40_w0.8.pkl,3,100,40,0.8,0.8957497670272679,0.923089770354906,0.9092142871830725,0.9290362953692115,0.9216538366029302,0.925330341560708,15,8
1,223,dt_NOF_RFC_seed1_d3_s100_l40_w0.9.pkl,3,100,40,0.9,0.8918174194321313,0.9324425887265135,0.9116776550795044,0.9239636987981359,0.9354358082940154,0.9296643632773939,15,8
1,224,dt_NOF_RFC_seed1_d3_s100_l40_w1.0.pkl,3,100,40,1.0,0.884733626493365,0.9492693110647181,0.9158660140592584,0.9217064598230518,0.9442513037000249,0.9328426862925483,15,8
1,225,dt_NOF_RFC_seed1_d3_s100_l50_w0.6.pkl,3,100,50,0.6,0.896454996341166,0.9207098121085595,0.9084205322567356,0.9296551724137931,0.9205363794387882,0.9250733046353484,15,8
1,226,dt_NOF_RFC_seed1_d3_s100_l50_w0.7.pkl,3,100,50,0.7,0.8957497670272679,0.923089770354906,0.9092142871830725,0.9290362953692115,0.9216538366029302,0.925330341560708,15,8
1,227,dt_NOF_RFC_seed1_d3_s100_l50_w0.8.pkl,3,100,50,0.8,0.8957497670272679,0.923089770354906,0.9092142871830725,0.9290362953692115,0.9216538366029302,0.925330341560708,15,8
1,228,dt_NOF_RFC_seed1_d3_s100_l50_w0.9.pkl,3,100,50,0.9,0.8918174194321313,0.9324425887265135,0.9116776550795044,0.9239636987981359,0.9354358082940154,0.9296643632773939,15,8
1,229,dt_NOF_RFC_seed1_d3_s100_l50_w1.0.pkl,3,100,50,1.0,0.884733626493365,0.9492693110647181,0.9158660140592584,0.9217064598230518,0.9442513037000249,0.9328426862925483,15,8
1,230,dt_NOF_RFC_seed1_d3_s100_l60_w0.6.pkl,3,100,60,0.6,0.896454996341166,0.9207098121085595,0.9084205322567356,0.9296551724137931,0.9205363794387882,0.9250733046353484,15,8
1,231,dt_NOF_RFC_seed1_d3_s100_l60_w0.7.pkl,3,100,60,0.7,0.8957497670272679,0.923089770354906,0.9092142871830725,0.9290362953692115,0.9216538366029302,0.925330341560708,15,8
1,232,dt_NOF_RFC_seed1_d3_s100_l60_w0.8.pkl,3,100,60,0.8,0.8957497670272679,0.923089770354906,0.9092142871830725,0.9290362953692115,0.9216538366029302,0.925330341560708,15,8
1,233,dt_NOF_RFC_seed1_d3_s100_l60_w0.9.pkl,3,100,60,0.9,0.8918174194321313,0.9324425887265135,0.9116776550795044,0.9239636987981359,0.9354358082940154,0.9296643632773939,15,8
1,234,dt_NOF_RFC_seed1_d3_s100_l60_w1.0.pkl,3,100,60,1.0,0.8846692607003891,0.9493110647181628,0.9158509566968781,0.9217064598230518,0.9442513037000249,0.9328426862925483,15,8
1,235,dt_NOF_RFC_seed1_d3_s100_l70_w0.6.pkl,3,100,70,0.6,0.896454996341166,0.9207098121085595,0.9084205322567356,0.9296551724137931,0.9205363794387882,0.9250733046353484,15,8
1,236,dt_NOF_RFC_seed1_d3_s100_l70_w0.7.pkl,3,100,70,0.7,0.8957497670272679,0.923089770354906,0.9092142871830725,0.9290362953692115,0.9216538366029302,0.925330341560708,15,8
1,237,dt_NOF_RFC_seed1_d3_s100_l70_w0.8.pkl,3,100,70,0.8,0.8957497670272679,0.923089770354906,0.9092142871830725,0.9290362953692115,0.9216538366029302,0.925330341560708,15,8
1,238,dt_NOF_RFC_seed1_d3_s100_l70_w0.9.pkl,3,100,70,0.9,0.8918174194321313,0.9324425887265135,0.9116776550795044,0.9239636987981359,0.9354358082940154,0.9296643632773939,15,8
1,239,dt_NOF_RFC_seed1_d3_s100_l70_w1.0.pkl,3,100,70,1.0,0.884789391575663,0.947223382045929,0.9149425287356322,0.9221709567751336,0.9430096846287559,0.9324739103744628,15,8
1,240,dt_NOF_RFC_seed1_d4_s60_l40_w0.6.pkl,4,60,40,0.6,0.9020438376444463,0.915866388308977,0.9089025628276047,0.9314826498422712,0.9165631984107276,0.9239627010451217,31,16
1,241,dt_NOF_RFC_seed1_d4_s60_l40_w0.7.pkl,4,60,40,0.7,0.8949821220521473,0.9301461377870563,0.9122253844106386,0.9209336429182451,0.9356841321082692,0.9282502925417256,31,16
1,242,dt_NOF_RFC_seed1_d4_s60_l40_w0.8.pkl,4,60,40,0.8,0.8761377427184466,0.9645929018789144,0.9182399936404467,0.9088664158043274,0.9596473801837596,0.9335668559004711,31,16
1,243,dt_NOF_RFC_seed1_d4_s60_l40_w0.9.pkl,4,60,40,0.9,0.8748773677458305,0.9681002087682672,0.9191310552604456,0.9115983026874116,0.9602681897193941,0.935300520014512,29,15
1,244,dt_NOF_RFC_seed1_d4_s60_l40_w1.0.pkl,4,60,40,1.0,0.8840501446480231,0.9569519832985386,0.9190576441102757,0.9165872259294566,0.9550533896200646,0.9354250273622765,27,14
1,245,dt_NOF_RFC_seed1_d4_s60_l50_w0.6.pkl,4,60,50,0.6,0.9020438376444463,0.915866388308977,0.9089025628276047,0.9314826498422712,0.9165631984107276,0.9239627010451217,31,16
1,246,dt_NOF_RFC_seed1_d4_s60_l50_w0.7.pkl,4,60,50,0.7,0.8949821220521473,0.9301461377870563,0.9122253844106386,0.9209336429182451,0.9356841321082692,0.9282502925417256,29,15
1,247,dt_NOF_RFC_seed1_d4_s60_l50_w0.8.pkl,4,60,50,0.8,0.8761377427184466,0.9645929018789144,0.9182399936404467,0.9088664158043274,0.9596473801837596,0.9335668559004711,29,15
1,248,dt_NOF_RFC_seed1_d4_s60_l50_w0.9.pkl,4,60,50,0.9,0.8748773677458305,0.9681002087682672,0.9191310552604456,0.9115983026874116,0.9602681897193941,0.935300520014512,29,15
1,249,dt_NOF_RFC_seed1_d4_s60_l50_w1.0.pkl,4,60,50,1.0,0.8840501446480231,0.9569519832985386,0.9190576441102757,0.9165872259294566,0.9550533896200646,0.9354250273622765,27,14
1,250,dt_NOF_RFC_seed1_d4_s60_l60_w0.6.pkl,4,60,60,0.6,0.9020438376444463,0.915866388308977,0.9089025628276047,0.9314826498422712,0.9165631984107276,0.9239627010451217,31,16
1,251,dt_NOF_RFC_seed1_d4_s60_l60_w0.7.pkl,4,60,60,0.7,0.8949821220521473,0.9301461377870563,0.9122253844106386,0.9209336429182451,0.9356841321082692,0.9282502925417256,29,15
1,252,dt_NOF_RFC_seed1_d4_s60_l60_w0.8.pkl,4,60,60,0.8,0.8761377427184466,0.9645929018789144,0.9182399936404467,0.9088664158043274,0.9596473801837596,0.9335668559004711,29,15
1,253,dt_NOF_RFC_seed1_d4_s60_l60_w0.9.pkl,4,60,60,0.9,0.8748773677458305,0.9681002087682672,0.9191310552604456,0.9115983026874116,0.9602681897193941,0.935300520014512,29,15
1,254,dt_NOF_RFC_seed1_d4_s60_l60_w1.0.pkl,4,60,60,1.0,0.8839864239432274,0.9569937369519833,0.9190424636112113,0.9165872259294566,0.9550533896200646,0.9354250273622765,27,14
1,255,dt_NOF_RFC_seed1_d4_s60_l70_w0.6.pkl,4,60,70,0.6,0.9020438376444463,0.915866388308977,0.9089025628276047,0.9314826498422712,0.9165631984107276,0.9239627010451217,29,15
1,256,dt_NOF_RFC_seed1_d4_s60_l70_w0.7.pkl,4,60,70,0.7,0.8949821220521473,0.9301461377870563,0.9122253844106386,0.9209336429182451,0.9356841321082692,0.9282502925417256,29,15
1,257,dt_NOF_RFC_seed1_d4_s60_l70_w0.8.pkl,4,60,70,0.8,0.8761377427184466,0.9645929018789144,0.9182399936404467,0.9088664158043274,0.9596473801837596,0.9335668559004711,29,15
1,258,dt_NOF_RFC_seed1_d4_s60_l70_w0.9.pkl,4,60,70,0.9,0.8748773677458305,0.9681002087682672,0.9191310552604456,0.9115983026874116,0.9602681897193941,0.935300520014512,29,15
1,259,dt_NOF_RFC_seed1_d4_s60_l70_w1.0.pkl,4,60,70,1.0,0.8841039121694758,0.9549060542797495,0.9181420370147336,0.9170347379730214,0.9538117705487956,0.9350617734769643,29,15
1,260,dt_NOF_RFC_seed1_d4_s80_l40_w0.6.pkl,4,80,40,0.6,0.9020438376444463,0.915866388308977,0.9089025628276047,0.9314826498422712,0.9165631984107276,0.9239627010451217,31,16
1,261,dt_NOF_RFC_seed1_d4_s80_l40_w0.7.pkl,4,80,40,0.7,0.8949821220521473,0.9301461377870563,0.9122253844106386,0.9209336429182451,0.9356841321082692,0.9282502925417256,31,16
1,262,dt_NOF_RFC_seed1_d4_s80_l40_w0.8.pkl,4,80,40,0.8,0.8761377427184466,0.9645929018789144,0.9182399936404467,0.9088664158043274,0.9596473801837596,0.9335668559004711,31,16
1,263,dt_NOF_RFC_seed1_d4_s80_l40_w0.9.pkl,4,80,40,0.9,0.8748773677458305,0.9681002087682672,0.9191310552604456,0.9115983026874116,0.9602681897193941,0.935300520014512,29,15
1,264,dt_NOF_RFC_seed1_d4_s80_l40_w1.0.pkl,4,80,40,1.0,0.8840501446480231,0.9569519832985386,0.9190576441102757,0.9165872259294566,0.9550533896200646,0.9354250273622765,27,14
1,265,dt_NOF_RFC_seed1_d4_s80_l50_w0.6.pkl,4,80,50,0.6,0.9020438376444463,0.915866388308977,0.9089025628276047,0.9314826498422712,0.9165631984107276,0.9239627010451217,31,16
1,266,dt_NOF_RFC_seed1_d4_s80_l50_w0.7.pkl,4,80,50,0.7,0.8949821220521473,0.9301461377870563,0.9122253844106386,0.9209336429182451,0.9356841321082692,0.9282502925417256,29,15
1,267,dt_NOF_RFC_seed1_d4_s80_l50_w0.8.pkl,4,80,50,0.8,0.8761377427184466,0.9645929018789144,0.9182399936404467,0.9088664158043274,0.9596473801837596,0.9335668559004711,29,15
1,268,dt_NOF_RFC_seed1_d4_s80_l50_w0.9.pkl,4,80,50,0.9,0.8748773677458305,0.9681002087682672,0.9191310552604456,0.9115983026874116,0.9602681897193941,0.935300520014512,29,15
1,269,dt_NOF_RFC_seed1_d4_s80_l50_w1.0.pkl,4,80,50,1.0,0.8840501446480231,0.9569519832985386,0.9190576441102757,0.9165872259294566,0.9550533896200646,0.9354250273622765,27,14
1,270,dt_NOF_RFC_seed1_d4_s80_l60_w0.6.pkl,4,80,60,0.6,0.9020438376444463,0.915866388308977,0.9089025628276047,0.9314826498422712,0.9165631984107276,0.9239627010451217,31,16
1,271,dt_NOF_RFC_seed1_d4_s80_l60_w0.7.pkl,4,80,60,0.7,0.8949821220521473,0.9301461377870563,0.9122253844106386,0.9209336429182451,0.9356841321082692,0.9282502925417256,29,15
1,272,dt_NOF_RFC_seed1_d4_s80_l60_w0.8.pkl,4,80,60,0.8,0.8761377427184466,0.9645929018789144,0.9182399936404467,0.9088664158043274,0.9596473801837596,0.9335668559004711,29,15
1,273,dt_NOF_RFC_seed1_d4_s80_l60_w0.9.pkl,4,80,60,0.9,0.8748773677458305,0.9681002087682672,0.9191310552604456,0.9115983026874116,0.9602681897193941,0.935300520014512,29,15
1,274,dt_NOF_RFC_seed1_d4_s80_l60_w1.0.pkl,4,80,60,1.0,0.8839864239432274,0.9569937369519833,0.9190424636112113,0.9165872259294566,0.9550533896200646,0.9354250273622765,27,14
1,275,dt_NOF_RFC_seed1_d4_s80_l70_w0.6.pkl,4,80,70,0.6,0.9020438376444463,0.915866388308977,0.9089025628276047,0.9314826498422712,0.9165631984107276,0.9239627010451217,29,15
1,276,dt_NOF_RFC_seed1_d4_s80_l70_w0.7.pkl,4,80,70,0.7,0.8949821220521473,0.9301461377870563,0.9122253844106386,0.9209336429182451,0.9356841321082692,0.9282502925417256,29,15
1,277,dt_NOF_RFC_seed1_d4_s80_l70_w0.8.pkl,4,80,70,0.8,0.8761377427184466,0.9645929018789144,0.9182399936404467,0.9088664158043274,0.9596473801837596,0.9335668559004711,29,15
1,278,dt_NOF_RFC_seed1_d4_s80_l70_w0.9.pkl,4,80,70,0.9,0.8748773677458305,0.9681002087682672,0.9191310552604456,0.9115983026874116,0.9602681897193941,0.935300520014512,29,15
1,279,dt_NOF_RFC_seed1_d4_s80_l70_w1.0.pkl,4,80,70,1.0,0.8841039121694758,0.9549060542797495,0.9181420370147336,0.9170347379730214,0.9538117705487956,0.9350617734769643,29,15
1,280,dt_NOF_RFC_seed1_d4_s100_l40_w0.6.pkl,4,100,40,0.6,0.9020438376444463,0.915866388308977,0.9089025628276047,0.9314826498422712,0.9165631984107276,0.9239627010451217,31,16
1,281,dt_NOF_RFC_seed1_d4_s100_l40_w0.7.pkl,4,100,40,0.7,0.8949821220521473,0.9301461377870563,0.9122253844106386,0.9209336429182451,0.9356841321082692,0.9282502925417256,29,15
1,282,dt_NOF_RFC_seed1_d4_s100_l40_w0.8.pkl,4,100,40,0.8,0.8761377427184466,0.9645929018789144,0.9182399936404467,0.9088664158043274,0.9596473801837596,0.9335668559004711,29,15
1,283,dt_NOF_RFC_seed1_d4_s100_l40_w0.9.pkl,4,100,40,0.9,0.8748773677458305,0.9681002087682672,0.9191310552604456,0.9115983026874116,0.9602681897193941,0.935300520014512,29,15
1,284,dt_NOF_RFC_seed1_d4_s100_l40_w1.0.pkl,4,100,40,1.0,0.8840501446480231,0.9569519832985386,0.9190576441102757,0.9165872259294566,0.9550533896200646,0.9354250273622765,27,14
1,285,dt_NOF_RFC_seed1_d4_s100_l50_w0.6.pkl,4,100,50,0.6,0.9020438376444463,0.915866388308977,0.9089025628276047,0.9314826498422712,0.9165631984107276,0.9239627010451217,31,16
1,286,dt_NOF_RFC_seed1_d4_s100_l50_w0.7.pkl,4,100,50,0.7,0.8949821220521473,0.9301461377870563,0.9122253844106386,0.9209336429182451,0.9356841321082692,0.9282502925417256,29,15
1,287,dt_NOF_RFC_seed1_d4_s100_l50_w0.8.pkl,4,100,50,0.8,0.8761377427184466,0.9645929018789144,0.9182399936404467,0.9088664158043274,0.9596473801837596,0.9335668559004711,29,15
1,288,dt_NOF_RFC_seed1_d4_s100_l50_w0.9.pkl,4,100,50,0.9,0.8748773677458305,0.9681002087682672,0.9191310552604456,0.9115983026874116,0.9602681897193941,0.935300520014512,29,15
1,289,dt_NOF_RFC_seed1_d4_s100_l50_w1.0.pkl,4,100,50,1.0,0.8840501446480231,0.9569519832985386,0.9190576441102757,0.9165872259294566,0.9550533896200646,0.9354250273622765,27,14
1,290,dt_NOF_RFC_seed1_d4_s100_l60_w0.6.pkl,4,100,60,0.6,0.9020438376444463,0.915866388308977,0.9089025628276047,0.9314826498422712,0.9165631984107276,0.9239627010451217,31,16
1,291,dt_NOF_RFC_seed1_d4_s100_l60_w0.7.pkl,4,100,60,0.7,0.8949821220521473,0.9301461377870563,0.9122253844106386,0.9209336429182451,0.9356841321082692,0.9282502925417256,29,15
1,292,dt_NOF_RFC_seed1_d4_s100_l60_w0.8.pkl,4,100,60,0.8,0.8761377427184466,0.9645929018789144,0.9182399936404467,0.9088664158043274,0.9596473801837596,0.9335668559004711,29,15
1,293,dt_NOF_RFC_seed1_d4_s100_l60_w0.9.pkl,4,100,60,0.9,0.8748773677458305,0.9681002087682672,0.9191310552604456,0.9115983026874116,0.9602681897193941,0.935300520014512,29,15
1,294,dt_NOF_RFC_seed1_d4_s100_l60_w1.0.pkl,4,100,60,1.0,0.8839864239432274,0.9569937369519833,0.9190424636112113,0.9165872259294566,0.9550533896200646,0.9354250273622765,27,14
1,295,dt_NOF_RFC_seed1_d4_s100_l70_w0.6.pkl,4,100,70,0.6,0.9020438376444463,0.915866388308977,0.9089025628276047,0.9314826498422712,0.9165631984107276,0.9239627010451217,29,15
1,296,dt_NOF_RFC_seed1_d4_s100_l70_w0.7.pkl,4,100,70,0.7,0.8949821220521473,0.9301461377870563,0.9122253844106386,0.9209336429182451,0.9356841321082692,0.9282502925417256,29,15
1,297,dt_NOF_RFC_seed1_d4_s100_l70_w0.8.pkl,4,100,70,0.8,0.8761377427184466,0.9645929018789144,0.9182399936404467,0.9088664158043274,0.9596473801837596,0.9335668559004711,29,15
1,298,dt_NOF_RFC_seed1_d4_s100_l70_w0.9.pkl,4,100,70,0.9,0.8748773677458305,0.9681002087682672,0.9191310552604456,0.9115983026874116,0.9602681897193941,0.935300520014512,29,15
1,299,dt_NOF_RFC_seed1_d4_s100_l70_w1.0.pkl,4,100,70,1.0,0.8841039121694758,0.9549060542797495,0.9181420370147336,0.9170347379730214,0.9538117705487956,0.9350617734769643,29,15
1,300,dt_NOF_RFC_seed1_d5_s60_l40_w0.6.pkl,5,60,40,0.6,0.9028566757938616,0.9224217118997913,0.9125343356946654,0.9252730883813307,0.9255028557238639,0.9253879577901925,59,30
1,301,dt_NOF_RFC_seed1_d5_s60_l40_w0.7.pkl,5,60,40,0.7,0.8897357723577236,0.9504384133611691,0.9190858804053781,0.9167270969301426,0.9417680655574869,0.929078882900539,59,30
1,302,dt_NOF_RFC_seed1_d5_s60_l40_w0.8.pkl,5,60,40,0.8,0.8810013717421125,0.9653862212943632,0.9212654898991911,0.9126466753585397,0.9560466848770797,0.9338427020799224,57,29
1,303,dt_NOF_RFC_seed1_d5_s60_l40_w0.9.pkl,5,60,40,0.9,0.8776559546313799,0.9692693110647181,0.9211904761904762,0.9080486663547028,0.9637447231189471,0.935068064088664,55,28
1,304,dt_NOF_RFC_seed1_d5_s60_l40_w1.0.pkl,5,60,40,1.0,0.8856215464276054,0.9569519832985386,0.91990607878946,0.917921146953405,0.9539359324559226,0.9355820750121773,51,26
1,305,dt_NOF_RFC_seed1_d5_s60_l50_w0.6.pkl,5,60,50,0.6,0.9029078565293853,0.9217954070981211,0.9122538790520857,0.9253508880884362,0.9250062080953564,0.9251785159888234,57,29
1,306,dt_NOF_RFC_seed1_d5_s60_l50_w0.7.pkl,5,60,50,0.7,0.889396959393442,0.9501878914405011,0.9187879766639078,0.9164251207729469,0.9421405512788676,0.9291049344924697,53,27
1,307,dt_NOF_RFC_seed1_d5_s60_l50_w0.8.pkl,5,60,50,0.8,0.8803942461374534,0.9659707724425888,0.9211993310504101,0.9117368670137246,0.9567916563198411,0.9337210711256513,53,27
1,308,dt_NOF_RFC_seed1_d5_s60_l50_w0.9.pkl,5,60,50,0.9,0.8773135906927552,0.9697703549060542,0.9212279866730129,0.9077300900479476,0.9637447231189471,0.9348991267690455,51,26
1,309,dt_NOF_RFC_seed1_d5_s60_l50_w1.0.pkl,5,60,50,1.0,0.885491166350949,0.9563674321503132,0.9195656101330871,0.9176821983273596,0.9536876086416687,0.9353385289819776,51,26
1,310,dt_NOF_RFC_seed1_d5_s60_l60_w0.6.pkl,5,60,60,0.6,0.9029814071586535,0.9206263048016702,0.9117184915646709,0.9261194029850747,0.9245095604668487,0.9253137815334908,55,28
1,311,dt_NOF_RFC_seed1_d5_s60_l60_w0.7.pkl,5,60,60,0.7,0.889510544230995,0.9492693110647181,0.9184188733361611,0.916807738814994,0.9413955798361063,0.9289389855427591,53,27
1,312,dt_NOF_RFC_seed1_d5_s60_l60_w0.8.pkl,5,60,60,0.8,0.880499790484172,0.9650939457202505,0.9208581502360511,0.912106135986733,0.9560466848770797,0.9335596508244423,53,27
1,313,dt_NOF_RFC_seed1_d5_s60_l60_w0.9.pkl,5,60,60,0.9,0.87709286065233,0.9689770354906054,0.920748279077149,0.9080916744621141,0.9642413707474546,0.9353245814765747,51,26
1,314,dt_NOF_RFC_seed1_d5_s60_l60_w1.0.pkl,5,60,60,1.0,0.8834899122131527,0.9580793319415449,0.9192740675453708,0.916994164582589,0.9560466848770797,0.9361133061819951,47,24
1,315,dt_NOF_RFC_seed1_d5_s60_l70_w0.6.pkl,5,60,70,0.6,0.9019407558733401,0.9217118997912317,0.9117191533298916,0.9255860101699119,0.926620312888006,0.9261028727430664,53,27
1,316,dt_NOF_RFC_seed1_d5_s60_l70_w0.7.pkl,5,60,70,0.7,0.8894977883900262,0.9488100208768268,0.9181970624482292,0.9168985121567679,0.9411472560218525,0.9288646529011703,53,27
1,317,dt_NOF_RFC_seed1_d5_s60_l70_w0.8.pkl,5,60,70,0.8,0.879513492968453,0.9661795407098122,0.9208117787504975,0.9116152664539762,0.9579091134839831,0.9341890173760368,53,27
1,318,dt_NOF_RFC_seed1_d5_s60_l70_w0.9.pkl,5,60,70,0.9,0.8751786923482056,0.971356993736952,0.9207630808200744,0.9066215901142457,0.9656071517258505,0.9351851851851852,49,25
1,319,dt_NOF_RFC_seed1_d5_s60_l70_w1.0.pkl,5,60,70,1.0,0.8833243305810633,0.9559081419624217,0.9181840057752466,0.9169649248389405,0.9543084181773032,0.9352640545144804,49,25
1,320,dt_NOF_RFC_seed1_d5_s80_l40_w0.6.pkl,5,80,40,0.6,0.9028566757938616,0.9224217118997913,0.9125343356946654,0.9252730883813307,0.9255028557238639,0.9253879577901925,59,30
1,321,dt_NOF_RFC_seed1_d5_s80_l40_w0.7.pkl,5,80,40,0.7,0.8897357723577236,0.9504384133611691,0.9190858804053781,0.9167270969301426,0.9417680655574869,0.929078882900539,59,30
1,322,dt_NOF_RFC_seed1_d5_s80_l40_w0.8.pkl,5,80,40,0.8,0.8810013717421125,0.9653862212943632,0.9212654898991911,0.9126466753585397,0.9560466848770797,0.9338427020799224,57,29
1,323,dt_NOF_RFC_seed1_d5_s80_l40_w0.9.pkl,5,80,40,0.9,0.8776559546313799,0.9692693110647181,0.9211904761904762,0.9080486663547028,0.9637447231189471,0.935068064088664,55,28
1,324,dt_NOF_RFC_seed1_d5_s80_l40_w1.0.pkl,5,80,40,1.0,0.8856215464276054,0.9569519832985386,0.91990607878946,0.917921146953405,0.9539359324559226,0.9355820750121773,51,26
1,325,dt_NOF_RFC_seed1_d5_s80_l50_w0.6.pkl,5,80,50,0.6,0.9029078565293853,0.9217954070981211,0.9122538790520857,0.9253508880884362,0.9250062080953564,0.9251785159888234,57,29
1,326,dt_NOF_RFC_seed1_d5_s80_l50_w0.7.pkl,5,80,50,0.7,0.889396959393442,0.9501878914405011,0.9187879766639078,0.9164251207729469,0.9421405512788676,0.9291049344924697,53,27
1,327,dt_NOF_RFC_seed1_d5_s80_l50_w0.8.pkl,5,80,50,0.8,0.8803942461374534,0.9659707724425888,0.9211993310504101,0.9117368670137246,0.9567916563198411,0.9337210711256513,53,27
1,328,dt_NOF_RFC_seed1_d5_s80_l50_w0.9.pkl,5,80,50,0.9,0.8773135906927552,0.9697703549060542,0.9212279866730129,0.9077300900479476,0.9637447231189471,0.9348991267690455,51,26
1,329,dt_NOF_RFC_seed1_d5_s80_l50_w1.0.pkl,5,80,50,1.0,0.885491166350949,0.9563674321503132,0.9195656101330871,0.9176821983273596,0.9536876086416687,0.9353385289819776,51,26
1,330,dt_NOF_RFC_seed1_d5_s80_l60_w0.6.pkl,5,80,60,0.6,0.9029814071586535,0.9206263048016702,0.9117184915646709,0.9261194029850747,0.9245095604668487,0.9253137815334908,55,28
1,331,dt_NOF_RFC_seed1_d5_s80_l60_w0.7.pkl,5,80,60,0.7,0.889510544230995,0.9492693110647181,0.9184188733361611,0.916807738814994,0.9413955798361063,0.9289389855427591,53,27
1,332,dt_NOF_RFC_seed1_d5_s80_l60_w0.8.pkl,5,80,60,0.8,0.880499790484172,0.9650939457202505,0.9208581502360511,0.912106135986733,0.9560466848770797,0.9335596508244423,53,27
1,333,dt_NOF_RFC_seed1_d5_s80_l60_w0.9.pkl,5,80,60,0.9,0.87709286065233,0.9689770354906054,0.920748279077149,0.9080916744621141,0.9642413707474546,0.9353245814765747,51,26
1,334,dt_NOF_RFC_seed1_d5_s80_l60_w1.0.pkl,5,80,60,1.0,0.8834899122131527,0.9580793319415449,0.9192740675453708,0.916994164582589,0.9560466848770797,0.9361133061819951,47,24
1,335,dt_NOF_RFC_seed1_d5_s80_l70_w0.6.pkl,5,80,70,0.6,0.9019407558733401,0.9217118997912317,0.9117191533298916,0.9255860101699119,0.926620312888006,0.9261028727430664,53,27
1,336,dt_NOF_RFC_seed1_d5_s80_l70_w0.7.pkl,5,80,70,0.7,0.8894977883900262,0.9488100208768268,0.9181970624482292,0.9168985121567679,0.9411472560218525,0.9288646529011703,53,27
1,337,dt_NOF_RFC_seed1_d5_s80_l70_w0.8.pkl,5,80,70,0.8,0.879513492968453,0.9661795407098122,0.9208117787504975,0.9116152664539762,0.9579091134839831,0.9341890173760368,53,27
1,338,dt_NOF_RFC_seed1_d5_s80_l70_w0.9.pkl,5,80,70,0.9,0.8751786923482056,0.971356993736952,0.9207630808200744,0.9066215901142457,0.9656071517258505,0.9351851851851852,49,25
1,339,dt_NOF_RFC_seed1_d5_s80_l70_w1.0.pkl,5,80,70,1.0,0.8833243305810633,0.9559081419624217,0.9181840057752466,0.9169649248389405,0.9543084181773032,0.9352640545144804,49,25
1,340,dt_NOF_RFC_seed1_d5_s100_l40_w0.6.pkl,5,100,40,0.6,0.9028566757938616,0.9224217118997913,0.9125343356946654,0.9252730883813307,0.9255028557238639,0.9253879577901925,57,29
1,341,dt_NOF_RFC_seed1_d5_s100_l40_w0.7.pkl,5,100,40,0.7,0.8893532260584284,0.9507724425887265,0.9190378173305889,0.9163346613545816,0.9423888750931214,0.929179163861174,53,27
1,342,dt_NOF_RFC_seed1_d5_s100_l40_w0.8.pkl,5,100,40,0.8,0.8804017041996348,0.9663465553235908,0.9213742585294,0.9117368670137246,0.9567916563198411,0.9337210711256513,53,27
1,343,dt_NOF_RFC_seed1_d5_s100_l40_w0.9.pkl,5,100,40,0.9,0.8774446877595711,0.9703549060542798,0.9215639622491871,0.9079639808209566,0.9639930469332009,0.9351400180668473,51,26
1,344,dt_NOF_RFC_seed1_d5_s100_l40_w1.0.pkl,5,100,40,1.0,0.8856215464276054,0.9569519832985386,0.91990607878946,0.917921146953405,0.9539359324559226,0.9355820750121773,51,26
1,345,dt_NOF_RFC_seed1_d5_s100_l50_w0.6.pkl,5,100,50,0.6,0.9029078565293853,0.9217954070981211,0.9122538790520857,0.9253508880884362,0.9250062080953564,0.9251785159888234,57,29
1,346,dt_NOF_RFC_seed1_d5_s100_l50_w0.7.pkl,5,100,50,0.7,0.889396959393442,0.9501878914405011,0.9187879766639078,0.9164251207729469,0.9421405512788676,0.9291049344924697,53,27
1,347,dt_NOF_RFC_seed1_d5_s100_l50_w0.8.pkl,5,100,50,0.8,0.8803942461374534,0.9659707724425888,0.9211993310504101,0.9117368670137246,0.9567916563198411,0.9337210711256513,53,27
1,348,dt_NOF_RFC_seed1_d5_s100_l50_w0.9.pkl,5,100,50,0.9,0.8773135906927552,0.9697703549060542,0.9212279866730129,0.9077300900479476,0.9637447231189471,0.9348991267690455,51,26
1,349,dt_NOF_RFC_seed1_d5_s100_l50_w1.0.pkl,5,100,50,1.0,0.885491166350949,0.9563674321503132,0.9195656101330871,0.9176821983273596,0.9536876086416687,0.9353385289819776,51,26
1,350,dt_NOF_RFC_seed1_d5_s100_l60_w0.6.pkl,5,100,60,0.6,0.9029814071586535,0.9206263048016702,0.9117184915646709,0.9261194029850747,0.9245095604668487,0.9253137815334908,55,28
1,351,dt_NOF_RFC_seed1_d5_s100_l60_w0.7.pkl,5,100,60,0.7,0.889510544230995,0.9492693110647181,0.9184188733361611,0.916807738814994,0.9413955798361063,0.9289389855427591,53,27
1,352,dt_NOF_RFC_seed1_d5_s100_l60_w0.8.pkl,5,100,60,0.8,0.880499790484172,0.9650939457202505,0.9208581502360511,0.912106135986733,0.9560466848770797,0.9335596508244423,53,27
1,353,dt_NOF_RFC_seed1_d5_s100_l60_w0.9.pkl,5,100,60,0.9,0.87709286065233,0.9689770354906054,0.920748279077149,0.9080916744621141,0.9642413707474546,0.9353245814765747,51,26
1,354,dt_NOF_RFC_seed1_d5_s100_l60_w1.0.pkl,5,100,60,1.0,0.8834899122131527,0.9580793319415449,0.9192740675453708,0.916994164582589,0.9560466848770797,0.9361133061819951,47,24
1,355,dt_NOF_RFC_seed1_d5_s100_l70_w0.6.pkl,5,100,70,0.6,0.9019407558733401,0.9217118997912317,0.9117191533298916,0.9255860101699119,0.926620312888006,0.9261028727430664,53,27
1,356,dt_NOF_RFC_seed1_d5_s100_l70_w0.7.pkl,5,100,70,0.7,0.8894977883900262,0.9488100208768268,0.9181970624482292,0.9168985121567679,0.9411472560218525,0.9288646529011703,53,27
1,357,dt_NOF_RFC_seed1_d5_s100_l70_w0.8.pkl,5,100,70,0.8,0.879513492968453,0.9661795407098122,0.9208117787504975,0.9116152664539762,0.9579091134839831,0.9341890173760368,53,27
1,358,dt_NOF_RFC_seed1_d5_s100_l70_w0.9.pkl,5,100,70,0.9,0.8751786923482056,0.971356993736952,0.9207630808200744,0.9066215901142457,0.9656071517258505,0.9351851851851852,49,25
1,359,dt_NOF_RFC_seed1_d5_s100_l70_w1.0.pkl,5,100,70,1.0,0.8833243305810633,0.9559081419624217,0.9181840057752466,0.9169649248389405,0.9543084181773032,0.9352640545144804,49,25
2,360,dt_NOF_RFC_seed2_d3_s60_l40_w0.6.pkl,3,60,40,0.6,0.9025504049629502,0.9366896181704373,0.9193031725832639,0.8876733737058019,0.9429342187175762,0.9144697122157376,15,8
2,361,dt_NOF_RFC_seed2_d3_s60_l40_w0.7.pkl,3,60,40,0.7,0.8991224333304934,0.9436644907448806,0.9208551483420593,0.8835166956186065,0.9498858684374352,0.9155,15,8
2,362,dt_NOF_RFC_seed2_d3_s60_l40_w0.8.pkl,3,60,40,0.8,0.8991224333304934,0.9436644907448806,0.9208551483420593,0.8835166956186065,0.9498858684374352,0.9155,15,8
2,363,dt_NOF_RFC_seed2_d3_s60_l40_w0.9.pkl,3,60,40,0.9,0.8942125835329718,0.9512653134221586,0.9218570592950454,0.8818739222073194,0.9550736667358373,0.9170153417015342,15,8
2,364,dt_NOF_RFC_seed2_d3_s60_l40_w1.0.pkl,3,60,40,1.0,0.8745679208550201,0.9841724045426093,0.9261386346902283,0.8540453364393872,0.9890018676073874,0.9165825280061541,15,8
2,365,dt_NOF_RFC_seed2_d3_s60_l50_w0.6.pkl,3,60,50,0.6,0.9025504049629502,0.9366896181704373,0.9193031725832639,0.8876733737058019,0.9429342187175762,0.9144697122157376,15,8
2,366,dt_NOF_RFC_seed2_d3_s60_l50_w0.7.pkl,3,60,50,0.7,0.8991224333304934,0.9436644907448806,0.9208551483420593,0.8835166956186065,0.9498858684374352,0.9155,15,8
2,367,dt_NOF_RFC_seed2_d3_s60_l50_w0.8.pkl,3,60,50,0.8,0.8991224333304934,0.9436644907448806,0.9208551483420593,0.8835166956186065,0.9498858684374352,0.9155,15,8
2,368,dt_NOF_RFC_seed2_d3_s60_l50_w0.9.pkl,3,60,50,0.9,0.8942125835329718,0.9512653134221586,0.9218570592950454,0.8818739222073194,0.9550736667358373,0.9170153417015342,15,8
2,369,dt_NOF_RFC_seed2_d3_s60_l50_w1.0.pkl,3,60,50,1.0,0.8745679208550201,0.9841724045426093,0.9261386346902283,0.8540453364393872,0.9890018676073874,0.9165825280061541,15,8
2,370,dt_NOF_RFC_seed2_d3_s60_l60_w0.6.pkl,3,60,60,0.6,0.9025504049629502,0.9366896181704373,0.9193031725832639,0.8876733737058019,0.9429342187175762,0.9144697122157376,15,8
2,371,dt_NOF_RFC_seed2_d3_s60_l60_w0.7.pkl,3,60,60,0.7,0.8991224333304934,0.9436644907448806,0.9208551483420593,0.8835166956186065,0.9498858684374352,0.9155,15,8
2,372,dt_NOF_RFC_seed2_d3_s60_l60_w0.8.pkl,3,60,60,0.8,0.8991224333304934,0.9436644907448806,0.9208551483420593,0.8835166956186065,0.9498858684374352,0.9155,15,8
2,373,dt_NOF_RFC_seed2_d3_s60_l60_w0.9.pkl,3,60,60,0.9,0.8942125835329718,0.9512653134221586,0.9218570592950454,0.8818739222073194,0.9550736667358373,0.9170153417015342,15,8
2,374,dt_NOF_RFC_seed2_d3_s60_l60_w1.0.pkl,3,60,60,1.0,0.8745679208550201,0.9841724045426093,0.9261386346902283,0.8540453364393872,0.9890018676073874,0.9165825280061541,15,8
2,375,dt_NOF_RFC_seed2_d3_s60_l70_w0.6.pkl,3,60,70,0.6,0.9025504049629502,0.9366896181704373,0.9193031725832639,0.8876733737058019,0.9429342187175762,0.9144697122157376,15,8
2,376,dt_NOF_RFC_seed2_d3_s60_l70_w0.7.pkl,3,60,70,0.7,0.898977853492334,0.9437539121881428,0.920821881952624,0.8834314387725563,0.9498858684374352,0.9154542272886356,15,8
2,377,dt_NOF_RFC_seed2_d3_s60_l70_w0.8.pkl,3,60,70,0.8,0.898977853492334,0.9437539121881428,0.920821881952624,0.8834314387725563,0.9498858684374352,0.9154542272886356,15,8
2,378,dt_NOF_RFC_seed2_d3_s60_l70_w0.9.pkl,3,60,70,0.9,0.8940711794613219,0.9513547348654208,0.9218238925592982,0.881789443433279,0.9550736667358373,0.9169696667828859,15,8
2,379,dt_NOF_RFC_seed2_d3_s60_l70_w1.0.pkl,3,60,70,1.0,0.8745679208550201,0.9841724045426093,0.9261386346902283,0.8540453364393872,0.9890018676073874,0.9165825280061541,15,8
2,380,dt_NOF_RFC_seed2_d3_s80_l40_w0.6.pkl,3,80,40,0.6,0.9025504049629502,0.9366896181704373,0.9193031725832639,0.8876733737058019,0.9429342187175762,0.9144697122157376,15,8
2,381,dt_NOF_RFC_seed2_d3_s80_l40_w0.7.pkl,3,80,40,0.7,0.8991224333304934,0.9436644907448806,0.9208551483420593,0.8835166956186065,0.9498858684374352,0.9155,15,8
2,382,dt_NOF_RFC_seed2_d3_s80_l40_w0.8.pkl,3,80,40,0.8,0.8991224333304934,0.9436644907448806,0.9208551483420593,0.8835166956186065,0.9498858684374352,0.9155,15,8
2,383,dt_NOF_RFC_seed2_d3_s80_l40_w0.9.pkl,3,80,40,0.9,0.8942125835329718,0.9512653134221586,0.9218570592950454,0.8818739222073194,0.9550736667358373,0.9170153417015342,15,8
2,384,dt_NOF_RFC_seed2_d3_s80_l40_w1.0.pkl,3,80,40,1.0,0.8745679208550201,0.9841724045426093,0.9261386346902283,0.8540453364393872,0.9890018676073874,0.9165825280061541,15,8
2,385,dt_NOF_RFC_seed2_d3_s80_l50_w0.6.pkl,3,80,50,0.6,0.9025504049629502,0.9366896181704373,0.9193031725832639,0.8876733737058019,0.9429342187175762,0.9144697122157376,15,8
2,386,dt_NOF_RFC_seed2_d3_s80_l50_w0.7.pkl,3,80,50,0.7,0.8991224333304934,0.9436644907448806,0.9208551483420593,0.8835166956186065,0.9498858684374352,0.9155,15,8
2,387,dt_NOF_RFC_seed2_d3_s80_l50_w0.8.pkl,3,80,50,0.8,0.8991224333304934,0.9436644907448806,0.9208551483420593,0.8835166956186065,0.9498858684374352,0.9155,15,8
2,388,dt_NOF_RFC_seed2_d3_s80_l50_w0.9.pkl,3,80,50,0.9,0.8942125835329718,0.9512653134221586,0.9218570592950454,0.8818739222073194,0.9550736667358373,0.9170153417015342,15,8
2,389,dt_NOF_RFC_seed2_d3_s80_l50_w1.0.pkl,3,80,50,1.0,0.8745679208550201,0.9841724045426093,0.9261386346902283,0.8540453364393872,0.9890018676073874,0.9165825280061541,15,8
2,390,dt_NOF_RFC_seed2_d3_s80_l60_w0.6.pkl,3,80,60,0.6,0.9025504049629502,0.9366896181704373,0.9193031725832639,0.8876733737058019,0.9429342187175762,0.9144697122157376,15,8
2,391,dt_NOF_RFC_seed2_d3_s80_l60_w0.7.pkl,3,80,60,0.7,0.8991224333304934,0.9436644907448806,0.9208551483420593,0.8835166956186065,0.9498858684374352,0.9155,15,8
2,392,dt_NOF_RFC_seed2_d3_s80_l60_w0.8.pkl,3,80,60,0.8,0.8991224333304934,0.9436644907448806,0.9208551483420593,0.8835166956186065,0.9498858684374352,0.9155,15,8
2,393,dt_NOF_RFC_seed2_d3_s80_l60_w0.9.pkl,3,80,60,0.9,0.8942125835329718,0.9512653134221586,0.9218570592950454,0.8818739222073194,0.9550736667358373,0.9170153417015342,15,8
2,394,dt_NOF_RFC_seed2_d3_s80_l60_w1.0.pkl,3,80,60,1.0,0.8745679208550201,0.9841724045426093,0.9261386346902283,0.8540453364393872,0.9890018676073874,0.9165825280061541,15,8
2,395,dt_NOF_RFC_seed2_d3_s80_l70_w0.6.pkl,3,80,70,0.6,0.9025504049629502,0.9366896181704373,0.9193031725832639,0.8876733737058019,0.9429342187175762,0.9144697122157376,15,8
2,396,dt_NOF_RFC_seed2_d3_s80_l70_w0.7.pkl,3,80,70,0.7,0.898977853492334,0.9437539121881428,0.920821881952624,0.8834314387725563,0.9498858684374352,0.9154542272886356,15,8
2,397,dt_NOF_RFC_seed2_d3_s80_l70_w0.8.pkl,3,80,70,0.8,0.898977853492334,0.9437539121881428,0.920821881952624,0.8834314387725563,0.9498858684374352,0.9154542272886356,15,8
2,398,dt_NOF_RFC_seed2_d3_s80_l70_w0.9.pkl,3,80,70,0.9,0.8940711794613219,0.9513547348654208,0.9218238925592982,0.881789443433279,0.9550736667358373,0.9169696667828859,15,8
2,399,dt_NOF_RFC_seed2_d3_s80_l70_w1.0.pkl,3,80,70,1.0,0.8745679208550201,0.9841724045426093,0.9261386346902283,0.8540453364393872,0.9890018676073874,0.9165825280061541,15,8
2,400,dt_NOF_RFC_seed2_d3_s100_l40_w0.6.pkl,3,100,40,0.6,0.9025504049629502,0.9366896181704373,0.9193031725832639,0.8876733737058019,0.9429342187175762,0.9144697122157376,15,8
2,401,dt_NOF_RFC_seed2_d3_s100_l40_w0.7.pkl,3,100,40,0.7,0.8991224333304934,0.9436644907448806,0.9208551483420593,0.8835166956186065,0.9498858684374352,0.9155,15,8
2,402,dt_NOF_RFC_seed2_d3_s100_l40_w0.8.pkl,3,100,40,0.8,0.8991224333304934,0.9436644907448806,0.9208551483420593,0.8835166956186065,0.9498858684374352,0.9155,15,8
2,403,dt_NOF_RFC_seed2_d3_s100_l40_w0.9.pkl,3,100,40,0.9,0.8942125835329718,0.9512653134221586,0.9218570592950454,0.8818739222073194,0.9550736667358373,0.9170153417015342,15,8
2,404,dt_NOF_RFC_seed2_d3_s100_l40_w1.0.pkl,3,100,40,1.0,0.8745679208550201,0.9841724045426093,0.9261386346902283,0.8540453364393872,0.9890018676073874,0.9165825280061541,15,8
2,405,dt_NOF_RFC_seed2_d3_s100_l50_w0.6.pkl,3,100,50,0.6,0.9025504049629502,0.9366896181704373,0.9193031725832639,0.8876733737058019,0.9429342187175762,0.9144697122157376,15,8
2,406,dt_NOF_RFC_seed2_d3_s100_l50_w0.7.pkl,3,100,50,0.7,0.8991224333304934,0.9436644907448806,0.9208551483420593,0.8835166956186065,0.9498858684374352,0.9155,15,8
2,407,dt_NOF_RFC_seed2_d3_s100_l50_w0.8.pkl,3,100,50,0.8,0.8991224333304934,0.9436644907448806,0.9208551483420593,0.8835166956186065,0.9498858684374352,0.9155,15,8
2,408,dt_NOF_RFC_seed2_d3_s100_l50_w0.9.pkl,3,100,50,0.9,0.8942125835329718,0.9512653134221586,0.9218570592950454,0.8818739222073194,0.9550736667358373,0.9170153417015342,15,8
2,409,dt_NOF_RFC_seed2_d3_s100_l50_w1.0.pkl,3,100,50,1.0,0.8745679208550201,0.9841724045426093,0.9261386346902283,0.8540453364393872,0.9890018676073874,0.9165825280061541,15,8
2,410,dt_NOF_RFC_seed2_d3_s100_l60_w0.6.pkl,3,100,60,0.6,0.9025504049629502,0.9366896181704373,0.9193031725832639,0.8876733737058019,0.9429342187175762,0.9144697122157376,15,8
2,411,dt_NOF_RFC_seed2_d3_s100_l60_w0.7.pkl,3,100,60,0.7,0.8991224333304934,0.9436644907448806,0.9208551483420593,0.8835166956186065,0.9498858684374352,0.9155,15,8
2,412,dt_NOF_RFC_seed2_d3_s100_l60_w0.8.pkl,3,100,60,0.8,0.8991224333304934,0.9436644907448806,0.9208551483420593,0.8835166956186065,0.9498858684374352,0.9155,15,8
2,413,dt_NOF_RFC_seed2_d3_s100_l60_w0.9.pkl,3,100,60,0.9,0.8942125835329718,0.9512653134221586,0.9218570592950454,0.8818739222073194,0.9550736667358373,0.9170153417015342,15,8
2,414,dt_NOF_RFC_seed2_d3_s100_l60_w1.0.pkl,3,100,60,1.0,0.8745679208550201,0.9841724045426093,0.9261386346902283,0.8540453364393872,0.9890018676073874,0.9165825280061541,15,8
2,415,dt_NOF_RFC_seed2_d3_s100_l70_w0.6.pkl,3,100,70,0.6,0.9025504049629502,0.9366896181704373,0.9193031725832639,0.8876733737058019,0.9429342187175762,0.9144697122157376,15,8
2,416,dt_NOF_RFC_seed2_d3_s100_l70_w0.7.pkl,3,100,70,0.7,0.898977853492334,0.9437539121881428,0.920821881952624,0.8834314387725563,0.9498858684374352,0.9154542272886356,15,8
2,417,dt_NOF_RFC_seed2_d3_s100_l70_w0.8.pkl,3,100,70,0.8,0.898977853492334,0.9437539121881428,0.920821881952624,0.8834314387725563,0.9498858684374352,0.9154542272886356,15,8
2,418,dt_NOF_RFC_seed2_d3_s100_l70_w0.9.pkl,3,100,70,0.9,0.8940711794613219,0.9513547348654208,0.9218238925592982,0.881789443433279,0.9550736667358373,0.9169696667828859,15,8
2,419,dt_NOF_RFC_seed2_d3_s100_l70_w1.0.pkl,3,100,70,1.0,0.8745679208550201,0.9841724045426093,0.9261386346902283,0.8540453364393872,0.9890018676073874,0.9165825280061541,15,8
2,420,dt_NOF_RFC_seed2_d4_s60_l40_w0.6.pkl,4,60,40,0.6,0.9068852175417351,0.9375391218814272,0.921957439324657,0.8901615271659324,0.9434529985474165,0.9160328413841736,29,15
2,421,dt_NOF_RFC_seed2_d4_s60_l40_w0.7.pkl,4,60,40,0.7,0.9023341000085187,0.9471966377537333,0.9242212721403019,0.885060799073538,0.9515459638929239,0.9171,29,15
2,422,dt_NOF_RFC_seed2_d4_s60_l40_w0.8.pkl,4,60,40,0.8,0.8931025917032376,0.9644996870249486,0.9274290627687016,0.8711090400745574,0.9698070139032995,0.9178122545168892,29,15
2,423,dt_NOF_RFC_seed2_d4_s60_l40_w0.9.pkl,4,60,40,0.9,0.8931025917032376,0.9644996870249486,0.9274290627687016,0.8711090400745574,0.9698070139032995,0.9178122545168892,29,15
2,424,dt_NOF_RFC_seed2_d4_s60_l40_w1.0.pkl,4,60,40,1.0,0.8803968030844612,0.9801037288741841,0.9275785464931767,0.8555855855855856,0.9853704087985059,0.9159031729192786,31,16
2,425,dt_NOF_RFC_seed2_d4_s60_l50_w0.6.pkl,4,60,50,0.6,0.9068771626297578,0.9374497004381651,0.9219100382535286,0.8901507734482084,0.9433492425814485,0.9159782389683659,29,15
2,426,dt_NOF_RFC_seed2_d4_s60_l50_w0.7.pkl,4,60,50,0.7,0.9011138508630219,0.9476884556916748,0.9238145048814504,0.8846784302381641,0.951960987756796,0.9170873107101805,29,15
2,427,dt_NOF_RFC_seed2_d4_s60_l50_w0.8.pkl,4,60,50,0.8,0.891933217621291,0.9649915049628901,0.927025169658964,0.8707514666170034,0.9702220377671716,0.9177994798056632,29,15
2,428,dt_NOF_RFC_seed2_d4_s60_l50_w0.9.pkl,4,60,50,0.9,0.8936426259440617,0.9628453903245998,0.9269542011019284,0.8715699085308941,0.968873210209587,0.9176493710691824,29,15
2,429,dt_NOF_RFC_seed2_d4_s60_l50_w1.0.pkl,4,60,50,1.0,0.880387195244407,0.9800143074309219,0.9275331654782811,0.8555725741057753,0.9852666528325379,0.9158508945363361,31,16
2,430,dt_NOF_RFC_seed2_d4_s60_l60_w0.6.pkl,4,60,60,0.6,0.9068801384681956,0.9370473039434857,0.9217169495997889,0.890205680705191,0.9430379746835443,0.9158605401047965,29,15
2,431,dt_NOF_RFC_seed2_d4_s60_l60_w0.7.pkl,4,60,60,0.7,0.9011143246002041,0.9472860591969955,0.9236235232573347,0.8847303945210765,0.9516497198588919,0.9169707573106723,29,15
2,432,dt_NOF_RFC_seed2_d4_s60_l60_w0.8.pkl,4,60,60,0.8,0.8919298825864065,0.9645891084682107,0.9268376509000301,0.8707964601769912,0.9699107698692675,0.9176851715505816,29,15
2,433,dt_NOF_RFC_seed2_d4_s60_l60_w0.9.pkl,4,60,60,0.9,0.8936399867153769,0.9624429938299204,0.9267662634003531,0.8716153127917834,0.9685619423116829,0.9175348928641636,29,15
2,434,dt_NOF_RFC_seed2_d4_s60_l60_w1.0.pkl,4,60,60,1.0,0.8791838698039844,0.9806402575337566,0.9271447593684611,0.8553934810012606,0.98568167669641,0.9159274971075974,31,16
2,435,dt_NOF_RFC_seed2_d4_s60_l70_w0.6.pkl,4,60,70,0.6,0.9069264069264069,0.9366896181704373,0.9215677649232393,0.8902391219129753,0.9425191948537041,0.9156335046870275,29,15
2,436,dt_NOF_RFC_seed2_d4_s60_l70_w0.7.pkl,4,60,70,0.7,0.9010124213033861,0.9470177948672092,0.9234424728604438,0.884674773209805,0.9511309400290516,0.9167,27,14
2,437,dt_NOF_RFC_seed2_d4_s60_l70_w0.8.pkl,4,60,70,0.8,0.8918293086338075,0.9643208441384244,0.9266595059076262,0.8707362534948742,0.9693919900394272,0.9174194815396701,27,14
2,438,dt_NOF_RFC_seed2_d4_s60_l70_w0.9.pkl,4,60,70,0.9,0.8935392791895034,0.9621747295001342,0.9265877287405813,0.8715553479682392,0.9680431624818427,0.9172688394042177,27,14
2,439,dt_NOF_RFC_seed2_d4_s60_l70_w1.0.pkl,4,60,70,1.0,0.8791838698039844,0.9806402575337566,0.9271447593684611,0.8553934810012606,0.98568167669641,0.9159274971075974,29,15
2,440,dt_NOF_RFC_seed2_d4_s80_l40_w0.6.pkl,4,80,40,0.6,0.9068852175417351,0.9375391218814272,0.921957439324657,0.8901615271659324,0.9434529985474165,0.9160328413841736,29,15
2,441,dt_NOF_RFC_seed2_d4_s80_l40_w0.7.pkl,4,80,40,0.7,0.9023341000085187,0.9471966377537333,0.9242212721403019,0.885060799073538,0.9515459638929239,0.9171,29,15
2,442,dt_NOF_RFC_seed2_d4_s80_l40_w0.8.pkl,4,80,40,0.8,0.8931025917032376,0.9644996870249486,0.9274290627687016,0.8711090400745574,0.9698070139032995,0.9178122545168892,29,15
2,443,dt_NOF_RFC_seed2_d4_s80_l40_w0.9.pkl,4,80,40,0.9,0.8931025917032376,0.9644996870249486,0.9274290627687016,0.8711090400745574,0.9698070139032995,0.9178122545168892,29,15
2,444,dt_NOF_RFC_seed2_d4_s80_l40_w1.0.pkl,4,80,40,1.0,0.8803968030844612,0.9801037288741841,0.9275785464931767,0.8555855855855856,0.9853704087985059,0.9159031729192786,31,16
2,445,dt_NOF_RFC_seed2_d4_s80_l50_w0.6.pkl,4,80,50,0.6,0.9068771626297578,0.9374497004381651,0.9219100382535286,0.8901507734482084,0.9433492425814485,0.9159782389683659,29,15
2,446,dt_NOF_RFC_seed2_d4_s80_l50_w0.7.pkl,4,80,50,0.7,0.9011138508630219,0.9476884556916748,0.9238145048814504,0.8846784302381641,0.951960987756796,0.9170873107101805,29,15
2,447,dt_NOF_RFC_seed2_d4_s80_l50_w0.8.pkl,4,80,50,0.8,0.891933217621291,0.9649915049628901,0.927025169658964,0.8707514666170034,0.9702220377671716,0.9177994798056632,29,15
2,448,dt_NOF_RFC_seed2_d4_s80_l50_w0.9.pkl,4,80,50,0.9,0.8936426259440617,0.9628453903245998,0.9269542011019284,0.8715699085308941,0.968873210209587,0.9176493710691824,29,15
2,449,dt_NOF_RFC_seed2_d4_s80_l50_w1.0.pkl,4,80,50,1.0,0.880387195244407,0.9800143074309219,0.9275331654782811,0.8555725741057753,0.9852666528325379,0.9158508945363361,31,16
2,450,dt_NOF_RFC_seed2_d4_s80_l60_w0.6.pkl,4,80,60,0.6,0.9068801384681956,0.9370473039434857,0.9217169495997889,0.890205680705191,0.9430379746835443,0.9158605401047965,29,15
2,451,dt_NOF_RFC_seed2_d4_s80_l60_w0.7.pkl,4,80,60,0.7,0.9011143246002041,0.9472860591969955,0.9236235232573347,0.8847303945210765,0.9516497198588919,0.9169707573106723,29,15
2,452,dt_NOF_RFC_seed2_d4_s80_l60_w0.8.pkl,4,80,60,0.8,0.8919298825864065,0.9645891084682107,0.9268376509000301,0.8707964601769912,0.9699107698692675,0.9176851715505816,29,15
2,453,dt_NOF_RFC_seed2_d4_s80_l60_w0.9.pkl,4,80,60,0.9,0.8936399867153769,0.9624429938299204,0.9267662634003531,0.8716153127917834,0.9685619423116829,0.9175348928641636,29,15
2,454,dt_NOF_RFC_seed2_d4_s80_l60_w1.0.pkl,4,80,60,1.0,0.8791838698039844,0.9806402575337566,0.9271447593684611,0.8553934810012606,0.98568167669641,0.9159274971075974,31,16
2,455,dt_NOF_RFC_seed2_d4_s80_l70_w0.6.pkl,4,80,70,0.6,0.9069264069264069,0.9366896181704373,0.9215677649232393,0.8902391219129753,0.9425191948537041,0.9156335046870275,29,15
2,456,dt_NOF_RFC_seed2_d4_s80_l70_w0.7.pkl,4,80,70,0.7,0.9010124213033861,0.9470177948672092,0.9234424728604438,0.884674773209805,0.9511309400290516,0.9167,27,14
2,457,dt_NOF_RFC_seed2_d4_s80_l70_w0.8.pkl,4,80,70,0.8,0.8918293086338075,0.9643208441384244,0.9266595059076262,0.8707362534948742,0.9693919900394272,0.9174194815396701,27,14
2,458,dt_NOF_RFC_seed2_d4_s80_l70_w0.9.pkl,4,80,70,0.9,0.8935392791895034,0.9621747295001342,0.9265877287405813,0.8715553479682392,0.9680431624818427,0.9172688394042177,27,14
2,459,dt_NOF_RFC_seed2_d4_s80_l70_w1.0.pkl,4,80,70,1.0,0.8791838698039844,0.9806402575337566,0.9271447593684611,0.8553934810012606,0.98568167669641,0.9159274971075974,29,15
2,460,dt_NOF_RFC_seed2_d4_s100_l40_w0.6.pkl,4,100,40,0.6,0.9068852175417351,0.9375391218814272,0.921957439324657,0.8901615271659324,0.9434529985474165,0.9160328413841736,29,15
2,461,dt_NOF_RFC_seed2_d4_s100_l40_w0.7.pkl,4,100,40,0.7,0.9023341000085187,0.9471966377537333,0.9242212721403019,0.885060799073538,0.9515459638929239,0.9171,29,15
2,462,dt_NOF_RFC_seed2_d4_s100_l40_w0.8.pkl,4,100,40,0.8,0.8931025917032376,0.9644996870249486,0.9274290627687016,0.8711090400745574,0.9698070139032995,0.9178122545168892,29,15
2,463,dt_NOF_RFC_seed2_d4_s100_l40_w0.9.pkl,4,100,40,0.9,0.8931025917032376,0.9644996870249486,0.9274290627687016,0.8711090400745574,0.9698070139032995,0.9178122545168892,29,15
2,464,dt_NOF_RFC_seed2_d4_s100_l40_w1.0.pkl,4,100,40,1.0,0.8803968030844612,0.9801037288741841,0.9275785464931767,0.8555855855855856,0.9853704087985059,0.9159031729192786,31,16
2,465,dt_NOF_RFC_seed2_d4_s100_l50_w0.6.pkl,4,100,50,0.6,0.9068771626297578,0.9374497004381651,0.9219100382535286,0.8901507734482084,0.9433492425814485,0.9159782389683659,29,15
2,466,dt_NOF_RFC_seed2_d4_s100_l50_w0.7.pkl,4,100,50,0.7,0.9011138508630219,0.9476884556916748,0.9238145048814504,0.8846784302381641,0.951960987756796,0.9170873107101805,29,15
2,467,dt_NOF_RFC_seed2_d4_s100_l50_w0.8.pkl,4,100,50,0.8,0.891933217621291,0.9649915049628901,0.927025169658964,0.8707514666170034,0.9702220377671716,0.9177994798056632,29,15
2,468,dt_NOF_RFC_seed2_d4_s100_l50_w0.9.pkl,4,100,50,0.9,0.8936426259440617,0.9628453903245998,0.9269542011019284,0.8715699085308941,0.968873210209587,0.9176493710691824,29,15
2,469,dt_NOF_RFC_seed2_d4_s100_l50_w1.0.pkl,4,100,50,1.0,0.880387195244407,0.9800143074309219,0.9275331654782811,0.8555725741057753,0.9852666528325379,0.9158508945363361,31,16
2,470,dt_NOF_RFC_seed2_d4_s100_l60_w0.6.pkl,4,100,60,0.6,0.9068801384681956,0.9370473039434857,0.9217169495997889,0.890205680705191,0.9430379746835443,0.9158605401047965,29,15
2,471,dt_NOF_RFC_seed2_d4_s100_l60_w0.7.pkl,4,100,60,0.7,0.9011143246002041,0.9472860591969955,0.9236235232573347,0.8847303945210765,0.9516497198588919,0.9169707573106723,29,15
2,472,dt_NOF_RFC_seed2_d4_s100_l60_w0.8.pkl,4,100,60,0.8,0.8919298825864065,0.9645891084682107,0.9268376509000301,0.8707964601769912,0.9699107698692675,0.9176851715505816,29,15
2,473,dt_NOF_RFC_seed2_d4_s100_l60_w0.9.pkl,4,100,60,0.9,0.8936399867153769,0.9624429938299204,0.9267662634003531,0.8716153127917834,0.9685619423116829,0.9175348928641636,29,15
2,474,dt_NOF_RFC_seed2_d4_s100_l60_w1.0.pkl,4,100,60,1.0,0.8791838698039844,0.9806402575337566,0.9271447593684611,0.8553934810012606,0.98568167669641,0.9159274971075974,31,16
2,475,dt_NOF_RFC_seed2_d4_s100_l70_w0.6.pkl,4,100,70,0.6,0.9069264069264069,0.9366896181704373,0.9215677649232393,0.8902391219129753,0.9425191948537041,0.9156335046870275,29,15
2,476,dt_NOF_RFC_seed2_d4_s100_l70_w0.7.pkl,4,100,70,0.7,0.9010124213033861,0.9470177948672092,0.9234424728604438,0.884674773209805,0.9511309400290516,0.9167,27,14
2,477,dt_NOF_RFC_seed2_d4_s100_l70_w0.8.pkl,4,100,70,0.8,0.8918293086338075,0.9643208441384244,0.9266595059076262,0.8707362534948742,0.9693919900394272,0.9174194815396701,27,14
2,478,dt_NOF_RFC_seed2_d4_s100_l70_w0.9.pkl,4,100,70,0.9,0.8935392791895034,0.9621747295001342,0.9265877287405813,0.8715553479682392,0.9680431624818427,0.9172688394042177,27,14
2,479,dt_NOF_RFC_seed2_d4_s100_l70_w1.0.pkl,4,100,70,1.0,0.8791838698039844,0.9806402575337566,0.9271447593684611,0.8553934810012606,0.98568167669641,0.9159274971075974,29,15
2,480,dt_NOF_RFC_seed2_d5_s60_l40_w0.6.pkl,5,60,40,0.6,0.907384176147424,0.9378520969328445,0.9223665985093331,0.8897368163584777,0.9435567545133845,0.9158567903721234,51,26
2,481,dt_NOF_RFC_seed2_d5_s60_l40_w0.7.pkl,5,60,40,0.7,0.8983540645809776,0.9590449789859609,0.9277079774236101,0.8752236557114605,0.9643079477069931,0.917608727847164,49,25
2,482,dt_NOF_RFC_seed2_d5_s60_l40_w0.8.pkl,5,60,40,0.8,0.8983540645809776,0.9590449789859609,0.9277079774236101,0.8752236557114605,0.9643079477069931,0.917608727847164,49,25
2,483,dt_NOF_RFC_seed2_d5_s60_l40_w0.9.pkl,5,60,40,0.9,0.8977714596312246,0.9600286148618439,0.9278568804960785,0.875235227700414,0.9651379954347376,0.9179907233790585,49,25
2,484,dt_NOF_RFC_seed2_d5_s60_l40_w1.0.pkl,5,60,40,1.0,0.8876578411405295,0.974336045783779,0.9289794526387586,0.8604735883424408,0.9802863664660718,0.9164807449801144,49,25
2,485,dt_NOF_RFC_seed2_d5_s60_l50_w0.6.pkl,5,60,50,0.6,0.9032684194826778,0.947733166413306,0.924966727030742,0.8816998468606432,0.9557999584976136,0.917255800059743,47,24
2,486,dt_NOF_RFC_seed2_d5_s60_l50_w0.7.pkl,5,60,50,0.7,0.9032422555560277,0.9503710989895376,0.926207542647988,0.8818581533167654,0.9572525420211662,0.9180099502487562,49,25
2,487,dt_NOF_RFC_seed2_d5_s60_l50_w0.8.pkl,5,60,50,0.8,0.9032422555560277,0.9503710989895376,0.926207542647988,0.8818581533167654,0.9572525420211662,0.9180099502487562,49,25
2,488,dt_NOF_RFC_seed2_d5_s60_l50_w0.9.pkl,5,60,50,0.9,0.8993618271895205,0.9577483680586605,0.9276372769790404,0.8757190004714758,0.9635816559452168,0.9175517462826656,49,25
2,489,dt_NOF_RFC_seed2_d5_s60_l50_w1.0.pkl,5,60,50,1.0,0.8885890674189459,0.9717428239291782,0.9283075280298986,0.8611339359079704,0.9786262710105831,0.9161284056141032,49,25
2,490,dt_NOF_RFC_seed2_d5_s60_l60_w0.6.pkl,5,60,60,0.6,0.903269812849043,0.9473307699186265,0.9247757676276106,0.8817502872462658,0.9554886905997095,0.9171397271188129,47,24
2,491,dt_NOF_RFC_seed2_d5_s60_l60_w0.7.pkl,5,60,60,0.7,0.9032436338902351,0.9499687024948583,0.926017128287825,0.8819085867278639,0.9569412741232621,0.9178941082802548,49,25
2,492,dt_NOF_RFC_seed2_d5_s60_l60_w0.8.pkl,5,60,60,0.8,0.9032436338902351,0.9499687024948583,0.926017128287825,0.8819085867278639,0.9569412741232621,0.9178941082802548,49,25
2,493,dt_NOF_RFC_seed2_d5_s60_l60_w0.9.pkl,5,60,60,0.9,0.8997811263574375,0.9557810963068943,0.9269360853351835,0.8764172335600907,0.9624403403195684,0.9174166749085155,47,24
2,494,dt_NOF_RFC_seed2_d5_s60_l60_w1.0.pkl,5,60,60,1.0,0.8876422830565869,0.9727711705266923,0.9282590609467329,0.861169387941257,0.9795600747042955,0.9165574486675404,49,25
2,495,dt_NOF_RFC_seed2_d5_s60_l70_w0.6.pkl,5,60,70,0.6,0.9032726031488671,0.9465259769292677,0.924393598672576,0.8818399616674653,0.9547623988379332,0.916853484780551,47,24
2,496,dt_NOF_RFC_seed2_d5_s60_l70_w0.7.pkl,5,60,70,0.7,0.9031421403971257,0.949700438165072,0.9258363299553231,0.8818520998756338,0.9564224942934219,0.9176248071275696,45,23
2,497,dt_NOF_RFC_seed2_d5_s60_l70_w0.8.pkl,5,60,70,0.8,0.9031421403971257,0.949700438165072,0.9258363299553231,0.8818520998756338,0.9564224942934219,0.9176248071275696,45,23
2,498,dt_NOF_RFC_seed2_d5_s60_l70_w0.9.pkl,5,60,70,0.9,0.8996800538856614,0.9555128319771081,0.9267562879444926,0.8763588240854523,0.9619215604897282,0.9171489340653906,43,22
2,499,dt_NOF_RFC_seed2_d5_s60_l70_w1.0.pkl,5,60,70,1.0,0.8886206473259953,0.9709827416614504,0.9279777801516932,0.8611898016997167,0.9777962232828388,0.915796122637384,45,23
2,500,dt_NOF_RFC_seed2_d5_s80_l40_w0.6.pkl,5,80,40,0.6,0.907384176147424,0.9378520969328445,0.9223665985093331,0.8897368163584777,0.9435567545133845,0.9158567903721234,51,26
2,501,dt_NOF_RFC_seed2_d5_s80_l40_w0.7.pkl,5,80,40,0.7,0.8983540645809776,0.9590449789859609,0.9277079774236101,0.8752236557114605,0.9643079477069931,0.917608727847164,49,25
2,502,dt_NOF_RFC_seed2_d5_s80_l40_w0.8.pkl,5,80,40,0.8,0.8983540645809776,0.9590449789859609,0.9277079774236101,0.8752236557114605,0.9643079477069931,0.917608727847164,49,25
2,503,dt_NOF_RFC_seed2_d5_s80_l40_w0.9.pkl,5,80,40,0.9,0.8977714596312246,0.9600286148618439,0.9278568804960785,0.875235227700414,0.9651379954347376,0.9179907233790585,49,25
2,504,dt_NOF_RFC_seed2_d5_s80_l40_w1.0.pkl,5,80,40,1.0,0.8876578411405295,0.974336045783779,0.9289794526387586,0.8604735883424408,0.9802863664660718,0.9164807449801144,49,25
2,505,dt_NOF_RFC_seed2_d5_s80_l50_w0.6.pkl,5,80,50,0.6,0.9032684194826778,0.947733166413306,0.924966727030742,0.8816998468606432,0.9557999584976136,0.917255800059743,47,24
2,506,dt_NOF_RFC_seed2_d5_s80_l50_w0.7.pkl,5,80,50,0.7,0.9032422555560277,0.9503710989895376,0.926207542647988,0.8818581533167654,0.9572525420211662,0.9180099502487562,49,25
2,507,dt_NOF_RFC_seed2_d5_s80_l50_w0.8.pkl,5,80,50,0.8,0.9032422555560277,0.9503710989895376,0.926207542647988,0.8818581533167654,0.9572525420211662,0.9180099502487562,49,25
2,508,dt_NOF_RFC_seed2_d5_s80_l50_w0.9.pkl,5,80,50,0.9,0.8993618271895205,0.9577483680586605,0.9276372769790404,0.8757190004714758,0.9635816559452168,0.9175517462826656,49,25
2,509,dt_NOF_RFC_seed2_d5_s80_l50_w1.0.pkl,5,80,50,1.0,0.8885890674189459,0.9717428239291782,0.9283075280298986,0.8611339359079704,0.9786262710105831,0.9161284056141032,49,25
2,510,dt_NOF_RFC_seed2_d5_s80_l60_w0.6.pkl,5,80,60,0.6,0.903269812849043,0.9473307699186265,0.9247757676276106,0.8817502872462658,0.9554886905997095,0.9171397271188129,47,24
2,511,dt_NOF_RFC_seed2_d5_s80_l60_w0.7.pkl,5,80,60,0.7,0.9032436338902351,0.9499687024948583,0.926017128287825,0.8819085867278639,0.9569412741232621,0.9178941082802548,49,25
2,512,dt_NOF_RFC_seed2_d5_s80_l60_w0.8.pkl,5,80,60,0.8,0.9032436338902351,0.9499687024948583,0.926017128287825,0.8819085867278639,0.9569412741232621,0.9178941082802548,49,25
2,513,dt_NOF_RFC_seed2_d5_s80_l60_w0.9.pkl,5,80,60,0.9,0.8997811263574375,0.9557810963068943,0.9269360853351835,0.8764172335600907,0.9624403403195684,0.9174166749085155,47,24
2,514,dt_NOF_RFC_seed2_d5_s80_l60_w1.0.pkl,5,80,60,1.0,0.8876422830565869,0.9727711705266923,0.9282590609467329,0.861169387941257,0.9795600747042955,0.9165574486675404,49,25
2,515,dt_NOF_RFC_seed2_d5_s80_l70_w0.6.pkl,5,80,70,0.6,0.9032726031488671,0.9465259769292677,0.924393598672576,0.8818399616674653,0.9547623988379332,0.916853484780551,47,24
2,516,dt_NOF_RFC_seed2_d5_s80_l70_w0.7.pkl,5,80,70,0.7,0.9031421403971257,0.949700438165072,0.9258363299553231,0.8818520998756338,0.9564224942934219,0.9176248071275696,45,23
2,517,dt_NOF_RFC_seed2_d5_s80_l70_w0.8.pkl,5,80,70,0.8,0.9031421403971257,0.949700438165072,0.9258363299553231,0.8818520998756338,0.9564224942934219,0.9176248071275696,45,23
2,518,dt_NOF_RFC_seed2_d5_s80_l70_w0.9.pkl,5,80,70,0.9,0.8996800538856614,0.9555128319771081,0.9267562879444926,0.8763588240854523,0.9619215604897282,0.9171489340653906,43,22
2,519,dt_NOF_RFC_seed2_d5_s80_l70_w1.0.pkl,5,80,70,1.0,0.8886206473259953,0.9709827416614504,0.9279777801516932,0.8611898016997167,0.9777962232828388,0.915796122637384,45,23
2,520,dt_NOF_RFC_seed2_d5_s100_l40_w0.6.pkl,5,100,40,0.6,0.9079004422860116,0.9361530895108647,0.9218103372369464,0.8905560458958517,0.9422079269557999,0.9156541467103605,47,24
2,521,dt_NOF_RFC_seed2_d5_s100_l40_w0.7.pkl,5,100,40,0.7,0.8983540645809776,0.9590449789859609,0.9277079774236101,0.8752236557114605,0.9643079477069931,0.917608727847164,47,24
2,522,dt_NOF_RFC_seed2_d5_s100_l40_w0.8.pkl,5,100,40,0.8,0.8983540645809776,0.9590449789859609,0.9277079774236101,0.8752236557114605,0.9643079477069931,0.917608727847164,47,24
2,523,dt_NOF_RFC_seed2_d5_s100_l40_w0.9.pkl,5,100,40,0.9,0.8977714596312246,0.9600286148618439,0.9278568804960785,0.875235227700414,0.9651379954347376,0.9179907233790585,47,24
2,524,dt_NOF_RFC_seed2_d5_s100_l40_w1.0.pkl,5,100,40,1.0,0.8876578411405295,0.974336045783779,0.9289794526387586,0.8604735883424408,0.9802863664660718,0.9164807449801144,47,24
2,525,dt_NOF_RFC_seed2_d5_s100_l50_w0.6.pkl,5,100,50,0.6,0.9032684194826778,0.947733166413306,0.924966727030742,0.8816998468606432,0.9557999584976136,0.917255800059743,47,24
2,526,dt_NOF_RFC_seed2_d5_s100_l50_w0.7.pkl,5,100,50,0.7,0.9032422555560277,0.9503710989895376,0.926207542647988,0.8818581533167654,0.9572525420211662,0.9180099502487562,49,25
2,527,dt_NOF_RFC_seed2_d5_s100_l50_w0.8.pkl,5,100,50,0.8,0.9032422555560277,0.9503710989895376,0.926207542647988,0.8818581533167654,0.9572525420211662,0.9180099502487562,49,25
2,528,dt_NOF_RFC_seed2_d5_s100_l50_w0.9.pkl,5,100,50,0.9,0.8993618271895205,0.9577483680586605,0.9276372769790404,0.8757190004714758,0.9635816559452168,0.9175517462826656,49,25
2,529,dt_NOF_RFC_seed2_d5_s100_l50_w1.0.pkl,5,100,50,1.0,0.8885890674189459,0.9717428239291782,0.9283075280298986,0.8611339359079704,0.9786262710105831,0.9161284056141032,49,25
2,530,dt_NOF_RFC_seed2_d5_s100_l60_w0.6.pkl,5,100,60,0.6,0.903269812849043,0.9473307699186265,0.9247757676276106,0.8817502872462658,0.9554886905997095,0.9171397271188129,47,24
2,531,dt_NOF_RFC_seed2_d5_s100_l60_w0.7.pkl,5,100,60,0.7,0.9032436338902351,0.9499687024948583,0.926017128287825,0.8819085867278639,0.9569412741232621,0.9178941082802548,49,25
2,532,dt_NOF_RFC_seed2_d5_s100_l60_w0.8.pkl,5,100,60,0.8,0.9032436338902351,0.9499687024948583,0.926017128287825,0.8819085867278639,0.9569412741232621,0.9178941082802548,49,25
2,533,dt_NOF_RFC_seed2_d5_s100_l60_w0.9.pkl,5,100,60,0.9,0.8997811263574375,0.9557810963068943,0.9269360853351835,0.8764172335600907,0.9624403403195684,0.9174166749085155,47,24
2,534,dt_NOF_RFC_seed2_d5_s100_l60_w1.0.pkl,5,100,60,1.0,0.8876422830565869,0.9727711705266923,0.9282590609467329,0.861169387941257,0.9795600747042955,0.9165574486675404,49,25
2,535,dt_NOF_RFC_seed2_d5_s100_l70_w0.6.pkl,5,100,70,0.6,0.9032726031488671,0.9465259769292677,0.924393598672576,0.8818399616674653,0.9547623988379332,0.916853484780551,47,24
2,536,dt_NOF_RFC_seed2_d5_s100_l70_w0.7.pkl,5,100,70,0.7,0.9031421403971257,0.949700438165072,0.9258363299553231,0.8818520998756338,0.9564224942934219,0.9176248071275696,45,23
2,537,dt_NOF_RFC_seed2_d5_s100_l70_w0.8.pkl,5,100,70,0.8,0.9031421403971257,0.949700438165072,0.9258363299553231,0.8818520998756338,0.9564224942934219,0.9176248071275696,45,23
2,538,dt_NOF_RFC_seed2_d5_s100_l70_w0.9.pkl,5,100,70,0.9,0.8996800538856614,0.9555128319771081,0.9267562879444926,0.8763588240854523,0.9619215604897282,0.9171489340653906,43,22
2,539,dt_NOF_RFC_seed2_d5_s100_l70_w1.0.pkl,5,100,70,1.0,0.8886206473259953,0.9709827416614504,0.9279777801516932,0.8611898016997167,0.9777962232828388,0.915796122637384,45,23
3,540,dt_NOF_RFC_seed3_d3_s60_l40_w0.6.pkl,3,60,40,0.6,0.9049042829961558,0.9213616415609062,0.9130588097010539,0.9118054486686162,0.8827298465206378,0.8970321017565112,15,8
3,541,dt_NOF_RFC_seed3_d3_s60_l40_w0.7.pkl,3,60,40,0.7,0.9029602113889633,0.9322342150001977,0.9173637318600941,0.9105839416058394,0.8922664282521234,0.901332129148792,15,8
3,542,dt_NOF_RFC_seed3_d3_s60_l40_w0.8.pkl,3,60,40,0.8,0.9031972945968796,0.9292294310678844,0.9160284517197701,0.9111111111111111,0.8919684100730144,0.9014381447180182,15,8
3,543,dt_NOF_RFC_seed3_d3_s60_l40_w0.9.pkl,3,60,40,0.9,0.9031972945968796,0.9292294310678844,0.9160284517197701,0.9111111111111111,0.8919684100730144,0.9014381447180182,15,8
3,544,dt_NOF_RFC_seed3_d3_s60_l40_w1.0.pkl,3,60,40,1.0,0.885493386097981,0.955442217214249,0.9191389015670166,0.8906382978723404,0.9356280733124721,0.9125790276869413,15,8
3,545,dt_NOF_RFC_seed3_d3_s60_l50_w0.6.pkl,3,60,50,0.6,0.9049042829961558,0.9213616415609062,0.9130588097010539,0.9118054486686162,0.8827298465206378,0.8970321017565112,15,8
3,546,dt_NOF_RFC_seed3_d3_s60_l50_w0.7.pkl,3,60,50,0.7,0.9029602113889633,0.9322342150001977,0.9173637318600941,0.9105839416058394,0.8922664282521234,0.901332129148792,15,8
3,547,dt_NOF_RFC_seed3_d3_s60_l50_w0.8.pkl,3,60,50,0.8,0.9031972945968796,0.9292294310678844,0.9160284517197701,0.9111111111111111,0.8919684100730144,0.9014381447180182,15,8
3,548,dt_NOF_RFC_seed3_d3_s60_l50_w0.9.pkl,3,60,50,0.9,0.9031972945968796,0.9292294310678844,0.9160284517197701,0.9111111111111111,0.8919684100730144,0.9014381447180182,15,8
3,549,dt_NOF_RFC_seed3_d3_s60_l50_w1.0.pkl,3,60,50,1.0,0.885493386097981,0.955442217214249,0.9191389015670166,0.8906382978723404,0.9356280733124721,0.9125790276869413,15,8
3,550,dt_NOF_RFC_seed3_d3_s60_l60_w0.6.pkl,3,60,60,0.6,0.9049042829961558,0.9213616415609062,0.9130588097010539,0.9118054486686162,0.8827298465206378,0.8970321017565112,15,8
3,551,dt_NOF_RFC_seed3_d3_s60_l60_w0.7.pkl,3,60,60,0.7,0.9029602113889633,0.9322342150001977,0.9173637318600941,0.9105839416058394,0.8922664282521234,0.901332129148792,15,8
3,552,dt_NOF_RFC_seed3_d3_s60_l60_w0.8.pkl,3,60,60,0.8,0.9031972945968796,0.9292294310678844,0.9160284517197701,0.9111111111111111,0.8919684100730144,0.9014381447180182,15,8
3,553,dt_NOF_RFC_seed3_d3_s60_l60_w0.9.pkl,3,60,60,0.9,0.9031972945968796,0.9292294310678844,0.9160284517197701,0.9111111111111111,0.8919684100730144,0.9014381447180182,15,8
3,554,dt_NOF_RFC_seed3_d3_s60_l60_w1.0.pkl,3,60,60,1.0,0.885493386097981,0.955442217214249,0.9191389015670166,0.8906382978723404,0.9356280733124721,0.9125790276869413,15,8
3,555,dt_NOF_RFC_seed3_d3_s60_l70_w0.6.pkl,3,60,70,0.6,0.9049042829961558,0.9213616415609062,0.9130588097010539,0.9118054486686162,0.8827298465206378,0.8970321017565112,15,8
3,556,dt_NOF_RFC_seed3_d3_s60_l70_w0.7.pkl,3,60,70,0.7,0.9029602113889633,0.9322342150001977,0.9173637318600941,0.9105839416058394,0.8922664282521234,0.901332129148792,15,8
3,557,dt_NOF_RFC_seed3_d3_s60_l70_w0.8.pkl,3,60,70,0.8,0.9031972945968796,0.9292294310678844,0.9160284517197701,0.9111111111111111,0.8919684100730144,0.9014381447180182,15,8
3,558,dt_NOF_RFC_seed3_d3_s60_l70_w0.9.pkl,3,60,70,0.9,0.9031972945968796,0.9292294310678844,0.9160284517197701,0.9111111111111111,0.8919684100730144,0.9014381447180182,15,8
3,559,dt_NOF_RFC_seed3_d3_s60_l70_w1.0.pkl,3,60,70,1.0,0.885493386097981,0.955442217214249,0.9191389015670166,0.8906382978723404,0.9356280733124721,0.9125790276869413,15,8
3,560,dt_NOF_RFC_seed3_d3_s80_l40_w0.6.pkl,3,80,40,0.6,0.9049042829961558,0.9213616415609062,0.9130588097010539,0.9118054486686162,0.8827298465206378,0.8970321017565112,15,8
3,561,dt_NOF_RFC_seed3_d3_s80_l40_w0.7.pkl,3,80,40,0.7,0.9029602113889633,0.9322342150001977,0.9173637318600941,0.9105839416058394,0.8922664282521234,0.901332129148792,15,8
3,562,dt_NOF_RFC_seed3_d3_s80_l40_w0.8.pkl,3,80,40,0.8,0.9031972945968796,0.9292294310678844,0.9160284517197701,0.9111111111111111,0.8919684100730144,0.9014381447180182,15,8
3,563,dt_NOF_RFC_seed3_d3_s80_l40_w0.9.pkl,3,80,40,0.9,0.9031972945968796,0.9292294310678844,0.9160284517197701,0.9111111111111111,0.8919684100730144,0.9014381447180182,15,8
3,564,dt_NOF_RFC_seed3_d3_s80_l40_w1.0.pkl,3,80,40,1.0,0.885493386097981,0.955442217214249,0.9191389015670166,0.8906382978723404,0.9356280733124721,0.9125790276869413,15,8
3,565,dt_NOF_RFC_seed3_d3_s80_l50_w0.6.pkl,3,80,50,0.6,0.9049042829961558,0.9213616415609062,0.9130588097010539,0.9118054486686162,0.8827298465206378,0.8970321017565112,15,8
3,566,dt_NOF_RFC_seed3_d3_s80_l50_w0.7.pkl,3,80,50,0.7,0.9029602113889633,0.9322342150001977,0.9173637318600941,0.9105839416058394,0.8922664282521234,0.901332129148792,15,8
3,567,dt_NOF_RFC_seed3_d3_s80_l50_w0.8.pkl,3,80,50,0.8,0.9031972945968796,0.9292294310678844,0.9160284517197701,0.9111111111111111,0.8919684100730144,0.9014381447180182,15,8
3,568,dt_NOF_RFC_seed3_d3_s80_l50_w0.9.pkl,3,80,50,0.9,0.9031972945968796,0.9292294310678844,0.9160284517197701,0.9111111111111111,0.8919684100730144,0.9014381447180182,15,8
3,569,dt_NOF_RFC_seed3_d3_s80_l50_w1.0.pkl,3,80,50,1.0,0.885493386097981,0.955442217214249,0.9191389015670166,0.8906382978723404,0.9356280733124721,0.9125790276869413,15,8
3,570,dt_NOF_RFC_seed3_d3_s80_l60_w0.6.pkl,3,80,60,0.6,0.9049042829961558,0.9213616415609062,0.9130588097010539,0.9118054486686162,0.8827298465206378,0.8970321017565112,15,8
3,571,dt_NOF_RFC_seed3_d3_s80_l60_w0.7.pkl,3,80,60,0.7,0.9029602113889633,0.9322342150001977,0.9173637318600941,0.9105839416058394,0.8922664282521234,0.901332129148792,15,8
3,572,dt_NOF_RFC_seed3_d3_s80_l60_w0.8.pkl,3,80,60,0.8,0.9031972945968796,0.9292294310678844,0.9160284517197701,0.9111111111111111,0.8919684100730144,0.9014381447180182,15,8
3,573,dt_NOF_RFC_seed3_d3_s80_l60_w0.9.pkl,3,80,60,0.9,0.9031972945968796,0.9292294310678844,0.9160284517197701,0.9111111111111111,0.8919684100730144,0.9014381447180182,15,8
3,574,dt_NOF_RFC_seed3_d3_s80_l60_w1.0.pkl,3,80,60,1.0,0.885493386097981,0.955442217214249,0.9191389015670166,0.8906382978723404,0.9356280733124721,0.9125790276869413,15,8
3,575,dt_NOF_RFC_seed3_d3_s80_l70_w0.6.pkl,3,80,70,0.6,0.9049042829961558,0.9213616415609062,0.9130588097010539,0.9118054486686162,0.8827298465206378,0.8970321017565112,15,8
3,576,dt_NOF_RFC_seed3_d3_s80_l70_w0.7.pkl,3,80,70,0.7,0.9029602113889633,0.9322342150001977,0.9173637318600941,0.9105839416058394,0.8922664282521234,0.901332129148792,15,8
3,577,dt_NOF_RFC_seed3_d3_s80_l70_w0.8.pkl,3,80,70,0.8,0.9031972945968796,0.9292294310678844,0.9160284517197701,0.9111111111111111,0.8919684100730144,0.9014381447180182,15,8
3,578,dt_NOF_RFC_seed3_d3_s80_l70_w0.9.pkl,3,80,70,0.9,0.9031972945968796,0.9292294310678844,0.9160284517197701,0.9111111111111111,0.8919684100730144,0.9014381447180182,15,8
3,579,dt_NOF_RFC_seed3_d3_s80_l70_w1.0.pkl,3,80,70,1.0,0.885493386097981,0.955442217214249,0.9191389015670166,0.8906382978723404,0.9356280733124721,0.9125790276869413,15,8
3,580,dt_NOF_RFC_seed3_d3_s100_l40_w0.6.pkl,3,100,40,0.6,0.9049042829961558,0.9213616415609062,0.9130588097010539,0.9118054486686162,0.8827298465206378,0.8970321017565112,15,8
3,581,dt_NOF_RFC_seed3_d3_s100_l40_w0.7.pkl,3,100,40,0.7,0.9029602113889633,0.9322342150001977,0.9173637318600941,0.9105839416058394,0.8922664282521234,0.901332129148792,15,8
3,582,dt_NOF_RFC_seed3_d3_s100_l40_w0.8.pkl,3,100,40,0.8,0.9031972945968796,0.9292294310678844,0.9160284517197701,0.9111111111111111,0.8919684100730144,0.9014381447180182,15,8
3,583,dt_NOF_RFC_seed3_d3_s100_l40_w0.9.pkl,3,100,40,0.9,0.9031972945968796,0.9292294310678844,0.9160284517197701,0.9111111111111111,0.8919684100730144,0.9014381447180182,15,8
3,584,dt_NOF_RFC_seed3_d3_s100_l40_w1.0.pkl,3,100,40,1.0,0.885493386097981,0.955442217214249,0.9191389015670166,0.8906382978723404,0.9356280733124721,0.9125790276869413,15,8
3,585,dt_NOF_RFC_seed3_d3_s100_l50_w0.6.pkl,3,100,50,0.6,0.9049042829961558,0.9213616415609062,0.9130588097010539,0.9118054486686162,0.8827298465206378,0.8970321017565112,15,8
3,586,dt_NOF_RFC_seed3_d3_s100_l50_w0.7.pkl,3,100,50,0.7,0.9029602113889633,0.9322342150001977,0.9173637318600941,0.9105839416058394,0.8922664282521234,0.901332129148792,15,8
3,587,dt_NOF_RFC_seed3_d3_s100_l50_w0.8.pkl,3,100,50,0.8,0.9031972945968796,0.9292294310678844,0.9160284517197701,0.9111111111111111,0.8919684100730144,0.9014381447180182,15,8
3,588,dt_NOF_RFC_seed3_d3_s100_l50_w0.9.pkl,3,100,50,0.9,0.9031972945968796,0.9292294310678844,0.9160284517197701,0.9111111111111111,0.8919684100730144,0.9014381447180182,15,8
3,589,dt_NOF_RFC_seed3_d3_s100_l50_w1.0.pkl,3,100,50,1.0,0.885493386097981,0.955442217214249,0.9191389015670166,0.8906382978723404,0.9356280733124721,0.9125790276869413,15,8
3,590,dt_NOF_RFC_seed3_d3_s100_l60_w0.6.pkl,3,100,60,0.6,0.9049042829961558,0.9213616415609062,0.9130588097010539,0.9118054486686162,0.8827298465206378,0.8970321017565112,15,8
3,591,dt_NOF_RFC_seed3_d3_s100_l60_w0.7.pkl,3,100,60,0.7,0.9029602113889633,0.9322342150001977,0.9173637318600941,0.9105839416058394,0.8922664282521234,0.901332129148792,15,8
3,592,dt_NOF_RFC_seed3_d3_s100_l60_w0.8.pkl,3,100,60,0.8,0.9031972945968796,0.9292294310678844,0.9160284517197701,0.9111111111111111,0.8919684100730144,0.9014381447180182,15,8
3,593,dt_NOF_RFC_seed3_d3_s100_l60_w0.9.pkl,3,100,60,0.9,0.9031972945968796,0.9292294310678844,0.9160284517197701,0.9111111111111111,0.8919684100730144,0.9014381447180182,15,8
3,594,dt_NOF_RFC_seed3_d3_s100_l60_w1.0.pkl,3,100,60,1.0,0.885493386097981,0.955442217214249,0.9191389015670166,0.8906382978723404,0.9356280733124721,0.9125790276869413,15,8
3,595,dt_NOF_RFC_seed3_d3_s100_l70_w0.6.pkl,3,100,70,0.6,0.9049042829961558,0.9213616415609062,0.9130588097010539,0.9118054486686162,0.8827298465206378,0.8970321017565112,15,8
3,596,dt_NOF_RFC_seed3_d3_s100_l70_w0.7.pkl,3,100,70,0.7,0.9029602113889633,0.9322342150001977,0.9173637318600941,0.9105839416058394,0.8922664282521234,0.901332129148792,15,8
3,597,dt_NOF_RFC_seed3_d3_s100_l70_w0.8.pkl,3,100,70,0.8,0.9031972945968796,0.9292294310678844,0.9160284517197701,0.9111111111111111,0.8919684100730144,0.9014381447180182,15,8
3,598,dt_NOF_RFC_seed3_d3_s100_l70_w0.9.pkl,3,100,70,0.9,0.9031972945968796,0.9292294310678844,0.9160284517197701,0.9111111111111111,0.8919684100730144,0.9014381447180182,15,8
3,599,dt_NOF_RFC_seed3_d3_s100_l70_w1.0.pkl,3,100,70,1.0,0.885493386097981,0.955442217214249,0.9191389015670166,0.8906382978723404,0.9356280733124721,0.9125790276869413,15,8
3,600,dt_NOF_RFC_seed3_d4_s60_l40_w0.6.pkl,4,60,40,0.6,0.9052019560278772,0.9294666508520144,0.9171738451935081,0.9038519866545345,0.8880941737445984,0.8959037955655769,31,16
3,601,dt_NOF_RFC_seed3_d4_s60_l40_w0.7.pkl,4,60,40,0.7,0.9054463224866812,0.9340133633811727,0.9195080180600965,0.9064759036144578,0.8968857100283117,0.9016553067185978,31,16
3,602,dt_NOF_RFC_seed3_d4_s60_l40_w0.8.pkl,4,60,40,0.8,0.9026825179088553,0.9366227810066026,0.9193395036575664,0.9038976495090747,0.9053792281329162,0.9046378322042731,31,16
3,603,dt_NOF_RFC_seed3_d4_s60_l40_w0.9.pkl,4,60,40,0.9,0.8862033873664317,0.9640216660736172,0.9234760543109815,0.8911114241442457,0.9426315005215318,0.9161477190441709,31,16
3,604,dt_NOF_RFC_seed3_d4_s60_l40_w1.0.pkl,4,60,40,1.0,0.8884906557437005,0.9605029059423555,0.9230944600653546,0.8931928225576758,0.9345850096855908,0.9134202286463263,31,16
3,605,dt_NOF_RFC_seed3_d4_s60_l50_w0.6.pkl,4,60,50,0.6,0.9052019560278772,0.9294666508520144,0.9171738451935081,0.9038519866545345,0.8880941737445984,0.8959037955655769,31,16
3,606,dt_NOF_RFC_seed3_d4_s60_l50_w0.7.pkl,4,60,50,0.7,0.9054463224866812,0.9340133633811727,0.9195080180600965,0.9064759036144578,0.8968857100283117,0.9016553067185978,27,14
3,607,dt_NOF_RFC_seed3_d4_s60_l50_w0.8.pkl,4,60,50,0.8,0.9026713920963378,0.9365041711145377,0.91927659409322,0.9040178571428571,0.9052302190433617,0.9046236318963592,29,15
3,608,dt_NOF_RFC_seed3_d4_s60_l50_w0.9.pkl,4,60,50,0.9,0.8861909781541929,0.9639030561815523,0.9234148928111506,0.8912216429477244,0.9424824914319774,0.916135573580533,29,15
3,609,dt_NOF_RFC_seed3_d4_s60_l50_w1.0.pkl,4,60,50,1.0,0.8884906557437005,0.9605029059423555,0.9230944600653546,0.8931928225576758,0.9345850096855908,0.9134202286463263,31,16
3,610,dt_NOF_RFC_seed3_d4_s60_l60_w0.6.pkl,4,60,60,0.6,0.9052019560278772,0.9294666508520144,0.9171738451935081,0.9038519866545345,0.8880941737445984,0.8959037955655769,31,16
3,611,dt_NOF_RFC_seed3_d4_s60_l60_w0.7.pkl,4,60,60,0.7,0.9041064551797766,0.937492586881746,0.9204968944099379,0.9039581777445855,0.901803009983609,0.9028793077726391,27,14
3,612,dt_NOF_RFC_seed3_d4_s60_l60_w0.8.pkl,4,60,60,0.8,0.9041137788652699,0.9349622425176927,0.9192792862835041,0.904228298222023,0.901803009983609,0.9030140256639809,29,15
3,613,dt_NOF_RFC_seed3_d4_s60_l60_w0.9.pkl,4,60,60,0.9,0.8875154962444396,0.9623611275847073,0.9234241924163964,0.8913719943422914,0.9390552823722247,0.9145925549669836,29,15
3,614,dt_NOF_RFC_seed3_d4_s60_l60_w1.0.pkl,4,60,60,1.0,0.8884906557437005,0.9605029059423555,0.9230944600653546,0.8931928225576758,0.9345850096855908,0.9134202286463263,31,16
3,615,dt_NOF_RFC_seed3_d4_s60_l70_w0.6.pkl,4,60,70,0.6,0.9052019560278772,0.9294666508520144,0.9171738451935081,0.9038519866545345,0.8880941737445984,0.8959037955655769,29,15
3,616,dt_NOF_RFC_seed3_d4_s60_l70_w0.7.pkl,4,60,70,0.7,0.9041064551797766,0.937492586881746,0.9204968944099379,0.9039581777445855,0.901803009983609,0.9028793077726391,27,14
3,617,dt_NOF_RFC_seed3_d4_s60_l70_w0.8.pkl,4,60,70,0.8,0.9041137788652699,0.9349622425176927,0.9192792862835041,0.904228298222023,0.901803009983609,0.9030140256639809,29,15
3,618,dt_NOF_RFC_seed3_d4_s60_l70_w0.9.pkl,4,60,70,0.9,0.8875154962444396,0.9623611275847073,0.9234241924163964,0.8913719943422914,0.9390552823722247,0.9145925549669836,29,15
3,619,dt_NOF_RFC_seed3_d4_s60_l70_w1.0.pkl,4,60,70,1.0,0.8884906557437005,0.9605029059423555,0.9230944600653546,0.8931928225576758,0.9345850096855908,0.9134202286463263,29,15
3,620,dt_NOF_RFC_seed3_d4_s80_l40_w0.6.pkl,4,80,40,0.6,0.9052019560278772,0.9294666508520144,0.9171738451935081,0.9038519866545345,0.8880941737445984,0.8959037955655769,31,16
3,621,dt_NOF_RFC_seed3_d4_s80_l40_w0.7.pkl,4,80,40,0.7,0.9054463224866812,0.9340133633811727,0.9195080180600965,0.9064759036144578,0.8968857100283117,0.9016553067185978,31,16
3,622,dt_NOF_RFC_seed3_d4_s80_l40_w0.8.pkl,4,80,40,0.8,0.9026825179088553,0.9366227810066026,0.9193395036575664,0.9038976495090747,0.9053792281329162,0.9046378322042731,31,16
3,623,dt_NOF_RFC_seed3_d4_s80_l40_w0.9.pkl,4,80,40,0.9,0.8862033873664317,0.9640216660736172,0.9234760543109815,0.8911114241442457,0.9426315005215318,0.9161477190441709,31,16
3,624,dt_NOF_RFC_seed3_d4_s80_l40_w1.0.pkl,4,80,40,1.0,0.8884906557437005,0.9605029059423555,0.9230944600653546,0.8931928225576758,0.9345850096855908,0.9134202286463263,31,16
3,625,dt_NOF_RFC_seed3_d4_s80_l50_w0.6.pkl,4,80,50,0.6,0.9052019560278772,0.9294666508520144,0.9171738451935081,0.9038519866545345,0.8880941737445984,0.8959037955655769,31,16
3,626,dt_NOF_RFC_seed3_d4_s80_l50_w0.7.pkl,4,80,50,0.7,0.9054463224866812,0.9340133633811727,0.9195080180600965,0.9064759036144578,0.8968857100283117,0.9016553067185978,27,14
3,627,dt_NOF_RFC_seed3_d4_s80_l50_w0.8.pkl,4,80,50,0.8,0.9026713920963378,0.9365041711145377,0.91927659409322,0.9040178571428571,0.9052302190433617,0.9046236318963592,29,15
3,628,dt_NOF_RFC_seed3_d4_s80_l50_w0.9.pkl,4,80,50,0.9,0.8861909781541929,0.9639030561815523,0.9234148928111506,0.8912216429477244,0.9424824914319774,0.916135573580533,29,15
3,629,dt_NOF_RFC_seed3_d4_s80_l50_w1.0.pkl,4,80,50,1.0,0.8884906557437005,0.9605029059423555,0.9230944600653546,0.8931928225576758,0.9345850096855908,0.9134202286463263,31,16
3,630,dt_NOF_RFC_seed3_d4_s80_l60_w0.6.pkl,4,80,60,0.6,0.9052019560278772,0.9294666508520144,0.9171738451935081,0.9038519866545345,0.8880941737445984,0.8959037955655769,31,16
3,631,dt_NOF_RFC_seed3_d4_s80_l60_w0.7.pkl,4,80,60,0.7,0.9041064551797766,0.937492586881746,0.9204968944099379,0.9039581777445855,0.901803009983609,0.9028793077726391,27,14
3,632,dt_NOF_RFC_seed3_d4_s80_l60_w0.8.pkl,4,80,60,0.8,0.9041137788652699,0.9349622425176927,0.9192792862835041,0.904228298222023,0.901803009983609,0.9030140256639809,29,15
3,633,dt_NOF_RFC_seed3_d4_s80_l60_w0.9.pkl,4,80,60,0.9,0.8875154962444396,0.9623611275847073,0.9234241924163964,0.8913719943422914,0.9390552823722247,0.9145925549669836,29,15
3,634,dt_NOF_RFC_seed3_d4_s80_l60_w1.0.pkl,4,80,60,1.0,0.8884906557437005,0.9605029059423555,0.9230944600653546,0.8931928225576758,0.9345850096855908,0.9134202286463263,31,16
3,635,dt_NOF_RFC_seed3_d4_s80_l70_w0.6.pkl,4,80,70,0.6,0.9052019560278772,0.9294666508520144,0.9171738451935081,0.9038519866545345,0.8880941737445984,0.8959037955655769,29,15
3,636,dt_NOF_RFC_seed3_d4_s80_l70_w0.7.pkl,4,80,70,0.7,0.9041064551797766,0.937492586881746,0.9204968944099379,0.9039581777445855,0.901803009983609,0.9028793077726391,27,14
3,637,dt_NOF_RFC_seed3_d4_s80_l70_w0.8.pkl,4,80,70,0.8,0.9041137788652699,0.9349622425176927,0.9192792862835041,0.904228298222023,0.901803009983609,0.9030140256639809,29,15
3,638,dt_NOF_RFC_seed3_d4_s80_l70_w0.9.pkl,4,80,70,0.9,0.8875154962444396,0.9623611275847073,0.9234241924163964,0.8913719943422914,0.9390552823722247,0.9145925549669836,29,15
3,639,dt_NOF_RFC_seed3_d4_s80_l70_w1.0.pkl,4,80,70,1.0,0.8884906557437005,0.9605029059423555,0.9230944600653546,0.8931928225576758,0.9345850096855908,0.9134202286463263,29,15
3,640,dt_NOF_RFC_seed3_d4_s100_l40_w0.6.pkl,4,100,40,0.6,0.9052019560278772,0.9294666508520144,0.9171738451935081,0.9038519866545345,0.8880941737445984,0.8959037955655769,31,16
3,641,dt_NOF_RFC_seed3_d4_s100_l40_w0.7.pkl,4,100,40,0.7,0.9054463224866812,0.9340133633811727,0.9195080180600965,0.9064759036144578,0.8968857100283117,0.9016553067185978,27,14
3,642,dt_NOF_RFC_seed3_d4_s100_l40_w0.8.pkl,4,100,40,0.8,0.9026825179088553,0.9366227810066026,0.9193395036575664,0.9038976495090747,0.9053792281329162,0.9046378322042731,29,15
3,643,dt_NOF_RFC_seed3_d4_s100_l40_w0.9.pkl,4,100,40,0.9,0.8862033873664317,0.9640216660736172,0.9234760543109815,0.8911114241442457,0.9426315005215318,0.9161477190441709,29,15
3,644,dt_NOF_RFC_seed3_d4_s100_l40_w1.0.pkl,4,100,40,1.0,0.8884906557437005,0.9605029059423555,0.9230944600653546,0.8931928225576758,0.9345850096855908,0.9134202286463263,31,16
3,645,dt_NOF_RFC_seed3_d4_s100_l50_w0.6.pkl,4,100,50,0.6,0.9052019560278772,0.9294666508520144,0.9171738451935081,0.9038519866545345,0.8880941737445984,0.8959037955655769,31,16
3,646,dt_NOF_RFC_seed3_d4_s100_l50_w0.7.pkl,4,100,50,0.7,0.9054463224866812,0.9340133633811727,0.9195080180600965,0.9064759036144578,0.8968857100283117,0.9016553067185978,27,14
3,647,dt_NOF_RFC_seed3_d4_s100_l50_w0.8.pkl,4,100,50,0.8,0.9026713920963378,0.9365041711145377,0.91927659409322,0.9040178571428571,0.9052302190433617,0.9046236318963592,29,15
3,648,dt_NOF_RFC_seed3_d4_s100_l50_w0.9.pkl,4,100,50,0.9,0.8861909781541929,0.9639030561815523,0.9234148928111506,0.8912216429477244,0.9424824914319774,0.916135573580533,29,15
3,649,dt_NOF_RFC_seed3_d4_s100_l50_w1.0.pkl,4,100,50,1.0,0.8884906557437005,0.9605029059423555,0.9230944600653546,0.8931928225576758,0.9345850096855908,0.9134202286463263,31,16
3,650,dt_NOF_RFC_seed3_d4_s100_l60_w0.6.pkl,4,100,60,0.6,0.9052019560278772,0.9294666508520144,0.9171738451935081,0.9038519866545345,0.8880941737445984,0.8959037955655769,31,16
3,651,dt_NOF_RFC_seed3_d4_s100_l60_w0.7.pkl,4,100,60,0.7,0.9041064551797766,0.937492586881746,0.9204968944099379,0.9039581777445855,0.901803009983609,0.9028793077726391,27,14
3,652,dt_NOF_RFC_seed3_d4_s100_l60_w0.8.pkl,4,100,60,0.8,0.9041137788652699,0.9349622425176927,0.9192792862835041,0.904228298222023,0.901803009983609,0.9030140256639809,29,15
3,653,dt_NOF_RFC_seed3_d4_s100_l60_w0.9.pkl,4,100,60,0.9,0.8875154962444396,0.9623611275847073,0.9234241924163964,0.8913719943422914,0.9390552823722247,0.9145925549669836,29,15
3,654,dt_NOF_RFC_seed3_d4_s100_l60_w1.0.pkl,4,100,60,1.0,0.8884906557437005,0.9605029059423555,0.9230944600653546,0.8931928225576758,0.9345850096855908,0.9134202286463263,31,16
3,655,dt_NOF_RFC_seed3_d4_s100_l70_w0.6.pkl,4,100,70,0.6,0.9052019560278772,0.9294666508520144,0.9171738451935081,0.9038519866545345,0.8880941737445984,0.8959037955655769,29,15
3,656,dt_NOF_RFC_seed3_d4_s100_l70_w0.7.pkl,4,100,70,0.7,0.9041064551797766,0.937492586881746,0.9204968944099379,0.9039581777445855,0.901803009983609,0.9028793077726391,27,14
3,657,dt_NOF_RFC_seed3_d4_s100_l70_w0.8.pkl,4,100,70,0.8,0.9041137788652699,0.9349622425176927,0.9192792862835041,0.904228298222023,0.901803009983609,0.9030140256639809,29,15
3,658,dt_NOF_RFC_seed3_d4_s100_l70_w0.9.pkl,4,100,70,0.9,0.8875154962444396,0.9623611275847073,0.9234241924163964,0.8913719943422914,0.9390552823722247,0.9145925549669836,29,15
3,659,dt_NOF_RFC_seed3_d4_s100_l70_w1.0.pkl,4,100,70,1.0,0.8884906557437005,0.9605029059423555,0.9230944600653546,0.8931928225576758,0.9345850096855908,0.9134202286463263,29,15
3,660,dt_NOF_RFC_seed3_d5_s60_l40_w0.6.pkl,5,60,40,0.6,0.9093516257799481,0.9276875024710394,0.9184280569907625,0.9099278809268068,0.8836239010579645,0.8965830057453885,59,30
3,661,dt_NOF_RFC_seed3_d5_s60_l40_w0.7.pkl,5,60,40,0.7,0.9100205291087268,0.9288736013916894,0.9193504206613188,0.912963811268896,0.8909253464461332,0.9018099547511312,53,27
3,662,dt_NOF_RFC_seed3_d5_s60_l40_w0.8.pkl,5,60,40,0.8,0.898829775301903,0.9505001383782075,0.9239431206764027,0.9012327560904021,0.9150648189539562,0.9080961182994455,57,29
3,663,dt_NOF_RFC_seed3_d5_s60_l40_w0.9.pkl,5,60,40,0.9,0.8962099558261257,0.9545328747084173,0.9244524429468525,0.899970921779587,0.9223662643421249,0.9110309809404665,55,28
3,664,dt_NOF_RFC_seed3_d5_s60_l40_w1.0.pkl,5,60,40,1.0,0.8961777051372535,0.9538607519867157,0.9241199678247214,0.9009612583745995,0.9217702279839071,0.9112469617735877,57,29
3,665,dt_NOF_RFC_seed3_d5_s60_l50_w0.6.pkl,5,60,50,0.6,0.9093729398534145,0.9271339896414028,0.918167580266249,0.9101796407185628,0.8833258828788556,0.896551724137931,59,30
3,666,dt_NOF_RFC_seed3_d5_s60_l50_w0.7.pkl,5,60,50,0.7,0.909379230322955,0.9295852607440794,0.9193712364119809,0.9103500761035007,0.8912233646252421,0.9006851893682705,49,25
3,667,dt_NOF_RFC_seed3_d5_s60_l50_w0.8.pkl,5,60,50,0.8,0.8982266193765167,0.9512117977305974,0.9239602135258651,0.8987564008778347,0.9153628371330651,0.9069836113981987,55,28
3,668,dt_NOF_RFC_seed3_d5_s60_l50_w0.9.pkl,5,60,50,0.9,0.895614782963265,0.9552445340608073,0.9244691027357949,0.8975213799101319,0.9226642825212338,0.9099191770756796,55,28
3,669,dt_NOF_RFC_seed3_d5_s60_l50_w1.0.pkl,5,60,50,1.0,0.8955899261896814,0.9546514846004823,0.9241780533547671,0.8983887356655538,0.9222172552525704,0.9101470588235294,59,30
3,670,dt_NOF_RFC_seed3_d5_s60_l60_w0.6.pkl,5,60,60,0.6,0.9093024157586568,0.9271339896414028,0.9181316314944599,0.9072878228782287,0.8793026374608851,0.8930760499432463,59,30
3,671,dt_NOF_RFC_seed3_d5_s60_l60_w0.7.pkl,5,60,60,0.7,0.9101236865573262,0.9280433321472344,0.9189961631822097,0.911913136565224,0.8885412010132618,0.9000754716981132,51,26
3,672,dt_NOF_RFC_seed3_d5_s60_l60_w0.8.pkl,5,60,60,0.8,0.8989184536506867,0.9496698691337524,0.9235974929826585,0.9002057613168725,0.9126806735210848,0.9064002959674435,57,29
3,673,dt_NOF_RFC_seed3_d5_s60_l60_w0.9.pkl,5,60,60,0.9,0.896295470590421,0.9537026054639623,0.9241083400375436,0.8989516598718695,0.9199821189092534,0.9093453126150673,57,29
3,674,dt_NOF_RFC_seed3_d5_s60_l60_w1.0.pkl,5,60,60,1.0,0.8954139324509695,0.9548887043846124,0.9241954616768071,0.8983026258523139,0.9226642825212338,0.910320493972361,59,30
3,675,dt_NOF_RFC_seed3_d5_s60_l70_w0.6.pkl,5,60,70,0.6,0.9092988987125795,0.9270944530107145,0.9181104520271726,0.9072593048292833,0.8790046192817762,0.8929084992053281,57,29
3,676,dt_NOF_RFC_seed3_d5_s60_l70_w0.7.pkl,5,60,70,0.7,0.9091331089706395,0.929189894437196,0.9190520882214922,0.9094368340943684,0.8903293100879154,0.8997816429485731,47,24
3,677,dt_NOF_RFC_seed3_d5_s60_l70_w0.8.pkl,5,60,70,0.8,0.8979873791120571,0.9508164314237141,0.9236471175634674,0.897878566203365,0.9144687825957384,0.9060977410305625,53,27
3,678,dt_NOF_RFC_seed3_d5_s60_l70_w0.9.pkl,5,60,70,0.9,0.8955899261896814,0.9546514846004823,0.9241780533547671,0.896967058482078,0.9210251825361347,0.9088369357447434,53,27
3,679,dt_NOF_RFC_seed3_d5_s60_l70_w1.0.pkl,5,60,70,1.0,0.8952712718648088,0.9551259241687423,0.9242305411557664,0.8984601975595584,0.9216212188943526,0.9098933431408606,57,29
3,680,dt_NOF_RFC_seed3_d5_s80_l40_w0.6.pkl,5,80,40,0.6,0.9093516257799481,0.9276875024710394,0.9184280569907625,0.9099278809268068,0.8836239010579645,0.8965830057453885,59,30
3,681,dt_NOF_RFC_seed3_d5_s80_l40_w0.7.pkl,5,80,40,0.7,0.9100205291087268,0.9288736013916894,0.9193504206613188,0.912963811268896,0.8909253464461332,0.9018099547511312,53,27
3,682,dt_NOF_RFC_seed3_d5_s80_l40_w0.8.pkl,5,80,40,0.8,0.898829775301903,0.9505001383782075,0.9239431206764027,0.9012327560904021,0.9150648189539562,0.9080961182994455,57,29
3,683,dt_NOF_RFC_seed3_d5_s80_l40_w0.9.pkl,5,80,40,0.9,0.8962099558261257,0.9545328747084173,0.9244524429468525,0.899970921779587,0.9223662643421249,0.9110309809404665,55,28
3,684,dt_NOF_RFC_seed3_d5_s80_l40_w1.0.pkl,5,80,40,1.0,0.8961777051372535,0.9538607519867157,0.9241199678247214,0.9009612583745995,0.9217702279839071,0.9112469617735877,57,29
3,685,dt_NOF_RFC_seed3_d5_s80_l50_w0.6.pkl,5,80,50,0.6,0.9093729398534145,0.9271339896414028,0.918167580266249,0.9101796407185628,0.8833258828788556,0.896551724137931,59,30
3,686,dt_NOF_RFC_seed3_d5_s80_l50_w0.7.pkl,5,80,50,0.7,0.909379230322955,0.9295852607440794,0.9193712364119809,0.9103500761035007,0.8912233646252421,0.9006851893682705,49,25
3,687,dt_NOF_RFC_seed3_d5_s80_l50_w0.8.pkl,5,80,50,0.8,0.8982266193765167,0.9512117977305974,0.9239602135258651,0.8987564008778347,0.9153628371330651,0.9069836113981987,55,28
3,688,dt_NOF_RFC_seed3_d5_s80_l50_w0.9.pkl,5,80,50,0.9,0.895614782963265,0.9552445340608073,0.9244691027357949,0.8975213799101319,0.9226642825212338,0.9099191770756796,55,28
3,689,dt_NOF_RFC_seed3_d5_s80_l50_w1.0.pkl,5,80,50,1.0,0.8955899261896814,0.9546514846004823,0.9241780533547671,0.8983887356655538,0.9222172552525704,0.9101470588235294,59,30
3,690,dt_NOF_RFC_seed3_d5_s80_l60_w0.6.pkl,5,80,60,0.6,0.9093024157586568,0.9271339896414028,0.9181316314944599,0.9072878228782287,0.8793026374608851,0.8930760499432463,59,30
3,691,dt_NOF_RFC_seed3_d5_s80_l60_w0.7.pkl,5,80,60,0.7,0.9101236865573262,0.9280433321472344,0.9189961631822097,0.911913136565224,0.8885412010132618,0.9000754716981132,51,26
3,692,dt_NOF_RFC_seed3_d5_s80_l60_w0.8.pkl,5,80,60,0.8,0.8989184536506867,0.9496698691337524,0.9235974929826585,0.9002057613168725,0.9126806735210848,0.9064002959674435,57,29
3,693,dt_NOF_RFC_seed3_d5_s80_l60_w0.9.pkl,5,80,60,0.9,0.896295470590421,0.9537026054639623,0.9241083400375436,0.8989516598718695,0.9199821189092534,0.9093453126150673,57,29
3,694,dt_NOF_RFC_seed3_d5_s80_l60_w1.0.pkl,5,80,60,1.0,0.8954139324509695,0.9548887043846124,0.9241954616768071,0.8983026258523139,0.9226642825212338,0.910320493972361,59,30
3,695,dt_NOF_RFC_seed3_d5_s80_l70_w0.6.pkl,5,80,70,0.6,0.9092988987125795,0.9270944530107145,0.9181104520271726,0.9072593048292833,0.8790046192817762,0.8929084992053281,57,29
3,696,dt_NOF_RFC_seed3_d5_s80_l70_w0.7.pkl,5,80,70,0.7,0.9091331089706395,0.929189894437196,0.9190520882214922,0.9094368340943684,0.8903293100879154,0.8997816429485731,47,24
3,697,dt_NOF_RFC_seed3_d5_s80_l70_w0.8.pkl,5,80,70,0.8,0.8979873791120571,0.9508164314237141,0.9236471175634674,0.897878566203365,0.9144687825957384,0.9060977410305625,53,27
3,698,dt_NOF_RFC_seed3_d5_s80_l70_w0.9.pkl,5,80,70,0.9,0.8955899261896814,0.9546514846004823,0.9241780533547671,0.896967058482078,0.9210251825361347,0.9088369357447434,53,27
3,699,dt_NOF_RFC_seed3_d5_s80_l70_w1.0.pkl,5,80,70,1.0,0.8952712718648088,0.9551259241687423,0.9242305411557664,0.8984601975595584,0.9216212188943526,0.9098933431408606,57,29
3,700,dt_NOF_RFC_seed3_d5_s100_l40_w0.6.pkl,5,100,40,0.6,0.9093516257799481,0.9276875024710394,0.9184280569907625,0.9099278809268068,0.8836239010579645,0.8965830057453885,59,30
3,701,dt_NOF_RFC_seed3_d5_s100_l40_w0.7.pkl,5,100,40,0.7,0.9100205291087268,0.9288736013916894,0.9193504206613188,0.912963811268896,0.8909253464461332,0.9018099547511312,49,25
3,702,dt_NOF_RFC_seed3_d5_s100_l40_w0.8.pkl,5,100,40,0.8,0.898829775301903,0.9505001383782075,0.9239431206764027,0.9012327560904021,0.9150648189539562,0.9080961182994455,55,28
3,703,dt_NOF_RFC_seed3_d5_s100_l40_w0.9.pkl,5,100,40,0.9,0.8962099558261257,0.9545328747084173,0.9244524429468525,0.899970921779587,0.9223662643421249,0.9110309809404665,53,27
3,704,dt_NOF_RFC_seed3_d5_s100_l40_w1.0.pkl,5,100,40,1.0,0.8961777051372535,0.9538607519867157,0.9241199678247214,0.9009612583745995,0.9217702279839071,0.9112469617735877,57,29
3,705,dt_NOF_RFC_seed3_d5_s100_l50_w0.6.pkl,5,100,50,0.6,0.9093729398534145,0.9271339896414028,0.918167580266249,0.9101796407185628,0.8833258828788556,0.896551724137931,59,30
3,706,dt_NOF_RFC_seed3_d5_s100_l50_w0.7.pkl,5,100,50,0.7,0.909379230322955,0.9295852607440794,0.9193712364119809,0.9103500761035007,0.8912233646252421,0.9006851893682705,49,25
3,707,dt_NOF_RFC_seed3_d5_s100_l50_w0.8.pkl,5,100,50,0.8,0.8982266193765167,0.9512117977305974,0.9239602135258651,0.8987564008778347,0.9153628371330651,0.9069836113981987,55,28
3,708,dt_NOF_RFC_seed3_d5_s100_l50_w0.9.pkl,5,100,50,0.9,0.895614782963265,0.9552445340608073,0.9244691027357949,0.8975213799101319,0.9226642825212338,0.9099191770756796,55,28
3,709,dt_NOF_RFC_seed3_d5_s100_l50_w1.0.pkl,5,100,50,1.0,0.8955899261896814,0.9546514846004823,0.9241780533547671,0.8983887356655538,0.9222172552525704,0.9101470588235294,59,30
3,710,dt_NOF_RFC_seed3_d5_s100_l60_w0.6.pkl,5,100,60,0.6,0.9093024157586568,0.9271339896414028,0.9181316314944599,0.9072878228782287,0.8793026374608851,0.8930760499432463,59,30
3,711,dt_NOF_RFC_seed3_d5_s100_l60_w0.7.pkl,5,100,60,0.7,0.9101236865573262,0.9280433321472344,0.9189961631822097,0.911913136565224,0.8885412010132618,0.9000754716981132,51,26
3,712,dt_NOF_RFC_seed3_d5_s100_l60_w0.8.pkl,5,100,60,0.8,0.8989184536506867,0.9496698691337524,0.9235974929826585,0.9002057613168725,0.9126806735210848,0.9064002959674435,57,29
3,713,dt_NOF_RFC_seed3_d5_s100_l60_w0.9.pkl,5,100,60,0.9,0.896295470590421,0.9537026054639623,0.9241083400375436,0.8989516598718695,0.9199821189092534,0.9093453126150673,57,29
3,714,dt_NOF_RFC_seed3_d5_s100_l60_w1.0.pkl,5,100,60,1.0,0.8954139324509695,0.9548887043846124,0.9241954616768071,0.8983026258523139,0.9226642825212338,0.910320493972361,59,30
3,715,dt_NOF_RFC_seed3_d5_s100_l70_w0.6.pkl,5,100,70,0.6,0.9092988987125795,0.9270944530107145,0.9181104520271726,0.9072593048292833,0.8790046192817762,0.8929084992053281,57,29
3,716,dt_NOF_RFC_seed3_d5_s100_l70_w0.7.pkl,5,100,70,0.7,0.9091331089706395,0.929189894437196,0.9190520882214922,0.9094368340943684,0.8903293100879154,0.8997816429485731,47,24
3,717,dt_NOF_RFC_seed3_d5_s100_l70_w0.8.pkl,5,100,70,0.8,0.8979873791120571,0.9508164314237141,0.9236471175634674,0.897878566203365,0.9144687825957384,0.9060977410305625,53,27
3,718,dt_NOF_RFC_seed3_d5_s100_l70_w0.9.pkl,5,100,70,0.9,0.8955899261896814,0.9546514846004823,0.9241780533547671,0.896967058482078,0.9210251825361347,0.9088369357447434,53,27
3,719,dt_NOF_RFC_seed3_d5_s100_l70_w1.0.pkl,5,100,70,1.0,0.8952712718648088,0.9551259241687423,0.9242305411557664,0.8984601975595584,0.9216212188943526,0.9098933431408606,57,29
4,720,dt_NOF_RFC_seed4_d3_s60_l40_w0.6.pkl,3,60,40,0.6,0.8863609982588508,0.9467680608365019,0.9155692332287524,0.8953221322373988,0.9486424180327869,0.9212113674522728,15,8
4,721,dt_NOF_RFC_seed4_d3_s60_l40_w0.7.pkl,3,60,40,0.7,0.8863609982588508,0.9467680608365019,0.9155692332287524,0.8953221322373988,0.9486424180327869,0.9212113674522728,15,8
4,722,dt_NOF_RFC_seed4_d3_s60_l40_w0.8.pkl,3,60,40,0.8,0.8906747418277816,0.9481732517771533,0.9185250430395965,0.901915050331451,0.9409579918032787,0.9210229409552463,15,8
4,723,dt_NOF_RFC_seed4_d3_s60_l40_w0.9.pkl,3,60,40,0.9,0.8906747418277816,0.9481732517771533,0.9185250430395965,0.901915050331451,0.9409579918032787,0.9210229409552463,15,8
4,724,dt_NOF_RFC_seed4_d3_s60_l40_w1.0.pkl,3,60,40,1.0,0.8882432172407158,0.9539180029756985,0.9199099260676351,0.899951373693168,0.9481301229508197,0.9234127479106898,13,7
4,725,dt_NOF_RFC_seed4_d3_s60_l50_w0.6.pkl,3,60,50,0.6,0.8863609982588508,0.9467680608365019,0.9155692332287524,0.8953221322373988,0.9486424180327869,0.9212113674522728,15,8
4,726,dt_NOF_RFC_seed4_d3_s60_l50_w0.7.pkl,3,60,50,0.7,0.8863609982588508,0.9467680608365019,0.9155692332287524,0.8953221322373988,0.9486424180327869,0.9212113674522728,15,8
4,727,dt_NOF_RFC_seed4_d3_s60_l50_w0.8.pkl,3,60,50,0.8,0.8906747418277816,0.9481732517771533,0.9185250430395965,0.901915050331451,0.9409579918032787,0.9210229409552463,15,8
4,728,dt_NOF_RFC_seed4_d3_s60_l50_w0.9.pkl,3,60,50,0.9,0.8906747418277816,0.9481732517771533,0.9185250430395965,0.901915050331451,0.9409579918032787,0.9210229409552463,15,8
4,729,dt_NOF_RFC_seed4_d3_s60_l50_w1.0.pkl,3,60,50,1.0,0.8882432172407158,0.9539180029756985,0.9199099260676351,0.899951373693168,0.9481301229508197,0.9234127479106898,13,7
4,730,dt_NOF_RFC_seed4_d3_s60_l60_w0.6.pkl,3,60,60,0.6,0.8863609982588508,0.9467680608365019,0.9155692332287524,0.8953221322373988,0.9486424180327869,0.9212113674522728,15,8
4,731,dt_NOF_RFC_seed4_d3_s60_l60_w0.7.pkl,3,60,60,0.7,0.8863609982588508,0.9467680608365019,0.9155692332287524,0.8953221322373988,0.9486424180327869,0.9212113674522728,15,8
4,732,dt_NOF_RFC_seed4_d3_s60_l60_w0.8.pkl,3,60,60,0.8,0.8906747418277816,0.9481732517771533,0.9185250430395965,0.901915050331451,0.9409579918032787,0.9210229409552463,15,8
4,733,dt_NOF_RFC_seed4_d3_s60_l60_w0.9.pkl,3,60,60,0.9,0.8906747418277816,0.9481732517771533,0.9185250430395965,0.901915050331451,0.9409579918032787,0.9210229409552463,15,8
4,734,dt_NOF_RFC_seed4_d3_s60_l60_w1.0.pkl,3,60,60,1.0,0.8882432172407158,0.9539180029756985,0.9199099260676351,0.899951373693168,0.9481301229508197,0.9234127479106898,13,7
4,735,dt_NOF_RFC_seed4_d3_s60_l70_w0.6.pkl,3,60,70,0.6,0.8863609982588508,0.9467680608365019,0.9155692332287524,0.8953221322373988,0.9486424180327869,0.9212113674522728,15,8
4,736,dt_NOF_RFC_seed4_d3_s60_l70_w0.7.pkl,3,60,70,0.7,0.8863609982588508,0.9467680608365019,0.9155692332287524,0.8953221322373988,0.9486424180327869,0.9212113674522728,15,8
4,737,dt_NOF_RFC_seed4_d3_s60_l70_w0.8.pkl,3,60,70,0.8,0.8906098365746671,0.9482145809224666,0.9185099185299358,0.9019270897262797,0.9410860655737705,0.9210905672203071,15,8
4,738,dt_NOF_RFC_seed4_d3_s60_l70_w0.9.pkl,3,60,70,0.9,0.8906098365746671,0.9482145809224666,0.9185099185299358,0.9019270897262797,0.9410860655737705,0.9210905672203071,15,8
4,739,dt_NOF_RFC_seed4_d3_s60_l70_w1.0.pkl,3,60,70,1.0,0.8881791596121287,0.9539593321210117,0.919894787183166,0.8999635347028079,0.9482581967213115,0.9234798877455566,13,7
4,740,dt_NOF_RFC_seed4_d3_s80_l40_w0.6.pkl,3,80,40,0.6,0.8863609982588508,0.9467680608365019,0.9155692332287524,0.8953221322373988,0.9486424180327869,0.9212113674522728,15,8
4,741,dt_NOF_RFC_seed4_d3_s80_l40_w0.7.pkl,3,80,40,0.7,0.8863609982588508,0.9467680608365019,0.9155692332287524,0.8953221322373988,0.9486424180327869,0.9212113674522728,15,8
4,742,dt_NOF_RFC_seed4_d3_s80_l40_w0.8.pkl,3,80,40,0.8,0.8906747418277816,0.9481732517771533,0.9185250430395965,0.901915050331451,0.9409579918032787,0.9210229409552463,15,8
4,743,dt_NOF_RFC_seed4_d3_s80_l40_w0.9.pkl,3,80,40,0.9,0.8906747418277816,0.9481732517771533,0.9185250430395965,0.901915050331451,0.9409579918032787,0.9210229409552463,15,8
4,744,dt_NOF_RFC_seed4_d3_s80_l40_w1.0.pkl,3,80,40,1.0,0.8882432172407158,0.9539180029756985,0.9199099260676351,0.899951373693168,0.9481301229508197,0.9234127479106898,13,7
4,745,dt_NOF_RFC_seed4_d3_s80_l50_w0.6.pkl,3,80,50,0.6,0.8863609982588508,0.9467680608365019,0.9155692332287524,0.8953221322373988,0.9486424180327869,0.9212113674522728,15,8
4,746,dt_NOF_RFC_seed4_d3_s80_l50_w0.7.pkl,3,80,50,0.7,0.8863609982588508,0.9467680608365019,0.9155692332287524,0.8953221322373988,0.9486424180327869,0.9212113674522728,15,8
4,747,dt_NOF_RFC_seed4_d3_s80_l50_w0.8.pkl,3,80,50,0.8,0.8906747418277816,0.9481732517771533,0.9185250430395965,0.901915050331451,0.9409579918032787,0.9210229409552463,15,8
4,748,dt_NOF_RFC_seed4_d3_s80_l50_w0.9.pkl,3,80,50,0.9,0.8906747418277816,0.9481732517771533,0.9185250430395965,0.901915050331451,0.9409579918032787,0.9210229409552463,15,8
4,749,dt_NOF_RFC_seed4_d3_s80_l50_w1.0.pkl,3,80,50,1.0,0.8882432172407158,0.9539180029756985,0.9199099260676351,0.899951373693168,0.9481301229508197,0.9234127479106898,13,7
4,750,dt_NOF_RFC_seed4_d3_s80_l60_w0.6.pkl,3,80,60,0.6,0.8863609982588508,0.9467680608365019,0.9155692332287524,0.8953221322373988,0.9486424180327869,0.9212113674522728,15,8
4,751,dt_NOF_RFC_seed4_d3_s80_l60_w0.7.pkl,3,80,60,0.7,0.8863609982588508,0.9467680608365019,0.9155692332287524,0.8953221322373988,0.9486424180327869,0.9212113674522728,15,8
4,752,dt_NOF_RFC_seed4_d3_s80_l60_w0.8.pkl,3,80,60,0.8,0.8906747418277816,0.9481732517771533,0.9185250430395965,0.901915050331451,0.9409579918032787,0.9210229409552463,15,8
4,753,dt_NOF_RFC_seed4_d3_s80_l60_w0.9.pkl,3,80,60,0.9,0.8906747418277816,0.9481732517771533,0.9185250430395965,0.901915050331451,0.9409579918032787,0.9210229409552463,15,8
4,754,dt_NOF_RFC_seed4_d3_s80_l60_w1.0.pkl,3,80,60,1.0,0.8882432172407158,0.9539180029756985,0.9199099260676351,0.899951373693168,0.9481301229508197,0.9234127479106898,13,7
4,755,dt_NOF_RFC_seed4_d3_s80_l70_w0.6.pkl,3,80,70,0.6,0.8863609982588508,0.9467680608365019,0.9155692332287524,0.8953221322373988,0.9486424180327869,0.9212113674522728,15,8
4,756,dt_NOF_RFC_seed4_d3_s80_l70_w0.7.pkl,3,80,70,0.7,0.8863609982588508,0.9467680608365019,0.9155692332287524,0.8953221322373988,0.9486424180327869,0.9212113674522728,15,8
4,757,dt_NOF_RFC_seed4_d3_s80_l70_w0.8.pkl,3,80,70,0.8,0.8906098365746671,0.9482145809224666,0.9185099185299358,0.9019270897262797,0.9410860655737705,0.9210905672203071,15,8
4,758,dt_NOF_RFC_seed4_d3_s80_l70_w0.9.pkl,3,80,70,0.9,0.8906098365746671,0.9482145809224666,0.9185099185299358,0.9019270897262797,0.9410860655737705,0.9210905672203071,15,8
4,759,dt_NOF_RFC_seed4_d3_s80_l70_w1.0.pkl,3,80,70,1.0,0.8881791596121287,0.9539593321210117,0.919894787183166,0.8999635347028079,0.9482581967213115,0.9234798877455566,13,7
4,760,dt_NOF_RFC_seed4_d3_s100_l40_w0.6.pkl,3,100,40,0.6,0.8863609982588508,0.9467680608365019,0.9155692332287524,0.8953221322373988,0.9486424180327869,0.9212113674522728,15,8
4,761,dt_NOF_RFC_seed4_d3_s100_l40_w0.7.pkl,3,100,40,0.7,0.8863609982588508,0.9467680608365019,0.9155692332287524,0.8953221322373988,0.9486424180327869,0.9212113674522728,15,8
4,762,dt_NOF_RFC_seed4_d3_s100_l40_w0.8.pkl,3,100,40,0.8,0.8906747418277816,0.9481732517771533,0.9185250430395965,0.901915050331451,0.9409579918032787,0.9210229409552463,15,8
4,763,dt_NOF_RFC_seed4_d3_s100_l40_w0.9.pkl,3,100,40,0.9,0.8906747418277816,0.9481732517771533,0.9185250430395965,0.901915050331451,0.9409579918032787,0.9210229409552463,15,8
4,764,dt_NOF_RFC_seed4_d3_s100_l40_w1.0.pkl,3,100,40,1.0,0.8882432172407158,0.9539180029756985,0.9199099260676351,0.899951373693168,0.9481301229508197,0.9234127479106898,13,7
4,765,dt_NOF_RFC_seed4_d3_s100_l50_w0.6.pkl,3,100,50,0.6,0.8863609982588508,0.9467680608365019,0.9155692332287524,0.8953221322373988,0.9486424180327869,0.9212113674522728,15,8
4,766,dt_NOF_RFC_seed4_d3_s100_l50_w0.7.pkl,3,100,50,0.7,0.8863609982588508,0.9467680608365019,0.9155692332287524,0.8953221322373988,0.9486424180327869,0.9212113674522728,15,8
4,767,dt_NOF_RFC_seed4_d3_s100_l50_w0.8.pkl,3,100,50,0.8,0.8906747418277816,0.9481732517771533,0.9185250430395965,0.901915050331451,0.9409579918032787,0.9210229409552463,15,8
4,768,dt_NOF_RFC_seed4_d3_s100_l50_w0.9.pkl,3,100,50,0.9,0.8906747418277816,0.9481732517771533,0.9185250430395965,0.901915050331451,0.9409579918032787,0.9210229409552463,15,8
4,769,dt_NOF_RFC_seed4_d3_s100_l50_w1.0.pkl,3,100,50,1.0,0.8882432172407158,0.9539180029756985,0.9199099260676351,0.899951373693168,0.9481301229508197,0.9234127479106898,13,7
4,770,dt_NOF_RFC_seed4_d3_s100_l60_w0.6.pkl,3,100,60,0.6,0.8863609982588508,0.9467680608365019,0.9155692332287524,0.8953221322373988,0.9486424180327869,0.9212113674522728,15,8
4,771,dt_NOF_RFC_seed4_d3_s100_l60_w0.7.pkl,3,100,60,0.7,0.8863609982588508,0.9467680608365019,0.9155692332287524,0.8953221322373988,0.9486424180327869,0.9212113674522728,15,8
4,772,dt_NOF_RFC_seed4_d3_s100_l60_w0.8.pkl,3,100,60,0.8,0.8906747418277816,0.9481732517771533,0.9185250430395965,0.901915050331451,0.9409579918032787,0.9210229409552463,15,8
4,773,dt_NOF_RFC_seed4_d3_s100_l60_w0.9.pkl,3,100,60,0.9,0.8906747418277816,0.9481732517771533,0.9185250430395965,0.901915050331451,0.9409579918032787,0.9210229409552463,15,8
4,774,dt_NOF_RFC_seed4_d3_s100_l60_w1.0.pkl,3,100,60,1.0,0.8882432172407158,0.9539180029756985,0.9199099260676351,0.899951373693168,0.9481301229508197,0.9234127479106898,13,7
4,775,dt_NOF_RFC_seed4_d3_s100_l70_w0.6.pkl,3,100,70,0.6,0.8863609982588508,0.9467680608365019,0.9155692332287524,0.8953221322373988,0.9486424180327869,0.9212113674522728,15,8
4,776,dt_NOF_RFC_seed4_d3_s100_l70_w0.7.pkl,3,100,70,0.7,0.8863609982588508,0.9467680608365019,0.9155692332287524,0.8953221322373988,0.9486424180327869,0.9212113674522728,15,8
4,777,dt_NOF_RFC_seed4_d3_s100_l70_w0.8.pkl,3,100,70,0.8,0.8906098365746671,0.9482145809224666,0.9185099185299358,0.9019270897262797,0.9410860655737705,0.9210905672203071,15,8
4,778,dt_NOF_RFC_seed4_d3_s100_l70_w0.9.pkl,3,100,70,0.9,0.8906098365746671,0.9482145809224666,0.9185099185299358,0.9019270897262797,0.9410860655737705,0.9210905672203071,15,8
4,779,dt_NOF_RFC_seed4_d3_s100_l70_w1.0.pkl,3,100,70,1.0,0.8881791596121287,0.9539593321210117,0.919894787183166,0.8999635347028079,0.9482581967213115,0.9234798877455566,13,7
4,780,dt_NOF_RFC_seed4_d4_s60_l40_w0.6.pkl,4,60,40,0.6,0.902392921777599,0.9273433625392626,0.9146980289843256,0.9085281111813013,0.9209784836065574,0.9147109330280481,31,16
4,781,dt_NOF_RFC_seed4_d4_s60_l40_w0.7.pkl,4,60,40,0.7,0.9034805027392846,0.9269300710861299,0.9150550795593635,0.9088380326210647,0.920594262295082,0.9146783737354457,31,16
4,782,dt_NOF_RFC_seed4_d4_s60_l40_w0.8.pkl,4,60,40,0.8,0.9002614275528796,0.9393288146801124,0.9193802839690951,0.9062966650074664,0.9327612704918032,0.9193385508709921,29,15
4,783,dt_NOF_RFC_seed4_d4_s60_l40_w0.9.pkl,4,60,40,0.9,0.8842288218846822,0.9671846586212597,0.9238482491808456,0.8868879472693032,0.9650358606557377,0.9243130520117763,29,15
4,784,dt_NOF_RFC_seed4_d4_s60_l40_w1.0.pkl,4,60,40,1.0,0.881800420799519,0.9699950405025624,0.9237975281429583,0.885353299017314,0.9692622950819673,0.925409635607728,23,12
4,785,dt_NOF_RFC_seed4_d4_s60_l50_w0.6.pkl,4,60,50,0.6,0.902392921777599,0.9273433625392626,0.9146980289843256,0.9085281111813013,0.9209784836065574,0.9147109330280481,31,16
4,786,dt_NOF_RFC_seed4_d4_s60_l50_w0.7.pkl,4,60,50,0.7,0.9041062704405055,0.925442221854852,0.914649837632498,0.9095744680851063,0.9198258196721312,0.9146714212939379,31,16
4,787,dt_NOF_RFC_seed4_d4_s60_l50_w0.8.pkl,4,60,50,0.8,0.9002614275528796,0.9393288146801124,0.9193802839690951,0.9062966650074664,0.9327612704918032,0.9193385508709921,29,15
4,788,dt_NOF_RFC_seed4_d4_s60_l50_w0.9.pkl,4,60,50,0.9,0.8842288218846822,0.9671846586212597,0.9238482491808456,0.8868879472693032,0.9650358606557377,0.9243130520117763,29,15
4,789,dt_NOF_RFC_seed4_d4_s60_l50_w1.0.pkl,4,60,50,1.0,0.881800420799519,0.9699950405025624,0.9237975281429583,0.885353299017314,0.9692622950819673,0.925409635607728,23,12
4,790,dt_NOF_RFC_seed4_d4_s60_l60_w0.6.pkl,4,60,60,0.6,0.9024262664467066,0.9269300710861299,0.9145140573712002,0.9084934277047523,0.920594262295082,0.9145038167938931,31,16
4,791,dt_NOF_RFC_seed4_d4_s60_l60_w0.7.pkl,4,60,60,0.7,0.9041405776610786,0.9250289304017193,0.9144654858940573,0.9095400988217408,0.9194415983606558,0.9144640468759951,31,16
4,792,dt_NOF_RFC_seed4_d4_s60_l60_w0.8.pkl,4,60,60,0.8,0.9002932551319648,0.9389155232269797,0.9191988670847664,0.906261670608739,0.9323770491803278,0.9191338930623066,29,15
4,793,dt_NOF_RFC_seed4_d4_s60_l60_w0.9.pkl,4,60,60,0.9,0.8842519089740682,0.966771367168127,0.9236722606120434,0.8868479924643824,0.9646516393442623,0.9241150849641127,29,15
4,794,dt_NOF_RFC_seed4_d4_s60_l60_w1.0.pkl,4,60,60,1.0,0.881800420799519,0.9699950405025624,0.9237975281429583,0.885353299017314,0.9692622950819673,0.925409635607728,23,12
4,795,dt_NOF_RFC_seed4_d4_s60_l70_w0.6.pkl,4,60,70,0.6,0.902435097605152,0.926640767068937,0.914377765543117,0.9085735963581184,0.9202100409836066,0.9143547976584373,31,16
4,796,dt_NOF_RFC_seed4_d4_s60_l70_w0.7.pkl,4,60,70,0.7,0.9041499979795531,0.9247396263845263,0.914328913225589,0.9096209912536443,0.9190573770491803,0.9143148372300439,31,16
4,797,dt_NOF_RFC_seed4_d4_s60_l70_w0.8.pkl,4,60,70,0.8,0.9002338578619842,0.9386675483551,0.9190490642387455,0.9063511830635118,0.9321209016393442,0.9190554362924611,29,15
4,798,dt_NOF_RFC_seed4_d4_s60_l70_w0.9.pkl,4,60,70,0.9,0.8841922189874853,0.9665233922962473,0.923526508046204,0.8869257950530035,0.9643954918032787,0.9240397594796907,29,15
4,799,dt_NOF_RFC_seed4_d4_s60_l70_w1.0.pkl,4,60,70,1.0,0.8817386077613735,0.9700363696478757,0.9237823477319689,0.8853667095566733,0.969390368852459,0.9254753316622852,23,12
4,800,dt_NOF_RFC_seed4_d4_s80_l40_w0.6.pkl,4,80,40,0.6,0.902392921777599,0.9273433625392626,0.9146980289843256,0.9085281111813013,0.9209784836065574,0.9147109330280481,31,16
4,801,dt_NOF_RFC_seed4_d4_s80_l40_w0.7.pkl,4,80,40,0.7,0.9034805027392846,0.9269300710861299,0.9150550795593635,0.9088380326210647,0.920594262295082,0.9146783737354457,31,16
4,802,dt_NOF_RFC_seed4_d4_s80_l40_w0.8.pkl,4,80,40,0.8,0.9002614275528796,0.9393288146801124,0.9193802839690951,0.9062966650074664,0.9327612704918032,0.9193385508709921,29,15
4,803,dt_NOF_RFC_seed4_d4_s80_l40_w0.9.pkl,4,80,40,0.9,0.8842288218846822,0.9671846586212597,0.9238482491808456,0.8868879472693032,0.9650358606557377,0.9243130520117763,29,15
4,804,dt_NOF_RFC_seed4_d4_s80_l40_w1.0.pkl,4,80,40,1.0,0.881800420799519,0.9699950405025624,0.9237975281429583,0.885353299017314,0.9692622950819673,0.925409635607728,23,12
4,805,dt_NOF_RFC_seed4_d4_s80_l50_w0.6.pkl,4,80,50,0.6,0.902392921777599,0.9273433625392626,0.9146980289843256,0.9085281111813013,0.9209784836065574,0.9147109330280481,31,16
4,806,dt_NOF_RFC_seed4_d4_s80_l50_w0.7.pkl,4,80,50,0.7,0.9041062704405055,0.925442221854852,0.914649837632498,0.9095744680851063,0.9198258196721312,0.9146714212939379,31,16
4,807,dt_NOF_RFC_seed4_d4_s80_l50_w0.8.pkl,4,80,50,0.8,0.9002614275528796,0.9393288146801124,0.9193802839690951,0.9062966650074664,0.9327612704918032,0.9193385508709921,29,15
4,808,dt_NOF_RFC_seed4_d4_s80_l50_w0.9.pkl,4,80,50,0.9,0.8842288218846822,0.9671846586212597,0.9238482491808456,0.8868879472693032,0.9650358606557377,0.9243130520117763,29,15
4,809,dt_NOF_RFC_seed4_d4_s80_l50_w1.0.pkl,4,80,50,1.0,0.881800420799519,0.9699950405025624,0.9237975281429583,0.885353299017314,0.9692622950819673,0.925409635607728,23,12
4,810,dt_NOF_RFC_seed4_d4_s80_l60_w0.6.pkl,4,80,60,0.6,0.9024262664467066,0.9269300710861299,0.9145140573712002,0.9084934277047523,0.920594262295082,0.9145038167938931,31,16
4,811,dt_NOF_RFC_seed4_d4_s80_l60_w0.7.pkl,4,80,60,0.7,0.9041405776610786,0.9250289304017193,0.9144654858940573,0.9095400988217408,0.9194415983606558,0.9144640468759951,31,16
4,812,dt_NOF_RFC_seed4_d4_s80_l60_w0.8.pkl,4,80,60,0.8,0.9002932551319648,0.9389155232269797,0.9191988670847664,0.906261670608739,0.9323770491803278,0.9191338930623066,29,15
4,813,dt_NOF_RFC_seed4_d4_s80_l60_w0.9.pkl,4,80,60,0.9,0.8842519089740682,0.966771367168127,0.9236722606120434,0.8868479924643824,0.9646516393442623,0.9241150849641127,29,15
4,814,dt_NOF_RFC_seed4_d4_s80_l60_w1.0.pkl,4,80,60,1.0,0.881800420799519,0.9699950405025624,0.9237975281429583,0.885353299017314,0.9692622950819673,0.925409635607728,23,12
4,815,dt_NOF_RFC_seed4_d4_s80_l70_w0.6.pkl,4,80,70,0.6,0.902435097605152,0.926640767068937,0.914377765543117,0.9085735963581184,0.9202100409836066,0.9143547976584373,31,16
4,816,dt_NOF_RFC_seed4_d4_s80_l70_w0.7.pkl,4,80,70,0.7,0.9041499979795531,0.9247396263845263,0.914328913225589,0.9096209912536443,0.9190573770491803,0.9143148372300439,31,16
4,817,dt_NOF_RFC_seed4_d4_s80_l70_w0.8.pkl,4,80,70,0.8,0.9002338578619842,0.9386675483551,0.9190490642387455,0.9063511830635118,0.9321209016393442,0.9190554362924611,29,15
4,818,dt_NOF_RFC_seed4_d4_s80_l70_w0.9.pkl,4,80,70,0.9,0.8841922189874853,0.9665233922962473,0.923526508046204,0.8869257950530035,0.9643954918032787,0.9240397594796907,29,15
4,819,dt_NOF_RFC_seed4_d4_s80_l70_w1.0.pkl,4,80,70,1.0,0.8817386077613735,0.9700363696478757,0.9237823477319689,0.8853667095566733,0.969390368852459,0.9254753316622852,23,12
4,820,dt_NOF_RFC_seed4_d4_s100_l40_w0.6.pkl,4,100,40,0.6,0.902392921777599,0.9273433625392626,0.9146980289843256,0.9085281111813013,0.9209784836065574,0.9147109330280481,31,16
4,821,dt_NOF_RFC_seed4_d4_s100_l40_w0.7.pkl,4,100,40,0.7,0.9034805027392846,0.9269300710861299,0.9150550795593635,0.9088380326210647,0.920594262295082,0.9146783737354457,31,16
4,822,dt_NOF_RFC_seed4_d4_s100_l40_w0.8.pkl,4,100,40,0.8,0.9002614275528796,0.9393288146801124,0.9193802839690951,0.9062966650074664,0.9327612704918032,0.9193385508709921,29,15
4,823,dt_NOF_RFC_seed4_d4_s100_l40_w0.9.pkl,4,100,40,0.9,0.8842288218846822,0.9671846586212597,0.9238482491808456,0.8868879472693032,0.9650358606557377,0.9243130520117763,29,15
4,824,dt_NOF_RFC_seed4_d4_s100_l40_w1.0.pkl,4,100,40,1.0,0.881800420799519,0.9699950405025624,0.9237975281429583,0.885353299017314,0.9692622950819673,0.925409635607728,23,12
4,825,dt_NOF_RFC_seed4_d4_s100_l50_w0.6.pkl,4,100,50,0.6,0.902392921777599,0.9273433625392626,0.9146980289843256,0.9085281111813013,0.9209784836065574,0.9147109330280481,31,16
4,826,dt_NOF_RFC_seed4_d4_s100_l50_w0.7.pkl,4,100,50,0.7,0.9041062704405055,0.925442221854852,0.914649837632498,0.9095744680851063,0.9198258196721312,0.9146714212939379,31,16
4,827,dt_NOF_RFC_seed4_d4_s100_l50_w0.8.pkl,4,100,50,0.8,0.9002614275528796,0.9393288146801124,0.9193802839690951,0.9062966650074664,0.9327612704918032,0.9193385508709921,29,15
4,828,dt_NOF_RFC_seed4_d4_s100_l50_w0.9.pkl,4,100,50,0.9,0.8842288218846822,0.9671846586212597,0.9238482491808456,0.8868879472693032,0.9650358606557377,0.9243130520117763,29,15
4,829,dt_NOF_RFC_seed4_d4_s100_l50_w1.0.pkl,4,100,50,1.0,0.881800420799519,0.9699950405025624,0.9237975281429583,0.885353299017314,0.9692622950819673,0.925409635607728,23,12
4,830,dt_NOF_RFC_seed4_d4_s100_l60_w0.6.pkl,4,100,60,0.6,0.9024262664467066,0.9269300710861299,0.9145140573712002,0.9084934277047523,0.920594262295082,0.9145038167938931,31,16
4,831,dt_NOF_RFC_seed4_d4_s100_l60_w0.7.pkl,4,100,60,0.7,0.9041405776610786,0.9250289304017193,0.9144654858940573,0.9095400988217408,0.9194415983606558,0.9144640468759951,31,16
4,832,dt_NOF_RFC_seed4_d4_s100_l60_w0.8.pkl,4,100,60,0.8,0.9002932551319648,0.9389155232269797,0.9191988670847664,0.906261670608739,0.9323770491803278,0.9191338930623066,29,15
4,833,dt_NOF_RFC_seed4_d4_s100_l60_w0.9.pkl,4,100,60,0.9,0.8842519089740682,0.966771367168127,0.9236722606120434,0.8868479924643824,0.9646516393442623,0.9241150849641127,29,15
4,834,dt_NOF_RFC_seed4_d4_s100_l60_w1.0.pkl,4,100,60,1.0,0.881800420799519,0.9699950405025624,0.9237975281429583,0.885353299017314,0.9692622950819673,0.925409635607728,23,12
4,835,dt_NOF_RFC_seed4_d4_s100_l70_w0.6.pkl,4,100,70,0.6,0.902435097605152,0.926640767068937,0.914377765543117,0.9085735963581184,0.9202100409836066,0.9143547976584373,31,16
4,836,dt_NOF_RFC_seed4_d4_s100_l70_w0.7.pkl,4,100,70,0.7,0.9041499979795531,0.9247396263845263,0.914328913225589,0.9096209912536443,0.9190573770491803,0.9143148372300439,31,16
4,837,dt_NOF_RFC_seed4_d4_s100_l70_w0.8.pkl,4,100,70,0.8,0.9002338578619842,0.9386675483551,0.9190490642387455,0.9063511830635118,0.9321209016393442,0.9190554362924611,29,15
4,838,dt_NOF_RFC_seed4_d4_s100_l70_w0.9.pkl,4,100,70,0.9,0.8841922189874853,0.9665233922962473,0.923526508046204,0.8869257950530035,0.9643954918032787,0.9240397594796907,29,15
4,839,dt_NOF_RFC_seed4_d4_s100_l70_w1.0.pkl,4,100,70,1.0,0.8817386077613735,0.9700363696478757,0.9237823477319689,0.8853667095566733,0.969390368852459,0.9254753316622852,23,12
4,840,dt_NOF_RFC_seed4_d5_s60_l40_w0.6.pkl,5,60,40,0.6,0.9095207042712748,0.9223012068110431,0.9158663711729459,0.9115168539325843,0.9143186475409836,0.9129156010230179,57,29
4,841,dt_NOF_RFC_seed4_d5_s60_l40_w0.7.pkl,5,60,40,0.7,0.9072598584428716,0.9270953876673831,0.9170703787739417,0.9106620917524463,0.9177766393442623,0.9142055240160745,55,28
4,842,dt_NOF_RFC_seed4_d5_s60_l40_w0.8.pkl,5,60,40,0.8,0.9012809361904008,0.9421805257067284,0.9212770256617498,0.9042724458204334,0.9351946721311475,0.9194736510734748,51,26
4,843,dt_NOF_RFC_seed4_d5_s60_l40_w0.9.pkl,5,60,40,0.9,0.8919564129221055,0.9573896511820136,0.9235154583690474,0.8972693371827258,0.9553022540983607,0.9253768376651572,51,26
4,844,dt_NOF_RFC_seed4_d5_s60_l40_w1.0.pkl,5,60,40,1.0,0.8836929101246281,0.9699950405025624,0.9248349916264408,0.8852459016393442,0.9682377049180327,0.9248837778321507,41,21
4,845,dt_NOF_RFC_seed4_d5_s60_l50_w0.6.pkl,5,60,50,0.6,0.9093465943830759,0.9220119027938503,0.9156354532208746,0.9106187929717342,0.9159836065573771,0.9132933214148895,55,28
4,846,dt_NOF_RFC_seed4_d5_s60_l50_w0.7.pkl,5,60,50,0.7,0.9073062133171422,0.9263927921970574,0.9167501687082064,0.9103019538188277,0.9189293032786885,0.9145952836201402,53,27
4,847,dt_NOF_RFC_seed4_d5_s60_l50_w0.8.pkl,5,60,50,0.8,0.9013566428034647,0.9418498925442221,0.9211584712706401,0.9042605895466931,0.9350665983606558,0.9194056164211056,51,26
4,848,dt_NOF_RFC_seed4_d5_s60_l50_w0.9.pkl,5,60,50,0.9,0.8920261941448382,0.9570590180195073,0.9233989951351782,0.8972569778633301,0.9551741803278688,0.9253101736972704,51,26
4,849,dt_NOF_RFC_seed4_d5_s60_l50_w1.0.pkl,5,60,50,1.0,0.8842716542856065,0.9691684575962969,0.9247757073844031,0.8860492379835874,0.9679815573770492,0.9252050434569715,41,21
4,850,dt_NOF_RFC_seed4_d5_s60_l60_w0.6.pkl,5,60,60,0.6,0.9096363413738214,0.9211026615969582,0.9153335934451814,0.9106892597783157,0.9154713114754098,0.9130740243980329,53,27
4,851,dt_NOF_RFC_seed4_d5_s60_l60_w0.7.pkl,5,60,60,0.7,0.8939741248688761,0.950983633658456,0.921598077500751,0.8972577696526508,0.9428790983606558,0.9195029038905889,51,26
4,852,dt_NOF_RFC_seed4_d5_s60_l60_w0.8.pkl,5,60,60,0.8,0.9013220392653578,0.9411059679285833,0.9207844723008491,0.9045787318525872,0.9336577868852459,0.9188882586500283,47,24
4,853,dt_NOF_RFC_seed4_d5_s60_l60_w0.9.pkl,5,60,60,0.9,0.891985659766393,0.9563150934038684,0.9230308953467499,0.89755333252983,0.953765368852459,0.9248059608817137,45,23
4,854,dt_NOF_RFC_seed4_d5_s60_l60_w1.0.pkl,5,60,60,1.0,0.8842716542856065,0.9691684575962969,0.9247757073844031,0.8860492379835874,0.9679815573770492,0.9252050434569715,39,20
4,855,dt_NOF_RFC_seed4_d5_s60_l70_w0.6.pkl,5,60,70,0.6,0.9096565557329404,0.9184162671515953,0.9140154241645244,0.9113891726251276,0.9141905737704918,0.9127877237851663,53,27
4,856,dt_NOF_RFC_seed4_d5_s60_l70_w0.7.pkl,5,60,70,0.7,0.8940024099195398,0.9505703422053232,0.9214189852372654,0.8973170731707317,0.9423668032786885,0.9192903548225887,51,26
4,857,dt_NOF_RFC_seed4_d5_s60_l70_w0.8.pkl,5,60,70,0.8,0.9012629161882894,0.9408579930567036,0.9206349206349206,0.9046673286991063,0.9334016393442623,0.91880988401412,47,24
4,858,dt_NOF_RFC_seed4_d5_s60_l70_w0.9.pkl,5,60,70,0.9,0.8919262800740284,0.9560671185319888,0.9228835873294503,0.897636845912708,0.9535092213114754,0.9247298472239474,45,23
4,859,dt_NOF_RFC_seed4_d5_s60_l70_w1.0.pkl,5,60,70,1.0,0.8842093356458789,0.9692097867416102,0.9247604400804448,0.8860625952408862,0.968109631147541,0.9252708244078585,39,20
4,860,dt_NOF_RFC_seed4_d5_s80_l40_w0.6.pkl,5,80,40,0.6,0.9095207042712748,0.9223012068110431,0.9158663711729459,0.9115168539325843,0.9143186475409836,0.9129156010230179,57,29
4,861,dt_NOF_RFC_seed4_d5_s80_l40_w0.7.pkl,5,80,40,0.7,0.9072598584428716,0.9270953876673831,0.9170703787739417,0.9106620917524463,0.9177766393442623,0.9142055240160745,55,28
4,862,dt_NOF_RFC_seed4_d5_s80_l40_w0.8.pkl,5,80,40,0.8,0.9012809361904008,0.9421805257067284,0.9212770256617498,0.9042724458204334,0.9351946721311475,0.9194736510734748,51,26
4,863,dt_NOF_RFC_seed4_d5_s80_l40_w0.9.pkl,5,80,40,0.9,0.8919564129221055,0.9573896511820136,0.9235154583690474,0.8972693371827258,0.9553022540983607,0.9253768376651572,51,26
4,864,dt_NOF_RFC_seed4_d5_s80_l40_w1.0.pkl,5,80,40,1.0,0.8836929101246281,0.9699950405025624,0.9248349916264408,0.8852459016393442,0.9682377049180327,0.9248837778321507,41,21
4,865,dt_NOF_RFC_seed4_d5_s80_l50_w0.6.pkl,5,80,50,0.6,0.9093465943830759,0.9220119027938503,0.9156354532208746,0.9106187929717342,0.9159836065573771,0.9132933214148895,55,28
4,866,dt_NOF_RFC_seed4_d5_s80_l50_w0.7.pkl,5,80,50,0.7,0.9073062133171422,0.9263927921970574,0.9167501687082064,0.9103019538188277,0.9189293032786885,0.9145952836201402,53,27
4,867,dt_NOF_RFC_seed4_d5_s80_l50_w0.8.pkl,5,80,50,0.8,0.9013566428034647,0.9418498925442221,0.9211584712706401,0.9042605895466931,0.9350665983606558,0.9194056164211056,51,26
4,868,dt_NOF_RFC_seed4_d5_s80_l50_w0.9.pkl,5,80,50,0.9,0.8920261941448382,0.9570590180195073,0.9233989951351782,0.8972569778633301,0.9551741803278688,0.9253101736972704,51,26
4,869,dt_NOF_RFC_seed4_d5_s80_l50_w1.0.pkl,5,80,50,1.0,0.8842716542856065,0.9691684575962969,0.9247757073844031,0.8860492379835874,0.9679815573770492,0.9252050434569715,41,21
4,870,dt_NOF_RFC_seed4_d5_s80_l60_w0.6.pkl,5,80,60,0.6,0.9096363413738214,0.9211026615969582,0.9153335934451814,0.9106892597783157,0.9154713114754098,0.9130740243980329,53,27
4,871,dt_NOF_RFC_seed4_d5_s80_l60_w0.7.pkl,5,80,60,0.7,0.8939741248688761,0.950983633658456,0.921598077500751,0.8972577696526508,0.9428790983606558,0.9195029038905889,51,26
4,872,dt_NOF_RFC_seed4_d5_s80_l60_w0.8.pkl,5,80,60,0.8,0.9013220392653578,0.9411059679285833,0.9207844723008491,0.9045787318525872,0.9336577868852459,0.9188882586500283,47,24
4,873,dt_NOF_RFC_seed4_d5_s80_l60_w0.9.pkl,5,80,60,0.9,0.891985659766393,0.9563150934038684,0.9230308953467499,0.89755333252983,0.953765368852459,0.9248059608817137,45,23
4,874,dt_NOF_RFC_seed4_d5_s80_l60_w1.0.pkl,5,80,60,1.0,0.8842716542856065,0.9691684575962969,0.9247757073844031,0.8860492379835874,0.9679815573770492,0.9252050434569715,39,20
4,875,dt_NOF_RFC_seed4_d5_s80_l70_w0.6.pkl,5,80,70,0.6,0.9096565557329404,0.9184162671515953,0.9140154241645244,0.9113891726251276,0.9141905737704918,0.9127877237851663,53,27
4,876,dt_NOF_RFC_seed4_d5_s80_l70_w0.7.pkl,5,80,70,0.7,0.8940024099195398,0.9505703422053232,0.9214189852372654,0.8973170731707317,0.9423668032786885,0.9192903548225887,51,26
4,877,dt_NOF_RFC_seed4_d5_s80_l70_w0.8.pkl,5,80,70,0.8,0.9012629161882894,0.9408579930567036,0.9206349206349206,0.9046673286991063,0.9334016393442623,0.91880988401412,47,24
4,878,dt_NOF_RFC_seed4_d5_s80_l70_w0.9.pkl,5,80,70,0.9,0.8919262800740284,0.9560671185319888,0.9228835873294503,0.897636845912708,0.9535092213114754,0.9247298472239474,45,23
4,879,dt_NOF_RFC_seed4_d5_s80_l70_w1.0.pkl,5,80,70,1.0,0.8842093356458789,0.9692097867416102,0.9247604400804448,0.8860625952408862,0.968109631147541,0.9252708244078585,39,20
4,880,dt_NOF_RFC_seed4_d5_s100_l40_w0.6.pkl,5,100,40,0.6,0.9095207042712748,0.9223012068110431,0.9158663711729459,0.9115168539325843,0.9143186475409836,0.9129156010230179,55,28
4,881,dt_NOF_RFC_seed4_d5_s100_l40_w0.7.pkl,5,100,40,0.7,0.9072598584428716,0.9270953876673831,0.9170703787739417,0.9106620917524463,0.9177766393442623,0.9142055240160745,53,27
4,882,dt_NOF_RFC_seed4_d5_s100_l40_w0.8.pkl,5,100,40,0.8,0.9012809361904008,0.9421805257067284,0.9212770256617498,0.9042724458204334,0.9351946721311475,0.9194736510734748,51,26
4,883,dt_NOF_RFC_seed4_d5_s100_l40_w0.9.pkl,5,100,40,0.9,0.8919564129221055,0.9573896511820136,0.9235154583690474,0.8972693371827258,0.9553022540983607,0.9253768376651572,51,26
4,884,dt_NOF_RFC_seed4_d5_s100_l40_w1.0.pkl,5,100,40,1.0,0.8836929101246281,0.9699950405025624,0.9248349916264408,0.8852459016393442,0.9682377049180327,0.9248837778321507,41,21
4,885,dt_NOF_RFC_seed4_d5_s100_l50_w0.6.pkl,5,100,50,0.6,0.9093465943830759,0.9220119027938503,0.9156354532208746,0.9106187929717342,0.9159836065573771,0.9132933214148895,55,28
4,886,dt_NOF_RFC_seed4_d5_s100_l50_w0.7.pkl,5,100,50,0.7,0.9073062133171422,0.9263927921970574,0.9167501687082064,0.9103019538188277,0.9189293032786885,0.9145952836201402,53,27
4,887,dt_NOF_RFC_seed4_d5_s100_l50_w0.8.pkl,5,100,50,0.8,0.9013566428034647,0.9418498925442221,0.9211584712706401,0.9042605895466931,0.9350665983606558,0.9194056164211056,51,26
4,888,dt_NOF_RFC_seed4_d5_s100_l50_w0.9.pkl,5,100,50,0.9,0.8920261941448382,0.9570590180195073,0.9233989951351782,0.8972569778633301,0.9551741803278688,0.9253101736972704,51,26
4,889,dt_NOF_RFC_seed4_d5_s100_l50_w1.0.pkl,5,100,50,1.0,0.8842716542856065,0.9691684575962969,0.9247757073844031,0.8860492379835874,0.9679815573770492,0.9252050434569715,41,21
4,890,dt_NOF_RFC_seed4_d5_s100_l60_w0.6.pkl,5,100,60,0.6,0.9096363413738214,0.9211026615969582,0.9153335934451814,0.9106892597783157,0.9154713114754098,0.9130740243980329,53,27
4,891,dt_NOF_RFC_seed4_d5_s100_l60_w0.7.pkl,5,100,60,0.7,0.8939741248688761,0.950983633658456,0.921598077500751,0.8972577696526508,0.9428790983606558,0.9195029038905889,51,26
4,892,dt_NOF_RFC_seed4_d5_s100_l60_w0.8.pkl,5,100,60,0.8,0.9013220392653578,0.9411059679285833,0.9207844723008491,0.9045787318525872,0.9336577868852459,0.9188882586500283,47,24
4,893,dt_NOF_RFC_seed4_d5_s100_l60_w0.9.pkl,5,100,60,0.9,0.891985659766393,0.9563150934038684,0.9230308953467499,0.89755333252983,0.953765368852459,0.9248059608817137,45,23
4,894,dt_NOF_RFC_seed4_d5_s100_l60_w1.0.pkl,5,100,60,1.0,0.8842716542856065,0.9691684575962969,0.9247757073844031,0.8860492379835874,0.9679815573770492,0.9252050434569715,39,20
4,895,dt_NOF_RFC_seed4_d5_s100_l70_w0.6.pkl,5,100,70,0.6,0.9096565557329404,0.9184162671515953,0.9140154241645244,0.9113891726251276,0.9141905737704918,0.9127877237851663,53,27
4,896,dt_NOF_RFC_seed4_d5_s100_l70_w0.7.pkl,5,100,70,0.7,0.8940024099195398,0.9505703422053232,0.9214189852372654,0.8973170731707317,0.9423668032786885,0.9192903548225887,51,26
4,897,dt_NOF_RFC_seed4_d5_s100_l70_w0.8.pkl,5,100,70,0.8,0.9012629161882894,0.9408579930567036,0.9206349206349206,0.9046673286991063,0.9334016393442623,0.91880988401412,47,24
4,898,dt_NOF_RFC_seed4_d5_s100_l70_w0.9.pkl,5,100,70,0.9,0.8919262800740284,0.9560671185319888,0.9228835873294503,0.897636845912708,0.9535092213114754,0.9247298472239474,45,23
4,899,dt_NOF_RFC_seed4_d5_s100_l70_w1.0.pkl,5,100,70,1.0,0.8842093356458789,0.9692097867416102,0.9247604400804448,0.8860625952408862,0.968109631147541,0.9252708244078585,39,20
