seed,model_id,model_file,max_depth,min_samples_split,min_samples_leaf,class_weight_factor,train_precision,train_recall,train_f1,test_precision,test_recall,test_f1,n_nodes,n_leaves
0,0,dt_seed0_d3_s60_l40_w0.6.pkl,3,60,40,0.6,0.8019679874048806,0.9130642607474682,0.8539178296522918,0.8404228329809725,0.8686303644786295,0.8542938193071434,15,8
0,1,dt_seed0_d3_s60_l40_w0.7.pkl,3,60,40,0.7,0.8044876950297571,0.8965136079825531,0.8480113034263511,0.8458119658119658,0.8649593566995892,0.8552785100038892,15,8
0,2,dt_seed0_d3_s60_l40_w0.8.pkl,3,60,40,0.8,0.8044876950297571,0.8965136079825531,0.8480113034263511,0.8458119658119658,0.8649593566995892,0.8552785100038892,15,8
0,3,dt_seed0_d3_s60_l40_w0.9.pkl,3,60,40,0.9,0.7894216133942161,0.9296746631613539,0.853826842083602,0.8305626598465473,0.9083122104711127,0.8676992443535256,15,8
0,4,dt_seed0_d3_s60_l40_w1.0.pkl,3,60,40,1.0,0.7894216133942161,0.9296746631613539,0.853826842083602,0.8305626598465473,0.9083122104711127,0.8676992443535256,15,8
0,5,dt_seed0_d3_s60_l50_w0.6.pkl,3,60,50,0.6,0.8019679874048806,0.9130642607474682,0.8539178296522918,0.8404228329809725,0.8686303644786295,0.8542938193071434,15,8
0,6,dt_seed0_d3_s60_l50_w0.7.pkl,3,60,50,0.7,0.8044876950297571,0.8965136079825531,0.8480113034263511,0.8458119658119658,0.8649593566995892,0.8552785100038892,15,8
0,7,dt_seed0_d3_s60_l50_w0.8.pkl,3,60,50,0.8,0.8044876950297571,0.8965136079825531,0.8480113034263511,0.8458119658119658,0.8649593566995892,0.8552785100038892,15,8
0,8,dt_seed0_d3_s60_l50_w0.9.pkl,3,60,50,0.9,0.7894216133942161,0.9296746631613539,0.853826842083602,0.8305626598465473,0.9083122104711127,0.8676992443535256,15,8
0,9,dt_seed0_d3_s60_l50_w1.0.pkl,3,60,50,1.0,0.7894216133942161,0.9296746631613539,0.853826842083602,0.8305626598465473,0.9083122104711127,0.8676992443535256,15,8
0,10,dt_seed0_d3_s60_l60_w0.6.pkl,3,60,60,0.6,0.8019679874048806,0.9130642607474682,0.8539178296522918,0.8404228329809725,0.8686303644786295,0.8542938193071434,15,8
0,11,dt_seed0_d3_s60_l60_w0.7.pkl,3,60,60,0.7,0.8044876950297571,0.8965136079825531,0.8480113034263511,0.8458119658119658,0.8649593566995892,0.8552785100038892,15,8
0,12,dt_seed0_d3_s60_l60_w0.8.pkl,3,60,60,0.8,0.8044876950297571,0.8965136079825531,0.8480113034263511,0.8458119658119658,0.8649593566995892,0.8552785100038892,15,8
0,13,dt_seed0_d3_s60_l60_w0.9.pkl,3,60,60,0.9,0.7894216133942161,0.9296746631613539,0.853826842083602,0.8305626598465473,0.9083122104711127,0.8676992443535256,15,8
0,14,dt_seed0_d3_s60_l60_w1.0.pkl,3,60,60,1.0,0.7894216133942161,0.9296746631613539,0.853826842083602,0.8305626598465473,0.9083122104711127,0.8676992443535256,15,8
0,15,dt_seed0_d3_s60_l70_w0.6.pkl,3,60,70,0.6,0.8019679874048806,0.9130642607474682,0.8539178296522918,0.8404228329809725,0.8686303644786295,0.8542938193071434,15,8
0,16,dt_seed0_d3_s60_l70_w0.7.pkl,3,60,70,0.7,0.8044876950297571,0.8965136079825531,0.8480113034263511,0.8458119658119658,0.8649593566995892,0.8552785100038892,15,8
0,17,dt_seed0_d3_s60_l70_w0.8.pkl,3,60,70,0.8,0.8044876950297571,0.8965136079825531,0.8480113034263511,0.8458119658119658,0.8649593566995892,0.8552785100038892,15,8
0,18,dt_seed0_d3_s60_l70_w0.9.pkl,3,60,70,0.9,0.7894216133942161,0.9296746631613539,0.853826842083602,0.8305626598465473,0.9083122104711127,0.8676992443535256,15,8
0,19,dt_seed0_d3_s60_l70_w1.0.pkl,3,60,70,1.0,0.7894216133942161,0.9296746631613539,0.853826842083602,0.8305626598465473,0.9083122104711127,0.8676992443535256,15,8
0,20,dt_seed0_d3_s80_l40_w0.6.pkl,3,80,40,0.6,0.8019679874048806,0.9130642607474682,0.8539178296522918,0.8404228329809725,0.8686303644786295,0.8542938193071434,15,8
0,21,dt_seed0_d3_s80_l40_w0.7.pkl,3,80,40,0.7,0.8044876950297571,0.8965136079825531,0.8480113034263511,0.8458119658119658,0.8649593566995892,0.8552785100038892,15,8
0,22,dt_seed0_d3_s80_l40_w0.8.pkl,3,80,40,0.8,0.8044876950297571,0.8965136079825531,0.8480113034263511,0.8458119658119658,0.8649593566995892,0.8552785100038892,15,8
0,23,dt_seed0_d3_s80_l40_w0.9.pkl,3,80,40,0.9,0.7894216133942161,0.9296746631613539,0.853826842083602,0.8305626598465473,0.9083122104711127,0.8676992443535256,15,8
0,24,dt_seed0_d3_s80_l40_w1.0.pkl,3,80,40,1.0,0.7894216133942161,0.9296746631613539,0.853826842083602,0.8305626598465473,0.9083122104711127,0.8676992443535256,15,8
0,25,dt_seed0_d3_s80_l50_w0.6.pkl,3,80,50,0.6,0.8019679874048806,0.9130642607474682,0.8539178296522918,0.8404228329809725,0.8686303644786295,0.8542938193071434,15,8
0,26,dt_seed0_d3_s80_l50_w0.7.pkl,3,80,50,0.7,0.8044876950297571,0.8965136079825531,0.8480113034263511,0.8458119658119658,0.8649593566995892,0.8552785100038892,15,8
0,27,dt_seed0_d3_s80_l50_w0.8.pkl,3,80,50,0.8,0.8044876950297571,0.8965136079825531,0.8480113034263511,0.8458119658119658,0.8649593566995892,0.8552785100038892,15,8
0,28,dt_seed0_d3_s80_l50_w0.9.pkl,3,80,50,0.9,0.7894216133942161,0.9296746631613539,0.853826842083602,0.8305626598465473,0.9083122104711127,0.8676992443535256,15,8
0,29,dt_seed0_d3_s80_l50_w1.0.pkl,3,80,50,1.0,0.7894216133942161,0.9296746631613539,0.853826842083602,0.8305626598465473,0.9083122104711127,0.8676992443535256,15,8
0,30,dt_seed0_d3_s80_l60_w0.6.pkl,3,80,60,0.6,0.8019679874048806,0.9130642607474682,0.8539178296522918,0.8404228329809725,0.8686303644786295,0.8542938193071434,15,8
0,31,dt_seed0_d3_s80_l60_w0.7.pkl,3,80,60,0.7,0.8044876950297571,0.8965136079825531,0.8480113034263511,0.8458119658119658,0.8649593566995892,0.8552785100038892,15,8
0,32,dt_seed0_d3_s80_l60_w0.8.pkl,3,80,60,0.8,0.8044876950297571,0.8965136079825531,0.8480113034263511,0.8458119658119658,0.8649593566995892,0.8552785100038892,15,8
0,33,dt_seed0_d3_s80_l60_w0.9.pkl,3,80,60,0.9,0.7894216133942161,0.9296746631613539,0.853826842083602,0.8305626598465473,0.9083122104711127,0.8676992443535256,15,8
0,34,dt_seed0_d3_s80_l60_w1.0.pkl,3,80,60,1.0,0.7894216133942161,0.9296746631613539,0.853826842083602,0.8305626598465473,0.9083122104711127,0.8676992443535256,15,8
0,35,dt_seed0_d3_s80_l70_w0.6.pkl,3,80,70,0.6,0.8019679874048806,0.9130642607474682,0.8539178296522918,0.8404228329809725,0.8686303644786295,0.8542938193071434,15,8
0,36,dt_seed0_d3_s80_l70_w0.7.pkl,3,80,70,0.7,0.8044876950297571,0.8965136079825531,0.8480113034263511,0.8458119658119658,0.8649593566995892,0.8552785100038892,15,8
0,37,dt_seed0_d3_s80_l70_w0.8.pkl,3,80,70,0.8,0.8044876950297571,0.8965136079825531,0.8480113034263511,0.8458119658119658,0.8649593566995892,0.8552785100038892,15,8
0,38,dt_seed0_d3_s80_l70_w0.9.pkl,3,80,70,0.9,0.7894216133942161,0.9296746631613539,0.853826842083602,0.8305626598465473,0.9083122104711127,0.8676992443535256,15,8
0,39,dt_seed0_d3_s80_l70_w1.0.pkl,3,80,70,1.0,0.7894216133942161,0.9296746631613539,0.853826842083602,0.8305626598465473,0.9083122104711127,0.8676992443535256,15,8
0,40,dt_seed0_d3_s100_l40_w0.6.pkl,3,100,40,0.6,0.8019679874048806,0.9130642607474682,0.8539178296522918,0.8404228329809725,0.8686303644786295,0.8542938193071434,15,8
0,41,dt_seed0_d3_s100_l40_w0.7.pkl,3,100,40,0.7,0.8044876950297571,0.8965136079825531,0.8480113034263511,0.8458119658119658,0.8649593566995892,0.8552785100038892,15,8
0,42,dt_seed0_d3_s100_l40_w0.8.pkl,3,100,40,0.8,0.8044876950297571,0.8965136079825531,0.8480113034263511,0.8458119658119658,0.8649593566995892,0.8552785100038892,15,8
0,43,dt_seed0_d3_s100_l40_w0.9.pkl,3,100,40,0.9,0.7894216133942161,0.9296746631613539,0.853826842083602,0.8305626598465473,0.9083122104711127,0.8676992443535256,15,8
0,44,dt_seed0_d3_s100_l40_w1.0.pkl,3,100,40,1.0,0.7894216133942161,0.9296746631613539,0.853826842083602,0.8305626598465473,0.9083122104711127,0.8676992443535256,15,8
0,45,dt_seed0_d3_s100_l50_w0.6.pkl,3,100,50,0.6,0.8019679874048806,0.9130642607474682,0.8539178296522918,0.8404228329809725,0.8686303644786295,0.8542938193071434,15,8
0,46,dt_seed0_d3_s100_l50_w0.7.pkl,3,100,50,0.7,0.8044876950297571,0.8965136079825531,0.8480113034263511,0.8458119658119658,0.8649593566995892,0.8552785100038892,15,8
0,47,dt_seed0_d3_s100_l50_w0.8.pkl,3,100,50,0.8,0.8044876950297571,0.8965136079825531,0.8480113034263511,0.8458119658119658,0.8649593566995892,0.8552785100038892,15,8
0,48,dt_seed0_d3_s100_l50_w0.9.pkl,3,100,50,0.9,0.7894216133942161,0.9296746631613539,0.853826842083602,0.8305626598465473,0.9083122104711127,0.8676992443535256,15,8
0,49,dt_seed0_d3_s100_l50_w1.0.pkl,3,100,50,1.0,0.7894216133942161,0.9296746631613539,0.853826842083602,0.8305626598465473,0.9083122104711127,0.8676992443535256,15,8
0,50,dt_seed0_d3_s100_l60_w0.6.pkl,3,100,60,0.6,0.8019679874048806,0.9130642607474682,0.8539178296522918,0.8404228329809725,0.8686303644786295,0.8542938193071434,15,8
0,51,dt_seed0_d3_s100_l60_w0.7.pkl,3,100,60,0.7,0.8044876950297571,0.8965136079825531,0.8480113034263511,0.8458119658119658,0.8649593566995892,0.8552785100038892,15,8
0,52,dt_seed0_d3_s100_l60_w0.8.pkl,3,100,60,0.8,0.8044876950297571,0.8965136079825531,0.8480113034263511,0.8458119658119658,0.8649593566995892,0.8552785100038892,15,8
0,53,dt_seed0_d3_s100_l60_w0.9.pkl,3,100,60,0.9,0.7894216133942161,0.9296746631613539,0.853826842083602,0.8305626598465473,0.9083122104711127,0.8676992443535256,15,8
0,54,dt_seed0_d3_s100_l60_w1.0.pkl,3,100,60,1.0,0.7894216133942161,0.9296746631613539,0.853826842083602,0.8305626598465473,0.9083122104711127,0.8676992443535256,15,8
0,55,dt_seed0_d3_s100_l70_w0.6.pkl,3,100,70,0.6,0.8019679874048806,0.9130642607474682,0.8539178296522918,0.8404228329809725,0.8686303644786295,0.8542938193071434,15,8
0,56,dt_seed0_d3_s100_l70_w0.7.pkl,3,100,70,0.7,0.8044876950297571,0.8965136079825531,0.8480113034263511,0.8458119658119658,0.8649593566995892,0.8552785100038892,15,8
0,57,dt_seed0_d3_s100_l70_w0.8.pkl,3,100,70,0.8,0.8044876950297571,0.8965136079825531,0.8480113034263511,0.8458119658119658,0.8649593566995892,0.8552785100038892,15,8
0,58,dt_seed0_d3_s100_l70_w0.9.pkl,3,100,70,0.9,0.7894216133942161,0.9296746631613539,0.853826842083602,0.8305626598465473,0.9083122104711127,0.8676992443535256,15,8
0,59,dt_seed0_d3_s100_l70_w1.0.pkl,3,100,70,1.0,0.7894216133942161,0.9296746631613539,0.853826842083602,0.8305626598465473,0.9083122104711127,0.8676992443535256,15,8
0,60,dt_seed0_d4_s60_l40_w0.6.pkl,4,60,40,0.6,0.841314359943316,0.851342873360619,0.8462989086049447,0.8780062063615206,0.7913643912245433,0.8324369052544477,31,16
0,61,dt_seed0_d4_s60_l40_w0.7.pkl,4,60,40,0.7,0.8102197373553504,0.9308099064917994,0.8663385607830052,0.842962482780974,0.9092736648894327,0.874863342023379,31,16
0,62,dt_seed0_d4_s60_l40_w0.8.pkl,4,60,40,0.8,0.8115053482911557,0.9292564156185582,0.8663983399022325,0.8438794573958248,0.9080499956297526,0.8747894914112496,31,16
0,63,dt_seed0_d4_s60_l40_w0.9.pkl,4,60,40,0.9,0.8039270687237027,0.9418337167269142,0.8674334140435835,0.8329107906829346,0.9188882090726335,0.8737896355400407,31,16
0,64,dt_seed0_d4_s60_l40_w1.0.pkl,4,60,40,1.0,0.801241134751773,0.9450303229468527,0.8672158787164339,0.8314377598242999,0.9264924394720742,0.8763952046300124,31,16
0,65,dt_seed0_d4_s60_l50_w0.6.pkl,4,60,50,0.6,0.841314359943316,0.851342873360619,0.8462989086049447,0.8780062063615206,0.7913643912245433,0.8324369052544477,31,16
0,66,dt_seed0_d4_s60_l50_w0.7.pkl,4,60,50,0.7,0.8102197373553504,0.9308099064917994,0.8663385607830052,0.842962482780974,0.9092736648894327,0.874863342023379,31,16
0,67,dt_seed0_d4_s60_l50_w0.8.pkl,4,60,50,0.8,0.8115053482911557,0.9292564156185582,0.8663983399022325,0.8438794573958248,0.9080499956297526,0.8747894914112496,31,16
0,68,dt_seed0_d4_s60_l50_w0.9.pkl,4,60,50,0.9,0.8039270687237027,0.9418337167269142,0.8674334140435835,0.8329107906829346,0.9188882090726335,0.8737896355400407,31,16
0,69,dt_seed0_d4_s60_l50_w1.0.pkl,4,60,50,1.0,0.801241134751773,0.9450303229468527,0.8672158787164339,0.8314377598242999,0.9264924394720742,0.8763952046300124,31,16
0,70,dt_seed0_d4_s60_l60_w0.6.pkl,4,60,60,0.6,0.841314359943316,0.851342873360619,0.8462989086049447,0.8780062063615206,0.7913643912245433,0.8324369052544477,31,16
0,71,dt_seed0_d4_s60_l60_w0.7.pkl,4,60,60,0.7,0.8102197373553504,0.9308099064917994,0.8663385607830052,0.842962482780974,0.9092736648894327,0.874863342023379,31,16
0,72,dt_seed0_d4_s60_l60_w0.8.pkl,4,60,60,0.8,0.8115053482911557,0.9292564156185582,0.8663983399022325,0.8438794573958248,0.9080499956297526,0.8747894914112496,31,16
0,73,dt_seed0_d4_s60_l60_w0.9.pkl,4,60,60,0.9,0.8039270687237027,0.9418337167269142,0.8674334140435835,0.8329107906829346,0.9188882090726335,0.8737896355400407,31,16
0,74,dt_seed0_d4_s60_l60_w1.0.pkl,4,60,60,1.0,0.801241134751773,0.9450303229468527,0.8672158787164339,0.8314377598242999,0.9264924394720742,0.8763952046300124,31,16
0,75,dt_seed0_d4_s60_l70_w0.6.pkl,4,60,70,0.6,0.841314359943316,0.851342873360619,0.8462989086049447,0.8780062063615206,0.7913643912245433,0.8324369052544477,31,16
0,76,dt_seed0_d4_s60_l70_w0.7.pkl,4,60,70,0.7,0.8102197373553504,0.9308099064917994,0.8663385607830052,0.842962482780974,0.9092736648894327,0.874863342023379,31,16
0,77,dt_seed0_d4_s60_l70_w0.8.pkl,4,60,70,0.8,0.8115053482911557,0.9292564156185582,0.8663983399022325,0.8438794573958248,0.9080499956297526,0.8747894914112496,31,16
0,78,dt_seed0_d4_s60_l70_w0.9.pkl,4,60,70,0.9,0.8039270687237027,0.9418337167269142,0.8674334140435835,0.8329107906829346,0.9188882090726335,0.8737896355400407,31,16
0,79,dt_seed0_d4_s60_l70_w1.0.pkl,4,60,70,1.0,0.801241134751773,0.9450303229468527,0.8672158787164339,0.8314377598242999,0.9264924394720742,0.8763952046300124,31,16
0,80,dt_seed0_d4_s80_l40_w0.6.pkl,4,80,40,0.6,0.841314359943316,0.851342873360619,0.8462989086049447,0.8780062063615206,0.7913643912245433,0.8324369052544477,31,16
0,81,dt_seed0_d4_s80_l40_w0.7.pkl,4,80,40,0.7,0.8102197373553504,0.9308099064917994,0.8663385607830052,0.842962482780974,0.9092736648894327,0.874863342023379,31,16
0,82,dt_seed0_d4_s80_l40_w0.8.pkl,4,80,40,0.8,0.8115053482911557,0.9292564156185582,0.8663983399022325,0.8438794573958248,0.9080499956297526,0.8747894914112496,31,16
0,83,dt_seed0_d4_s80_l40_w0.9.pkl,4,80,40,0.9,0.8039270687237027,0.9418337167269142,0.8674334140435835,0.8329107906829346,0.9188882090726335,0.8737896355400407,31,16
0,84,dt_seed0_d4_s80_l40_w1.0.pkl,4,80,40,1.0,0.801241134751773,0.9450303229468527,0.8672158787164339,0.8314377598242999,0.9264924394720742,0.8763952046300124,31,16
0,85,dt_seed0_d4_s80_l50_w0.6.pkl,4,80,50,0.6,0.841314359943316,0.851342873360619,0.8462989086049447,0.8780062063615206,0.7913643912245433,0.8324369052544477,31,16
0,86,dt_seed0_d4_s80_l50_w0.7.pkl,4,80,50,0.7,0.8102197373553504,0.9308099064917994,0.8663385607830052,0.842962482780974,0.9092736648894327,0.874863342023379,31,16
0,87,dt_seed0_d4_s80_l50_w0.8.pkl,4,80,50,0.8,0.8115053482911557,0.9292564156185582,0.8663983399022325,0.8438794573958248,0.9080499956297526,0.8747894914112496,31,16
0,88,dt_seed0_d4_s80_l50_w0.9.pkl,4,80,50,0.9,0.8039270687237027,0.9418337167269142,0.8674334140435835,0.8329107906829346,0.9188882090726335,0.8737896355400407,31,16
0,89,dt_seed0_d4_s80_l50_w1.0.pkl,4,80,50,1.0,0.801241134751773,0.9450303229468527,0.8672158787164339,0.8314377598242999,0.9264924394720742,0.8763952046300124,31,16
0,90,dt_seed0_d4_s80_l60_w0.6.pkl,4,80,60,0.6,0.841314359943316,0.851342873360619,0.8462989086049447,0.8780062063615206,0.7913643912245433,0.8324369052544477,31,16
0,91,dt_seed0_d4_s80_l60_w0.7.pkl,4,80,60,0.7,0.8102197373553504,0.9308099064917994,0.8663385607830052,0.842962482780974,0.9092736648894327,0.874863342023379,31,16
0,92,dt_seed0_d4_s80_l60_w0.8.pkl,4,80,60,0.8,0.8115053482911557,0.9292564156185582,0.8663983399022325,0.8438794573958248,0.9080499956297526,0.8747894914112496,31,16
0,93,dt_seed0_d4_s80_l60_w0.9.pkl,4,80,60,0.9,0.8039270687237027,0.9418337167269142,0.8674334140435835,0.8329107906829346,0.9188882090726335,0.8737896355400407,31,16
0,94,dt_seed0_d4_s80_l60_w1.0.pkl,4,80,60,1.0,0.801241134751773,0.9450303229468527,0.8672158787164339,0.8314377598242999,0.9264924394720742,0.8763952046300124,31,16
0,95,dt_seed0_d4_s80_l70_w0.6.pkl,4,80,70,0.6,0.841314359943316,0.851342873360619,0.8462989086049447,0.8780062063615206,0.7913643912245433,0.8324369052544477,31,16
0,96,dt_seed0_d4_s80_l70_w0.7.pkl,4,80,70,0.7,0.8102197373553504,0.9308099064917994,0.8663385607830052,0.842962482780974,0.9092736648894327,0.874863342023379,31,16
0,97,dt_seed0_d4_s80_l70_w0.8.pkl,4,80,70,0.8,0.8115053482911557,0.9292564156185582,0.8663983399022325,0.8438794573958248,0.9080499956297526,0.8747894914112496,31,16
0,98,dt_seed0_d4_s80_l70_w0.9.pkl,4,80,70,0.9,0.8039270687237027,0.9418337167269142,0.8674334140435835,0.8329107906829346,0.9188882090726335,0.8737896355400407,31,16
0,99,dt_seed0_d4_s80_l70_w1.0.pkl,4,80,70,1.0,0.801241134751773,0.9450303229468527,0.8672158787164339,0.8314377598242999,0.9264924394720742,0.8763952046300124,31,16
0,100,dt_seed0_d4_s100_l40_w0.6.pkl,4,100,40,0.6,0.841314359943316,0.851342873360619,0.8462989086049447,0.8780062063615206,0.7913643912245433,0.8324369052544477,31,16
0,101,dt_seed0_d4_s100_l40_w0.7.pkl,4,100,40,0.7,0.8102197373553504,0.9308099064917994,0.8663385607830052,0.842962482780974,0.9092736648894327,0.874863342023379,31,16
0,102,dt_seed0_d4_s100_l40_w0.8.pkl,4,100,40,0.8,0.8115053482911557,0.9292564156185582,0.8663983399022325,0.8438794573958248,0.9080499956297526,0.8747894914112496,31,16
0,103,dt_seed0_d4_s100_l40_w0.9.pkl,4,100,40,0.9,0.8039270687237027,0.9418337167269142,0.8674334140435835,0.8329107906829346,0.9188882090726335,0.8737896355400407,31,16
0,104,dt_seed0_d4_s100_l40_w1.0.pkl,4,100,40,1.0,0.801241134751773,0.9450303229468527,0.8672158787164339,0.8314377598242999,0.9264924394720742,0.8763952046300124,31,16
0,105,dt_seed0_d4_s100_l50_w0.6.pkl,4,100,50,0.6,0.841314359943316,0.851342873360619,0.8462989086049447,0.8780062063615206,0.7913643912245433,0.8324369052544477,31,16
0,106,dt_seed0_d4_s100_l50_w0.7.pkl,4,100,50,0.7,0.8102197373553504,0.9308099064917994,0.8663385607830052,0.842962482780974,0.9092736648894327,0.874863342023379,31,16
0,107,dt_seed0_d4_s100_l50_w0.8.pkl,4,100,50,0.8,0.8115053482911557,0.9292564156185582,0.8663983399022325,0.8438794573958248,0.9080499956297526,0.8747894914112496,31,16
0,108,dt_seed0_d4_s100_l50_w0.9.pkl,4,100,50,0.9,0.8039270687237027,0.9418337167269142,0.8674334140435835,0.8329107906829346,0.9188882090726335,0.8737896355400407,31,16
0,109,dt_seed0_d4_s100_l50_w1.0.pkl,4,100,50,1.0,0.801241134751773,0.9450303229468527,0.8672158787164339,0.8314377598242999,0.9264924394720742,0.8763952046300124,31,16
0,110,dt_seed0_d4_s100_l60_w0.6.pkl,4,100,60,0.6,0.841314359943316,0.851342873360619,0.8462989086049447,0.8780062063615206,0.7913643912245433,0.8324369052544477,31,16
0,111,dt_seed0_d4_s100_l60_w0.7.pkl,4,100,60,0.7,0.8102197373553504,0.9308099064917994,0.8663385607830052,0.842962482780974,0.9092736648894327,0.874863342023379,31,16
0,112,dt_seed0_d4_s100_l60_w0.8.pkl,4,100,60,0.8,0.8115053482911557,0.9292564156185582,0.8663983399022325,0.8438794573958248,0.9080499956297526,0.8747894914112496,31,16
0,113,dt_seed0_d4_s100_l60_w0.9.pkl,4,100,60,0.9,0.8039270687237027,0.9418337167269142,0.8674334140435835,0.8329107906829346,0.9188882090726335,0.8737896355400407,31,16
0,114,dt_seed0_d4_s100_l60_w1.0.pkl,4,100,60,1.0,0.801241134751773,0.9450303229468527,0.8672158787164339,0.8314377598242999,0.9264924394720742,0.8763952046300124,31,16
0,115,dt_seed0_d4_s100_l70_w0.6.pkl,4,100,70,0.6,0.841314359943316,0.851342873360619,0.8462989086049447,0.8780062063615206,0.7913643912245433,0.8324369052544477,31,16
0,116,dt_seed0_d4_s100_l70_w0.7.pkl,4,100,70,0.7,0.8102197373553504,0.9308099064917994,0.8663385607830052,0.842962482780974,0.9092736648894327,0.874863342023379,31,16
0,117,dt_seed0_d4_s100_l70_w0.8.pkl,4,100,70,0.8,0.8115053482911557,0.9292564156185582,0.8663983399022325,0.8438794573958248,0.9080499956297526,0.8747894914112496,31,16
0,118,dt_seed0_d4_s100_l70_w0.9.pkl,4,100,70,0.9,0.8039270687237027,0.9418337167269142,0.8674334140435835,0.8329107906829346,0.9188882090726335,0.8737896355400407,31,16
0,119,dt_seed0_d4_s100_l70_w1.0.pkl,4,100,70,1.0,0.801241134751773,0.9450303229468527,0.8672158787164339,0.8314377598242999,0.9264924394720742,0.8763952046300124,31,16
0,120,dt_seed0_d5_s60_l40_w0.6.pkl,5,60,40,0.6,0.8748322147651006,0.7788366743345383,0.8240481722061543,0.872810442932054,0.6837689013198147,0.7668104293275828,63,32
0,121,dt_seed0_d5_s60_l40_w0.7.pkl,5,60,40,0.7,0.8167829949238579,0.9229528276521376,0.8666283293827229,0.8454110267414988,0.8952888733502317,0.8696353525491362,63,32
0,122,dt_seed0_d5_s60_l40_w0.8.pkl,5,60,40,0.8,0.8172845386467678,0.9227138290562543,0.8668051189941626,0.8456519943843422,0.8950266585088716,0.8696390658174098,63,32
0,123,dt_seed0_d5_s60_l40_w0.9.pkl,5,60,40,0.9,0.8161597107600409,0.9306605323693723,0.8696574634990648,0.8414574502771438,0.9022812691198322,0.8708085537137796,63,32
0,124,dt_seed0_d5_s60_l40_w1.0.pkl,5,60,40,1.0,0.8125064840751115,0.9358886266543184,0.8698440905746296,0.8392627173213136,0.9113713836203129,0.8738319715063901,63,32
0,125,dt_seed0_d5_s60_l50_w0.6.pkl,5,60,50,0.6,0.8748322147651006,0.7788366743345383,0.8240481722061543,0.872810442932054,0.6837689013198147,0.7668104293275828,63,32
0,126,dt_seed0_d5_s60_l50_w0.7.pkl,5,60,50,0.7,0.8167829949238579,0.9229528276521376,0.8666283293827229,0.8454110267414988,0.8952888733502317,0.8696353525491362,63,32
0,127,dt_seed0_d5_s60_l50_w0.8.pkl,5,60,50,0.8,0.8172845386467678,0.9227138290562543,0.8668051189941626,0.8456519943843422,0.8950266585088716,0.8696390658174098,63,32
0,128,dt_seed0_d5_s60_l50_w0.9.pkl,5,60,50,0.9,0.8156662743559566,0.9317061512263616,0.8698332124728064,0.8409146391081455,0.9032427235381523,0.8709650231774125,63,32
0,129,dt_seed0_d5_s60_l50_w1.0.pkl,5,60,50,1.0,0.812503242542153,0.9357392525318914,0.869777709898227,0.8393173402028659,0.9112839786731929,0.873821397142019,63,32
0,130,dt_seed0_d5_s60_l60_w0.6.pkl,5,60,60,0.6,0.875184985873806,0.7773728079347534,0.8233842259314927,0.8736300603891747,0.6828074469014946,0.7665211205416278,59,30
0,131,dt_seed0_d5_s60_l60_w0.7.pkl,5,60,60,0.7,0.8159261700725116,0.9244465688764079,0.8668029916804393,0.8449056914586937,0.8965999475570318,0.86998558222373,61,31
0,132,dt_seed0_d5_s60_l60_w0.8.pkl,5,60,60,0.8,0.8164256307399979,0.9242075702805246,0.8669796118545505,0.8451458711059832,0.8963377327156717,0.8699893955461294,61,31
0,133,dt_seed0_d5_s60_l60_w0.9.pkl,5,60,60,0.9,0.8151804837277333,0.9323932721895258,0.8698560459315208,0.8404030554201203,0.9039419631151123,0.8710152861414073,61,31
0,134,dt_seed0_d5_s60_l60_w1.0.pkl,5,60,60,1.0,0.812352468159062,0.9355898784094644,0.8696267910696435,0.8388160540497064,0.9115461935145529,0.8736701013655023,61,31
0,135,dt_seed0_d5_s60_l70_w0.6.pkl,5,60,70,0.6,0.875184985873806,0.7773728079347534,0.8233842259314927,0.8736300603891747,0.6828074469014946,0.7665211205416278,59,30
0,136,dt_seed0_d5_s60_l70_w0.7.pkl,5,60,70,0.7,0.8159261700725116,0.9244465688764079,0.8668029916804393,0.8449056914586937,0.8965999475570318,0.86998558222373,59,30
0,137,dt_seed0_d5_s60_l70_w0.8.pkl,5,60,70,0.8,0.8164256307399979,0.9242075702805246,0.8669796118545505,0.8451458711059832,0.8963377327156717,0.8699893955461294,57,29
0,138,dt_seed0_d5_s60_l70_w0.9.pkl,5,60,70,0.9,0.81567242281528,0.9313476533325367,0.8696804430000139,0.8409442409442409,0.9029805086967923,0.8708589732782601,59,30
0,139,dt_seed0_d5_s60_l70_w1.0.pkl,5,60,70,1.0,0.8128361699363388,0.9345442595524751,0.8694516245587703,0.8393490170802449,0.9105847390962328,0.8735169580346288,59,30
0,140,dt_seed0_d5_s80_l40_w0.6.pkl,5,80,40,0.6,0.8748322147651006,0.7788366743345383,0.8240481722061543,0.872810442932054,0.6837689013198147,0.7668104293275828,63,32
0,141,dt_seed0_d5_s80_l40_w0.7.pkl,5,80,40,0.7,0.8167829949238579,0.9229528276521376,0.8666283293827229,0.8454110267414988,0.8952888733502317,0.8696353525491362,63,32
0,142,dt_seed0_d5_s80_l40_w0.8.pkl,5,80,40,0.8,0.8172845386467678,0.9227138290562543,0.8668051189941626,0.8456519943843422,0.8950266585088716,0.8696390658174098,63,32
0,143,dt_seed0_d5_s80_l40_w0.9.pkl,5,80,40,0.9,0.8161597107600409,0.9306605323693723,0.8696574634990648,0.8414574502771438,0.9022812691198322,0.8708085537137796,63,32
0,144,dt_seed0_d5_s80_l40_w1.0.pkl,5,80,40,1.0,0.8125064840751115,0.9358886266543184,0.8698440905746296,0.8392627173213136,0.9113713836203129,0.8738319715063901,63,32
0,145,dt_seed0_d5_s80_l50_w0.6.pkl,5,80,50,0.6,0.8748322147651006,0.7788366743345383,0.8240481722061543,0.872810442932054,0.6837689013198147,0.7668104293275828,63,32
0,146,dt_seed0_d5_s80_l50_w0.7.pkl,5,80,50,0.7,0.8167829949238579,0.9229528276521376,0.8666283293827229,0.8454110267414988,0.8952888733502317,0.8696353525491362,63,32
0,147,dt_seed0_d5_s80_l50_w0.8.pkl,5,80,50,0.8,0.8172845386467678,0.9227138290562543,0.8668051189941626,0.8456519943843422,0.8950266585088716,0.8696390658174098,63,32
0,148,dt_seed0_d5_s80_l50_w0.9.pkl,5,80,50,0.9,0.8156662743559566,0.9317061512263616,0.8698332124728064,0.8409146391081455,0.9032427235381523,0.8709650231774125,63,32
0,149,dt_seed0_d5_s80_l50_w1.0.pkl,5,80,50,1.0,0.812503242542153,0.9357392525318914,0.869777709898227,0.8393173402028659,0.9112839786731929,0.873821397142019,63,32
0,150,dt_seed0_d5_s80_l60_w0.6.pkl,5,80,60,0.6,0.875184985873806,0.7773728079347534,0.8233842259314927,0.8736300603891747,0.6828074469014946,0.7665211205416278,59,30
0,151,dt_seed0_d5_s80_l60_w0.7.pkl,5,80,60,0.7,0.8159261700725116,0.9244465688764079,0.8668029916804393,0.8449056914586937,0.8965999475570318,0.86998558222373,61,31
0,152,dt_seed0_d5_s80_l60_w0.8.pkl,5,80,60,0.8,0.8164256307399979,0.9242075702805246,0.8669796118545505,0.8451458711059832,0.8963377327156717,0.8699893955461294,61,31
0,153,dt_seed0_d5_s80_l60_w0.9.pkl,5,80,60,0.9,0.8151804837277333,0.9323932721895258,0.8698560459315208,0.8404030554201203,0.9039419631151123,0.8710152861414073,61,31
0,154,dt_seed0_d5_s80_l60_w1.0.pkl,5,80,60,1.0,0.812352468159062,0.9355898784094644,0.8696267910696435,0.8388160540497064,0.9115461935145529,0.8736701013655023,61,31
0,155,dt_seed0_d5_s80_l70_w0.6.pkl,5,80,70,0.6,0.875184985873806,0.7773728079347534,0.8233842259314927,0.8736300603891747,0.6828074469014946,0.7665211205416278,59,30
0,156,dt_seed0_d5_s80_l70_w0.7.pkl,5,80,70,0.7,0.8159261700725116,0.9244465688764079,0.8668029916804393,0.8449056914586937,0.8965999475570318,0.86998558222373,59,30
0,157,dt_seed0_d5_s80_l70_w0.8.pkl,5,80,70,0.8,0.8164256307399979,0.9242075702805246,0.8669796118545505,0.8451458711059832,0.8963377327156717,0.8699893955461294,57,29
0,158,dt_seed0_d5_s80_l70_w0.9.pkl,5,80,70,0.9,0.81567242281528,0.9313476533325367,0.8696804430000139,0.8409442409442409,0.9029805086967923,0.8708589732782601,59,30
0,159,dt_seed0_d5_s80_l70_w1.0.pkl,5,80,70,1.0,0.8128361699363388,0.9345442595524751,0.8694516245587703,0.8393490170802449,0.9105847390962328,0.8735169580346288,59,30
0,160,dt_seed0_d5_s100_l40_w0.6.pkl,5,100,40,0.6,0.8748322147651006,0.7788366743345383,0.8240481722061543,0.872810442932054,0.6837689013198147,0.7668104293275828,63,32
0,161,dt_seed0_d5_s100_l40_w0.7.pkl,5,100,40,0.7,0.8167829949238579,0.9229528276521376,0.8666283293827229,0.8454110267414988,0.8952888733502317,0.8696353525491362,63,32
0,162,dt_seed0_d5_s100_l40_w0.8.pkl,5,100,40,0.8,0.8172845386467678,0.9227138290562543,0.8668051189941626,0.8456519943843422,0.8950266585088716,0.8696390658174098,63,32
0,163,dt_seed0_d5_s100_l40_w0.9.pkl,5,100,40,0.9,0.8161597107600409,0.9306605323693723,0.8696574634990648,0.8414574502771438,0.9022812691198322,0.8708085537137796,63,32
0,164,dt_seed0_d5_s100_l40_w1.0.pkl,5,100,40,1.0,0.8125064840751115,0.9358886266543184,0.8698440905746296,0.8392627173213136,0.9113713836203129,0.8738319715063901,63,32
0,165,dt_seed0_d5_s100_l50_w0.6.pkl,5,100,50,0.6,0.8748322147651006,0.7788366743345383,0.8240481722061543,0.872810442932054,0.6837689013198147,0.7668104293275828,63,32
0,166,dt_seed0_d5_s100_l50_w0.7.pkl,5,100,50,0.7,0.8167829949238579,0.9229528276521376,0.8666283293827229,0.8454110267414988,0.8952888733502317,0.8696353525491362,63,32
0,167,dt_seed0_d5_s100_l50_w0.8.pkl,5,100,50,0.8,0.8172845386467678,0.9227138290562543,0.8668051189941626,0.8456519943843422,0.8950266585088716,0.8696390658174098,63,32
0,168,dt_seed0_d5_s100_l50_w0.9.pkl,5,100,50,0.9,0.8156662743559566,0.9317061512263616,0.8698332124728064,0.8409146391081455,0.9032427235381523,0.8709650231774125,63,32
0,169,dt_seed0_d5_s100_l50_w1.0.pkl,5,100,50,1.0,0.812503242542153,0.9357392525318914,0.869777709898227,0.8393173402028659,0.9112839786731929,0.873821397142019,63,32
0,170,dt_seed0_d5_s100_l60_w0.6.pkl,5,100,60,0.6,0.875184985873806,0.7773728079347534,0.8233842259314927,0.8736300603891747,0.6828074469014946,0.7665211205416278,59,30
0,171,dt_seed0_d5_s100_l60_w0.7.pkl,5,100,60,0.7,0.8159261700725116,0.9244465688764079,0.8668029916804393,0.8449056914586937,0.8965999475570318,0.86998558222373,61,31
0,172,dt_seed0_d5_s100_l60_w0.8.pkl,5,100,60,0.8,0.8164256307399979,0.9242075702805246,0.8669796118545505,0.8451458711059832,0.8963377327156717,0.8699893955461294,61,31
0,173,dt_seed0_d5_s100_l60_w0.9.pkl,5,100,60,0.9,0.8151804837277333,0.9323932721895258,0.8698560459315208,0.8404030554201203,0.9039419631151123,0.8710152861414073,61,31
0,174,dt_seed0_d5_s100_l60_w1.0.pkl,5,100,60,1.0,0.812352468159062,0.9355898784094644,0.8696267910696435,0.8388160540497064,0.9115461935145529,0.8736701013655023,61,31
0,175,dt_seed0_d5_s100_l70_w0.6.pkl,5,100,70,0.6,0.875184985873806,0.7773728079347534,0.8233842259314927,0.8736300603891747,0.6828074469014946,0.7665211205416278,59,30
0,176,dt_seed0_d5_s100_l70_w0.7.pkl,5,100,70,0.7,0.8159261700725116,0.9244465688764079,0.8668029916804393,0.8449056914586937,0.8965999475570318,0.86998558222373,59,30
0,177,dt_seed0_d5_s100_l70_w0.8.pkl,5,100,70,0.8,0.8164256307399979,0.9242075702805246,0.8669796118545505,0.8451458711059832,0.8963377327156717,0.8699893955461294,57,29
0,178,dt_seed0_d5_s100_l70_w0.9.pkl,5,100,70,0.9,0.81567242281528,0.9313476533325367,0.8696804430000139,0.8409442409442409,0.9029805086967923,0.8708589732782601,59,30
0,179,dt_seed0_d5_s100_l70_w1.0.pkl,5,100,70,1.0,0.8128361699363388,0.9345442595524751,0.8694516245587703,0.8393490170802449,0.9105847390962328,0.8735169580346288,59,30
1,180,dt_seed1_d3_s60_l40_w0.6.pkl,3,60,40,0.6,0.824090406290173,0.8443089928938986,0.8340771895850039,0.8351076602897622,0.8505625305723137,0.8427642473444,15,8
1,181,dt_seed1_d3_s60_l40_w0.7.pkl,3,60,40,0.7,0.8124619724542287,0.8998100955648125,0.8539080894108072,0.8143279172821271,0.8989075493233328,0.8545299542741998,15,8
1,182,dt_seed1_d3_s60_l40_w0.8.pkl,3,60,40,0.8,0.8124619724542287,0.8998100955648125,0.8539080894108072,0.8143279172821271,0.8989075493233328,0.8545299542741998,15,8
1,183,dt_seed1_d3_s60_l40_w0.9.pkl,3,60,40,0.9,0.8068880040083332,0.9372090173976967,0.8671796397851748,0.8095577238088455,0.9267079732594162,0.8641806363325351,15,8
1,184,dt_seed1_d3_s60_l40_w1.0.pkl,3,60,40,1.0,0.8057538849223016,0.9402107326635628,0.8678050435372611,0.8080056677293659,0.9298059677156367,0.8646374284522952,15,8
1,185,dt_seed1_d3_s60_l50_w0.6.pkl,3,60,50,0.6,0.824090406290173,0.8443089928938986,0.8340771895850039,0.8351076602897622,0.8505625305723137,0.8427642473444,15,8
1,186,dt_seed1_d3_s60_l50_w0.7.pkl,3,60,50,0.7,0.8124619724542287,0.8998100955648125,0.8539080894108072,0.8143279172821271,0.8989075493233328,0.8545299542741998,15,8
1,187,dt_seed1_d3_s60_l50_w0.8.pkl,3,60,50,0.8,0.8124619724542287,0.8998100955648125,0.8539080894108072,0.8143279172821271,0.8989075493233328,0.8545299542741998,15,8
1,188,dt_seed1_d3_s60_l50_w0.9.pkl,3,60,50,0.9,0.8068880040083332,0.9372090173976967,0.8671796397851748,0.8095577238088455,0.9267079732594162,0.8641806363325351,15,8
1,189,dt_seed1_d3_s60_l50_w1.0.pkl,3,60,50,1.0,0.8057538849223016,0.9402107326635628,0.8678050435372611,0.8080056677293659,0.9298059677156367,0.8646374284522952,15,8
1,190,dt_seed1_d3_s60_l60_w0.6.pkl,3,60,60,0.6,0.824090406290173,0.8443089928938986,0.8340771895850039,0.8351076602897622,0.8505625305723137,0.8427642473444,15,8
1,191,dt_seed1_d3_s60_l60_w0.7.pkl,3,60,60,0.7,0.8124619724542287,0.8998100955648125,0.8539080894108072,0.8143279172821271,0.8989075493233328,0.8545299542741998,15,8
1,192,dt_seed1_d3_s60_l60_w0.8.pkl,3,60,60,0.8,0.8124619724542287,0.8998100955648125,0.8539080894108072,0.8143279172821271,0.8989075493233328,0.8545299542741998,15,8
1,193,dt_seed1_d3_s60_l60_w0.9.pkl,3,60,60,0.9,0.8068880040083332,0.9372090173976967,0.8671796397851748,0.8095577238088455,0.9267079732594162,0.8641806363325351,15,8
1,194,dt_seed1_d3_s60_l60_w1.0.pkl,3,60,60,1.0,0.8057538849223016,0.9402107326635628,0.8678050435372611,0.8080056677293659,0.9298059677156367,0.8646374284522952,15,8
1,195,dt_seed1_d3_s60_l70_w0.6.pkl,3,60,70,0.6,0.824090406290173,0.8443089928938986,0.8340771895850039,0.8351076602897622,0.8505625305723137,0.8427642473444,15,8
1,196,dt_seed1_d3_s60_l70_w0.7.pkl,3,60,70,0.7,0.8124619724542287,0.8998100955648125,0.8539080894108072,0.8143279172821271,0.8989075493233328,0.8545299542741998,15,8
1,197,dt_seed1_d3_s60_l70_w0.8.pkl,3,60,70,0.8,0.8124619724542287,0.8998100955648125,0.8539080894108072,0.8143279172821271,0.8989075493233328,0.8545299542741998,15,8
1,198,dt_seed1_d3_s60_l70_w0.9.pkl,3,60,70,0.9,0.8068880040083332,0.9372090173976967,0.8671796397851748,0.8095577238088455,0.9267079732594162,0.8641806363325351,15,8
1,199,dt_seed1_d3_s60_l70_w1.0.pkl,3,60,70,1.0,0.8057538849223016,0.9402107326635628,0.8678050435372611,0.8080056677293659,0.9298059677156367,0.8646374284522952,15,8
1,200,dt_seed1_d3_s80_l40_w0.6.pkl,3,80,40,0.6,0.824090406290173,0.8443089928938986,0.8340771895850039,0.8351076602897622,0.8505625305723137,0.8427642473444,15,8
1,201,dt_seed1_d3_s80_l40_w0.7.pkl,3,80,40,0.7,0.8124619724542287,0.8998100955648125,0.8539080894108072,0.8143279172821271,0.8989075493233328,0.8545299542741998,15,8
1,202,dt_seed1_d3_s80_l40_w0.8.pkl,3,80,40,0.8,0.8124619724542287,0.8998100955648125,0.8539080894108072,0.8143279172821271,0.8989075493233328,0.8545299542741998,15,8
1,203,dt_seed1_d3_s80_l40_w0.9.pkl,3,80,40,0.9,0.8068880040083332,0.9372090173976967,0.8671796397851748,0.8095577238088455,0.9267079732594162,0.8641806363325351,15,8
1,204,dt_seed1_d3_s80_l40_w1.0.pkl,3,80,40,1.0,0.8057538849223016,0.9402107326635628,0.8678050435372611,0.8080056677293659,0.9298059677156367,0.8646374284522952,15,8
1,205,dt_seed1_d3_s80_l50_w0.6.pkl,3,80,50,0.6,0.824090406290173,0.8443089928938986,0.8340771895850039,0.8351076602897622,0.8505625305723137,0.8427642473444,15,8
1,206,dt_seed1_d3_s80_l50_w0.7.pkl,3,80,50,0.7,0.8124619724542287,0.8998100955648125,0.8539080894108072,0.8143279172821271,0.8989075493233328,0.8545299542741998,15,8
1,207,dt_seed1_d3_s80_l50_w0.8.pkl,3,80,50,0.8,0.8124619724542287,0.8998100955648125,0.8539080894108072,0.8143279172821271,0.8989075493233328,0.8545299542741998,15,8
1,208,dt_seed1_d3_s80_l50_w0.9.pkl,3,80,50,0.9,0.8068880040083332,0.9372090173976967,0.8671796397851748,0.8095577238088455,0.9267079732594162,0.8641806363325351,15,8
1,209,dt_seed1_d3_s80_l50_w1.0.pkl,3,80,50,1.0,0.8057538849223016,0.9402107326635628,0.8678050435372611,0.8080056677293659,0.9298059677156367,0.8646374284522952,15,8
1,210,dt_seed1_d3_s80_l60_w0.6.pkl,3,80,60,0.6,0.824090406290173,0.8443089928938986,0.8340771895850039,0.8351076602897622,0.8505625305723137,0.8427642473444,15,8
1,211,dt_seed1_d3_s80_l60_w0.7.pkl,3,80,60,0.7,0.8124619724542287,0.8998100955648125,0.8539080894108072,0.8143279172821271,0.8989075493233328,0.8545299542741998,15,8
1,212,dt_seed1_d3_s80_l60_w0.8.pkl,3,80,60,0.8,0.8124619724542287,0.8998100955648125,0.8539080894108072,0.8143279172821271,0.8989075493233328,0.8545299542741998,15,8
1,213,dt_seed1_d3_s80_l60_w0.9.pkl,3,80,60,0.9,0.8068880040083332,0.9372090173976967,0.8671796397851748,0.8095577238088455,0.9267079732594162,0.8641806363325351,15,8
1,214,dt_seed1_d3_s80_l60_w1.0.pkl,3,80,60,1.0,0.8057538849223016,0.9402107326635628,0.8678050435372611,0.8080056677293659,0.9298059677156367,0.8646374284522952,15,8
1,215,dt_seed1_d3_s80_l70_w0.6.pkl,3,80,70,0.6,0.824090406290173,0.8443089928938986,0.8340771895850039,0.8351076602897622,0.8505625305723137,0.8427642473444,15,8
1,216,dt_seed1_d3_s80_l70_w0.7.pkl,3,80,70,0.7,0.8124619724542287,0.8998100955648125,0.8539080894108072,0.8143279172821271,0.8989075493233328,0.8545299542741998,15,8
1,217,dt_seed1_d3_s80_l70_w0.8.pkl,3,80,70,0.8,0.8124619724542287,0.8998100955648125,0.8539080894108072,0.8143279172821271,0.8989075493233328,0.8545299542741998,15,8
1,218,dt_seed1_d3_s80_l70_w0.9.pkl,3,80,70,0.9,0.8068880040083332,0.9372090173976967,0.8671796397851748,0.8095577238088455,0.9267079732594162,0.8641806363325351,15,8
1,219,dt_seed1_d3_s80_l70_w1.0.pkl,3,80,70,1.0,0.8057538849223016,0.9402107326635628,0.8678050435372611,0.8080056677293659,0.9298059677156367,0.8646374284522952,15,8
1,220,dt_seed1_d3_s100_l40_w0.6.pkl,3,100,40,0.6,0.824090406290173,0.8443089928938986,0.8340771895850039,0.8351076602897622,0.8505625305723137,0.8427642473444,15,8
1,221,dt_seed1_d3_s100_l40_w0.7.pkl,3,100,40,0.7,0.8124619724542287,0.8998100955648125,0.8539080894108072,0.8143279172821271,0.8989075493233328,0.8545299542741998,15,8
1,222,dt_seed1_d3_s100_l40_w0.8.pkl,3,100,40,0.8,0.8124619724542287,0.8998100955648125,0.8539080894108072,0.8143279172821271,0.8989075493233328,0.8545299542741998,15,8
1,223,dt_seed1_d3_s100_l40_w0.9.pkl,3,100,40,0.9,0.8068880040083332,0.9372090173976967,0.8671796397851748,0.8095577238088455,0.9267079732594162,0.8641806363325351,15,8
1,224,dt_seed1_d3_s100_l40_w1.0.pkl,3,100,40,1.0,0.8057538849223016,0.9402107326635628,0.8678050435372611,0.8080056677293659,0.9298059677156367,0.8646374284522952,15,8
1,225,dt_seed1_d3_s100_l50_w0.6.pkl,3,100,50,0.6,0.824090406290173,0.8443089928938986,0.8340771895850039,0.8351076602897622,0.8505625305723137,0.8427642473444,15,8
1,226,dt_seed1_d3_s100_l50_w0.7.pkl,3,100,50,0.7,0.8124619724542287,0.8998100955648125,0.8539080894108072,0.8143279172821271,0.8989075493233328,0.8545299542741998,15,8
1,227,dt_seed1_d3_s100_l50_w0.8.pkl,3,100,50,0.8,0.8124619724542287,0.8998100955648125,0.8539080894108072,0.8143279172821271,0.8989075493233328,0.8545299542741998,15,8
1,228,dt_seed1_d3_s100_l50_w0.9.pkl,3,100,50,0.9,0.8068880040083332,0.9372090173976967,0.8671796397851748,0.8095577238088455,0.9267079732594162,0.8641806363325351,15,8
1,229,dt_seed1_d3_s100_l50_w1.0.pkl,3,100,50,1.0,0.8057538849223016,0.9402107326635628,0.8678050435372611,0.8080056677293659,0.9298059677156367,0.8646374284522952,15,8
1,230,dt_seed1_d3_s100_l60_w0.6.pkl,3,100,60,0.6,0.824090406290173,0.8443089928938986,0.8340771895850039,0.8351076602897622,0.8505625305723137,0.8427642473444,15,8
1,231,dt_seed1_d3_s100_l60_w0.7.pkl,3,100,60,0.7,0.8124619724542287,0.8998100955648125,0.8539080894108072,0.8143279172821271,0.8989075493233328,0.8545299542741998,15,8
1,232,dt_seed1_d3_s100_l60_w0.8.pkl,3,100,60,0.8,0.8124619724542287,0.8998100955648125,0.8539080894108072,0.8143279172821271,0.8989075493233328,0.8545299542741998,15,8
1,233,dt_seed1_d3_s100_l60_w0.9.pkl,3,100,60,0.9,0.8068880040083332,0.9372090173976967,0.8671796397851748,0.8095577238088455,0.9267079732594162,0.8641806363325351,15,8
1,234,dt_seed1_d3_s100_l60_w1.0.pkl,3,100,60,1.0,0.8057538849223016,0.9402107326635628,0.8678050435372611,0.8080056677293659,0.9298059677156367,0.8646374284522952,15,8
1,235,dt_seed1_d3_s100_l70_w0.6.pkl,3,100,70,0.6,0.824090406290173,0.8443089928938986,0.8340771895850039,0.8351076602897622,0.8505625305723137,0.8427642473444,15,8
1,236,dt_seed1_d3_s100_l70_w0.7.pkl,3,100,70,0.7,0.8124619724542287,0.8998100955648125,0.8539080894108072,0.8143279172821271,0.8989075493233328,0.8545299542741998,15,8
1,237,dt_seed1_d3_s100_l70_w0.8.pkl,3,100,70,0.8,0.8124619724542287,0.8998100955648125,0.8539080894108072,0.8143279172821271,0.8989075493233328,0.8545299542741998,15,8
1,238,dt_seed1_d3_s100_l70_w0.9.pkl,3,100,70,0.9,0.8068880040083332,0.9372090173976967,0.8671796397851748,0.8095577238088455,0.9267079732594162,0.8641806363325351,15,8
1,239,dt_seed1_d3_s100_l70_w1.0.pkl,3,100,70,1.0,0.8057538849223016,0.9402107326635628,0.8678050435372611,0.8080056677293659,0.9298059677156367,0.8646374284522952,15,8
1,240,dt_seed1_d4_s60_l40_w0.6.pkl,4,60,40,0.6,0.8172098033934824,0.9293984317569223,0.869701051907478,0.8177102096692845,0.9252405022012066,0.86815834767642,31,16
1,241,dt_seed1_d4_s60_l40_w0.7.pkl,4,60,40,0.7,0.8230338635481904,0.9097035040431267,0.8642011231704834,0.8233764303759845,0.9033914886678623,0.861530088633183,31,16
1,242,dt_seed1_d4_s60_l40_w0.8.pkl,4,60,40,0.8,0.8230338635481904,0.9097035040431267,0.8642011231704834,0.8233764303759845,0.9033914886678623,0.861530088633183,31,16
1,243,dt_seed1_d4_s60_l40_w0.9.pkl,4,60,40,0.9,0.8136675971655573,0.9285101690762068,0.8673037308308538,0.8152668448039286,0.9203489320071743,0.86462681423046,31,16
1,244,dt_seed1_d4_s60_l40_w1.0.pkl,4,60,40,1.0,0.81249332050871,0.9314506248468513,0.8679148353216508,0.81382481856722,0.9233654002934942,0.865141504029332,31,16
1,245,dt_seed1_d4_s60_l50_w0.6.pkl,4,60,50,0.6,0.8172098033934824,0.9293984317569223,0.869701051907478,0.8177102096692845,0.9252405022012066,0.86815834767642,31,16
1,246,dt_seed1_d4_s60_l50_w0.7.pkl,4,60,50,0.7,0.8230338635481904,0.9097035040431267,0.8642011231704834,0.8233764303759845,0.9033914886678623,0.861530088633183,31,16
1,247,dt_seed1_d4_s60_l50_w0.8.pkl,4,60,50,0.8,0.8230338635481904,0.9097035040431267,0.8642011231704834,0.8233764303759845,0.9033914886678623,0.861530088633183,31,16
1,248,dt_seed1_d4_s60_l50_w0.9.pkl,4,60,50,0.9,0.8136675971655573,0.9285101690762068,0.8673037308308538,0.8152668448039286,0.9203489320071743,0.86462681423046,31,16
1,249,dt_seed1_d4_s60_l50_w1.0.pkl,4,60,50,1.0,0.81249332050871,0.9314506248468513,0.8679148353216508,0.81382481856722,0.9233654002934942,0.865141504029332,31,16
1,250,dt_seed1_d4_s60_l60_w0.6.pkl,4,60,60,0.6,0.8168370091447015,0.930225434942416,0.8698516354470985,0.8175991934903147,0.9256481330507093,0.8682751500783848,31,16
1,251,dt_seed1_d4_s60_l60_w0.7.pkl,4,60,60,0.7,0.8230338635481904,0.9097035040431267,0.8642011231704834,0.8233764303759845,0.9033914886678623,0.861530088633183,31,16
1,252,dt_seed1_d4_s60_l60_w0.8.pkl,4,60,60,0.8,0.8230338635481904,0.9097035040431267,0.8642011231704834,0.8233764303759845,0.9033914886678623,0.861530088633183,31,16
1,253,dt_seed1_d4_s60_l60_w0.9.pkl,4,60,60,0.9,0.8136675971655573,0.9285101690762068,0.8673037308308538,0.8152668448039286,0.9203489320071743,0.86462681423046,31,16
1,254,dt_seed1_d4_s60_l60_w1.0.pkl,4,60,60,1.0,0.81249332050871,0.9314506248468513,0.8679148353216508,0.81382481856722,0.9233654002934942,0.865141504029332,31,16
1,255,dt_seed1_d4_s60_l70_w0.6.pkl,4,60,70,0.6,0.8168370091447015,0.930225434942416,0.8698516354470985,0.8175991934903147,0.9256481330507093,0.8682751500783848,31,16
1,256,dt_seed1_d4_s60_l70_w0.7.pkl,4,60,70,0.7,0.8230338635481904,0.9097035040431267,0.8642011231704834,0.8233764303759845,0.9033914886678623,0.861530088633183,31,16
1,257,dt_seed1_d4_s60_l70_w0.8.pkl,4,60,70,0.8,0.8230338635481904,0.9097035040431267,0.8642011231704834,0.8233764303759845,0.9033914886678623,0.861530088633183,31,16
1,258,dt_seed1_d4_s60_l70_w0.9.pkl,4,60,70,0.9,0.8136675971655573,0.9285101690762068,0.8673037308308538,0.8152668448039286,0.9203489320071743,0.86462681423046,31,16
1,259,dt_seed1_d4_s60_l70_w1.0.pkl,4,60,70,1.0,0.81249332050871,0.9314506248468513,0.8679148353216508,0.81382481856722,0.9233654002934942,0.865141504029332,31,16
1,260,dt_seed1_d4_s80_l40_w0.6.pkl,4,80,40,0.6,0.8172098033934824,0.9293984317569223,0.869701051907478,0.8177102096692845,0.9252405022012066,0.86815834767642,31,16
1,261,dt_seed1_d4_s80_l40_w0.7.pkl,4,80,40,0.7,0.8230338635481904,0.9097035040431267,0.8642011231704834,0.8233764303759845,0.9033914886678623,0.861530088633183,31,16
1,262,dt_seed1_d4_s80_l40_w0.8.pkl,4,80,40,0.8,0.8230338635481904,0.9097035040431267,0.8642011231704834,0.8233764303759845,0.9033914886678623,0.861530088633183,31,16
1,263,dt_seed1_d4_s80_l40_w0.9.pkl,4,80,40,0.9,0.8136675971655573,0.9285101690762068,0.8673037308308538,0.8152668448039286,0.9203489320071743,0.86462681423046,31,16
1,264,dt_seed1_d4_s80_l40_w1.0.pkl,4,80,40,1.0,0.81249332050871,0.9314506248468513,0.8679148353216508,0.81382481856722,0.9233654002934942,0.865141504029332,31,16
1,265,dt_seed1_d4_s80_l50_w0.6.pkl,4,80,50,0.6,0.8172098033934824,0.9293984317569223,0.869701051907478,0.8177102096692845,0.9252405022012066,0.86815834767642,31,16
1,266,dt_seed1_d4_s80_l50_w0.7.pkl,4,80,50,0.7,0.8230338635481904,0.9097035040431267,0.8642011231704834,0.8233764303759845,0.9033914886678623,0.861530088633183,31,16
1,267,dt_seed1_d4_s80_l50_w0.8.pkl,4,80,50,0.8,0.8230338635481904,0.9097035040431267,0.8642011231704834,0.8233764303759845,0.9033914886678623,0.861530088633183,31,16
1,268,dt_seed1_d4_s80_l50_w0.9.pkl,4,80,50,0.9,0.8136675971655573,0.9285101690762068,0.8673037308308538,0.8152668448039286,0.9203489320071743,0.86462681423046,31,16
1,269,dt_seed1_d4_s80_l50_w1.0.pkl,4,80,50,1.0,0.81249332050871,0.9314506248468513,0.8679148353216508,0.81382481856722,0.9233654002934942,0.865141504029332,31,16
1,270,dt_seed1_d4_s80_l60_w0.6.pkl,4,80,60,0.6,0.8168370091447015,0.930225434942416,0.8698516354470985,0.8175991934903147,0.9256481330507093,0.8682751500783848,31,16
1,271,dt_seed1_d4_s80_l60_w0.7.pkl,4,80,60,0.7,0.8230338635481904,0.9097035040431267,0.8642011231704834,0.8233764303759845,0.9033914886678623,0.861530088633183,31,16
1,272,dt_seed1_d4_s80_l60_w0.8.pkl,4,80,60,0.8,0.8230338635481904,0.9097035040431267,0.8642011231704834,0.8233764303759845,0.9033914886678623,0.861530088633183,31,16
1,273,dt_seed1_d4_s80_l60_w0.9.pkl,4,80,60,0.9,0.8136675971655573,0.9285101690762068,0.8673037308308538,0.8152668448039286,0.9203489320071743,0.86462681423046,31,16
1,274,dt_seed1_d4_s80_l60_w1.0.pkl,4,80,60,1.0,0.81249332050871,0.9314506248468513,0.8679148353216508,0.81382481856722,0.9233654002934942,0.865141504029332,31,16
1,275,dt_seed1_d4_s80_l70_w0.6.pkl,4,80,70,0.6,0.8168370091447015,0.930225434942416,0.8698516354470985,0.8175991934903147,0.9256481330507093,0.8682751500783848,31,16
1,276,dt_seed1_d4_s80_l70_w0.7.pkl,4,80,70,0.7,0.8230338635481904,0.9097035040431267,0.8642011231704834,0.8233764303759845,0.9033914886678623,0.861530088633183,31,16
1,277,dt_seed1_d4_s80_l70_w0.8.pkl,4,80,70,0.8,0.8230338635481904,0.9097035040431267,0.8642011231704834,0.8233764303759845,0.9033914886678623,0.861530088633183,31,16
1,278,dt_seed1_d4_s80_l70_w0.9.pkl,4,80,70,0.9,0.8136675971655573,0.9285101690762068,0.8673037308308538,0.8152668448039286,0.9203489320071743,0.86462681423046,31,16
1,279,dt_seed1_d4_s80_l70_w1.0.pkl,4,80,70,1.0,0.81249332050871,0.9314506248468513,0.8679148353216508,0.81382481856722,0.9233654002934942,0.865141504029332,31,16
1,280,dt_seed1_d4_s100_l40_w0.6.pkl,4,100,40,0.6,0.8172098033934824,0.9293984317569223,0.869701051907478,0.8177102096692845,0.9252405022012066,0.86815834767642,31,16
1,281,dt_seed1_d4_s100_l40_w0.7.pkl,4,100,40,0.7,0.8230338635481904,0.9097035040431267,0.8642011231704834,0.8233764303759845,0.9033914886678623,0.861530088633183,31,16
1,282,dt_seed1_d4_s100_l40_w0.8.pkl,4,100,40,0.8,0.8230338635481904,0.9097035040431267,0.8642011231704834,0.8233764303759845,0.9033914886678623,0.861530088633183,31,16
1,283,dt_seed1_d4_s100_l40_w0.9.pkl,4,100,40,0.9,0.8136675971655573,0.9285101690762068,0.8673037308308538,0.8152668448039286,0.9203489320071743,0.86462681423046,31,16
1,284,dt_seed1_d4_s100_l40_w1.0.pkl,4,100,40,1.0,0.81249332050871,0.9314506248468513,0.8679148353216508,0.81382481856722,0.9233654002934942,0.865141504029332,31,16
1,285,dt_seed1_d4_s100_l50_w0.6.pkl,4,100,50,0.6,0.8172098033934824,0.9293984317569223,0.869701051907478,0.8177102096692845,0.9252405022012066,0.86815834767642,31,16
1,286,dt_seed1_d4_s100_l50_w0.7.pkl,4,100,50,0.7,0.8230338635481904,0.9097035040431267,0.8642011231704834,0.8233764303759845,0.9033914886678623,0.861530088633183,31,16
1,287,dt_seed1_d4_s100_l50_w0.8.pkl,4,100,50,0.8,0.8230338635481904,0.9097035040431267,0.8642011231704834,0.8233764303759845,0.9033914886678623,0.861530088633183,31,16
1,288,dt_seed1_d4_s100_l50_w0.9.pkl,4,100,50,0.9,0.8136675971655573,0.9285101690762068,0.8673037308308538,0.8152668448039286,0.9203489320071743,0.86462681423046,31,16
1,289,dt_seed1_d4_s100_l50_w1.0.pkl,4,100,50,1.0,0.81249332050871,0.9314506248468513,0.8679148353216508,0.81382481856722,0.9233654002934942,0.865141504029332,31,16
1,290,dt_seed1_d4_s100_l60_w0.6.pkl,4,100,60,0.6,0.8168370091447015,0.930225434942416,0.8698516354470985,0.8175991934903147,0.9256481330507093,0.8682751500783848,31,16
1,291,dt_seed1_d4_s100_l60_w0.7.pkl,4,100,60,0.7,0.8230338635481904,0.9097035040431267,0.8642011231704834,0.8233764303759845,0.9033914886678623,0.861530088633183,31,16
1,292,dt_seed1_d4_s100_l60_w0.8.pkl,4,100,60,0.8,0.8230338635481904,0.9097035040431267,0.8642011231704834,0.8233764303759845,0.9033914886678623,0.861530088633183,31,16
1,293,dt_seed1_d4_s100_l60_w0.9.pkl,4,100,60,0.9,0.8136675971655573,0.9285101690762068,0.8673037308308538,0.8152668448039286,0.9203489320071743,0.86462681423046,31,16
1,294,dt_seed1_d4_s100_l60_w1.0.pkl,4,100,60,1.0,0.81249332050871,0.9314506248468513,0.8679148353216508,0.81382481856722,0.9233654002934942,0.865141504029332,31,16
1,295,dt_seed1_d4_s100_l70_w0.6.pkl,4,100,70,0.6,0.8168370091447015,0.930225434942416,0.8698516354470985,0.8175991934903147,0.9256481330507093,0.8682751500783848,31,16
1,296,dt_seed1_d4_s100_l70_w0.7.pkl,4,100,70,0.7,0.8230338635481904,0.9097035040431267,0.8642011231704834,0.8233764303759845,0.9033914886678623,0.861530088633183,31,16
1,297,dt_seed1_d4_s100_l70_w0.8.pkl,4,100,70,0.8,0.8230338635481904,0.9097035040431267,0.8642011231704834,0.8233764303759845,0.9033914886678623,0.861530088633183,31,16
1,298,dt_seed1_d4_s100_l70_w0.9.pkl,4,100,70,0.9,0.8136675971655573,0.9285101690762068,0.8673037308308538,0.8152668448039286,0.9203489320071743,0.86462681423046,31,16
1,299,dt_seed1_d4_s100_l70_w1.0.pkl,4,100,70,1.0,0.81249332050871,0.9314506248468513,0.8679148353216508,0.81382481856722,0.9233654002934942,0.865141504029332,31,16
1,300,dt_seed1_d5_s60_l40_w0.6.pkl,5,60,40,0.6,0.8401897801614899,0.8732847341337907,0.8564176504160284,0.8424414478353442,0.8709440730474483,0.8564556860544354,61,31
1,301,dt_seed1_d5_s60_l40_w0.7.pkl,5,60,40,0.7,0.8393948210648822,0.883668218573879,0.8609627264317049,0.8370364635751335,0.8814609489646177,0.8586745026406702,61,31
1,302,dt_seed1_d5_s60_l40_w0.8.pkl,5,60,40,0.8,0.83828125,0.8873744180347954,0.8621295083918581,0.8353348729792148,0.8846404695907386,0.8592809629394995,59,30
1,303,dt_seed1_d5_s60_l40_w0.9.pkl,5,60,40,0.9,0.823990969660261,0.9167177162460182,0.8678845875018124,0.8236253149547947,0.9060818522745802,0.862888198757764,61,31
1,304,dt_seed1_d5_s60_l40_w1.0.pkl,5,60,40,1.0,0.8133904263473687,0.9425692232296006,0.8732282459102453,0.8072629645329942,0.931518017283548,0.8649507948523846,59,30
1,305,dt_seed1_d5_s60_l50_w0.6.pkl,5,60,50,0.6,0.8403978983411063,0.8720595442293555,0.855936025012777,0.842670881074674,0.8693950758193381,0.8558244051201798,59,30
1,306,dt_seed1_d5_s60_l50_w0.7.pkl,5,60,50,0.7,0.8394504758855547,0.883392550845381,0.8608611297664354,0.8371408657941609,0.8812978966248166,0.8586520513126018,61,31
1,307,dt_seed1_d5_s60_l50_w0.8.pkl,5,60,50,0.8,0.8383361796972241,0.8870987503062975,0.8620284247339832,0.8354381641768058,0.8844774172509375,0.8592586725803897,59,30
1,308,dt_seed1_d5_s60_l50_w0.9.pkl,5,60,50,0.9,0.8244897959183674,0.9157069345748591,0.8677076681952749,0.8241578869268438,0.9055926952551769,0.862958359229335,61,31
1,309,dt_seed1_d5_s60_l50_w1.0.pkl,5,60,50,1.0,0.8134020618556701,0.9425079637343788,0.8732086608587076,0.8072629645329942,0.931518017283548,0.8649507948523846,59,30
1,310,dt_seed1_d5_s60_l60_w0.6.pkl,5,60,60,0.6,0.839932777073444,0.8725802499387405,0.8559453166078269,0.842333807042476,0.8698027066688407,0.8558479063051501,59,30
1,311,dt_seed1_d5_s60_l60_w0.7.pkl,5,60,60,0.7,0.8397923774531245,0.8821061014457241,0.8604293332934972,0.8373176032288109,0.8795043208870047,0.8578926441351888,57,29
1,312,dt_seed1_d5_s60_l60_w0.8.pkl,5,60,60,0.8,0.8386741292810951,0.8858123009066405,0.8615989632211646,0.8356100949293818,0.8826838415131257,0.8585021607263212,55,28
1,313,dt_seed1_d5_s60_l60_w0.9.pkl,5,60,60,0.9,0.8244491630587651,0.91573756432247,0.8676989159930926,0.8240356083086053,0.9055926952551769,0.8628913229239493,59,30
1,314,dt_seed1_d5_s60_l60_w1.0.pkl,5,60,60,1.0,0.8138137343146079,0.9415890713060524,0.8730510351878674,0.8076950279369121,0.9310288602641448,0.8649876917250521,57,29
1,315,dt_seed1_d5_s60_l70_w0.6.pkl,5,60,70,0.6,0.8395138030490318,0.8737135506003431,0.8562723261189326,0.8420430361787656,0.8709440730474483,0.8562497495291147,59,30
1,316,dt_seed1_d5_s60_l70_w0.7.pkl,5,60,70,0.7,0.8392571245597182,0.8830862533692723,0.8606140206862584,0.8368058244907444,0.8808087396054133,0.8582436350637487,57,29
1,317,dt_seed1_d5_s60_l70_w0.8.pkl,5,60,70,0.8,0.8381437628463075,0.8867924528301887,0.8617820839100475,0.8351047443006777,0.8839882602315343,0.8588514851485148,55,28
1,318,dt_seed1_d5_s60_l70_w0.9.pkl,5,60,70,0.9,0.8249040134795459,0.9147267826513109,0.8674964779015555,0.8251301115241636,0.9047774335561716,0.8631202364286825,57,29
1,319,dt_seed1_d5_s60_l70_w1.0.pkl,5,60,70,1.0,0.814233441162433,0.9405782896348934,0.8728575083141469,0.8087036643277341,0.9302135985651394,0.8652132701421801,55,28
1,320,dt_seed1_d5_s80_l40_w0.6.pkl,5,80,40,0.6,0.8401897801614899,0.8732847341337907,0.8564176504160284,0.8424414478353442,0.8709440730474483,0.8564556860544354,61,31
1,321,dt_seed1_d5_s80_l40_w0.7.pkl,5,80,40,0.7,0.8393948210648822,0.883668218573879,0.8609627264317049,0.8370364635751335,0.8814609489646177,0.8586745026406702,61,31
1,322,dt_seed1_d5_s80_l40_w0.8.pkl,5,80,40,0.8,0.83828125,0.8873744180347954,0.8621295083918581,0.8353348729792148,0.8846404695907386,0.8592809629394995,59,30
1,323,dt_seed1_d5_s80_l40_w0.9.pkl,5,80,40,0.9,0.823990969660261,0.9167177162460182,0.8678845875018124,0.8236253149547947,0.9060818522745802,0.862888198757764,61,31
1,324,dt_seed1_d5_s80_l40_w1.0.pkl,5,80,40,1.0,0.8133904263473687,0.9425692232296006,0.8732282459102453,0.8072629645329942,0.931518017283548,0.8649507948523846,59,30
1,325,dt_seed1_d5_s80_l50_w0.6.pkl,5,80,50,0.6,0.8403978983411063,0.8720595442293555,0.855936025012777,0.842670881074674,0.8693950758193381,0.8558244051201798,59,30
1,326,dt_seed1_d5_s80_l50_w0.7.pkl,5,80,50,0.7,0.8394504758855547,0.883392550845381,0.8608611297664354,0.8371408657941609,0.8812978966248166,0.8586520513126018,61,31
1,327,dt_seed1_d5_s80_l50_w0.8.pkl,5,80,50,0.8,0.8383361796972241,0.8870987503062975,0.8620284247339832,0.8354381641768058,0.8844774172509375,0.8592586725803897,59,30
1,328,dt_seed1_d5_s80_l50_w0.9.pkl,5,80,50,0.9,0.8244897959183674,0.9157069345748591,0.8677076681952749,0.8241578869268438,0.9055926952551769,0.862958359229335,61,31
1,329,dt_seed1_d5_s80_l50_w1.0.pkl,5,80,50,1.0,0.8134020618556701,0.9425079637343788,0.8732086608587076,0.8072629645329942,0.931518017283548,0.8649507948523846,59,30
1,330,dt_seed1_d5_s80_l60_w0.6.pkl,5,80,60,0.6,0.839932777073444,0.8725802499387405,0.8559453166078269,0.842333807042476,0.8698027066688407,0.8558479063051501,59,30
1,331,dt_seed1_d5_s80_l60_w0.7.pkl,5,80,60,0.7,0.8397923774531245,0.8821061014457241,0.8604293332934972,0.8373176032288109,0.8795043208870047,0.8578926441351888,57,29
1,332,dt_seed1_d5_s80_l60_w0.8.pkl,5,80,60,0.8,0.8386741292810951,0.8858123009066405,0.8615989632211646,0.8356100949293818,0.8826838415131257,0.8585021607263212,55,28
1,333,dt_seed1_d5_s80_l60_w0.9.pkl,5,80,60,0.9,0.8244491630587651,0.91573756432247,0.8676989159930926,0.8240356083086053,0.9055926952551769,0.8628913229239493,59,30
1,334,dt_seed1_d5_s80_l60_w1.0.pkl,5,80,60,1.0,0.8138137343146079,0.9415890713060524,0.8730510351878674,0.8076950279369121,0.9310288602641448,0.8649876917250521,57,29
1,335,dt_seed1_d5_s80_l70_w0.6.pkl,5,80,70,0.6,0.8395138030490318,0.8737135506003431,0.8562723261189326,0.8420430361787656,0.8709440730474483,0.8562497495291147,59,30
1,336,dt_seed1_d5_s80_l70_w0.7.pkl,5,80,70,0.7,0.8392571245597182,0.8830862533692723,0.8606140206862584,0.8368058244907444,0.8808087396054133,0.8582436350637487,57,29
1,337,dt_seed1_d5_s80_l70_w0.8.pkl,5,80,70,0.8,0.8381437628463075,0.8867924528301887,0.8617820839100475,0.8351047443006777,0.8839882602315343,0.8588514851485148,55,28
1,338,dt_seed1_d5_s80_l70_w0.9.pkl,5,80,70,0.9,0.8249040134795459,0.9147267826513109,0.8674964779015555,0.8251301115241636,0.9047774335561716,0.8631202364286825,57,29
1,339,dt_seed1_d5_s80_l70_w1.0.pkl,5,80,70,1.0,0.814233441162433,0.9405782896348934,0.8728575083141469,0.8087036643277341,0.9302135985651394,0.8652132701421801,55,28
1,340,dt_seed1_d5_s100_l40_w0.6.pkl,5,100,40,0.6,0.8404167404521575,0.8721820632197991,0.8560048098602134,0.8426957414869243,0.8695581281591391,0.855916221963648,59,30
1,341,dt_seed1_d5_s100_l40_w0.7.pkl,5,100,40,0.7,0.8393948210648822,0.883668218573879,0.8609627264317049,0.8370364635751335,0.8814609489646177,0.8586745026406702,61,31
1,342,dt_seed1_d5_s100_l40_w0.8.pkl,5,100,40,0.8,0.83828125,0.8873744180347954,0.8621295083918581,0.8353348729792148,0.8846404695907386,0.8592809629394995,59,30
1,343,dt_seed1_d5_s100_l40_w0.9.pkl,5,100,40,0.9,0.823990969660261,0.9167177162460182,0.8678845875018124,0.8236253149547947,0.9060818522745802,0.862888198757764,61,31
1,344,dt_seed1_d5_s100_l40_w1.0.pkl,5,100,40,1.0,0.8133904263473687,0.9425692232296006,0.8732282459102453,0.8072629645329942,0.931518017283548,0.8649507948523846,59,30
1,345,dt_seed1_d5_s100_l50_w0.6.pkl,5,100,50,0.6,0.8403978983411063,0.8720595442293555,0.855936025012777,0.842670881074674,0.8693950758193381,0.8558244051201798,59,30
1,346,dt_seed1_d5_s100_l50_w0.7.pkl,5,100,50,0.7,0.8394504758855547,0.883392550845381,0.8608611297664354,0.8371408657941609,0.8812978966248166,0.8586520513126018,61,31
1,347,dt_seed1_d5_s100_l50_w0.8.pkl,5,100,50,0.8,0.8383361796972241,0.8870987503062975,0.8620284247339832,0.8354381641768058,0.8844774172509375,0.8592586725803897,59,30
1,348,dt_seed1_d5_s100_l50_w0.9.pkl,5,100,50,0.9,0.8244897959183674,0.9157069345748591,0.8677076681952749,0.8241578869268438,0.9055926952551769,0.862958359229335,61,31
1,349,dt_seed1_d5_s100_l50_w1.0.pkl,5,100,50,1.0,0.8134020618556701,0.9425079637343788,0.8732086608587076,0.8072629645329942,0.931518017283548,0.8649507948523846,59,30
1,350,dt_seed1_d5_s100_l60_w0.6.pkl,5,100,60,0.6,0.839932777073444,0.8725802499387405,0.8559453166078269,0.842333807042476,0.8698027066688407,0.8558479063051501,59,30
1,351,dt_seed1_d5_s100_l60_w0.7.pkl,5,100,60,0.7,0.8397923774531245,0.8821061014457241,0.8604293332934972,0.8373176032288109,0.8795043208870047,0.8578926441351888,57,29
1,352,dt_seed1_d5_s100_l60_w0.8.pkl,5,100,60,0.8,0.8386741292810951,0.8858123009066405,0.8615989632211646,0.8356100949293818,0.8826838415131257,0.8585021607263212,55,28
1,353,dt_seed1_d5_s100_l60_w0.9.pkl,5,100,60,0.9,0.8244491630587651,0.91573756432247,0.8676989159930926,0.8240356083086053,0.9055926952551769,0.8628913229239493,59,30
1,354,dt_seed1_d5_s100_l60_w1.0.pkl,5,100,60,1.0,0.8138137343146079,0.9415890713060524,0.8730510351878674,0.8076950279369121,0.9310288602641448,0.8649876917250521,57,29
1,355,dt_seed1_d5_s100_l70_w0.6.pkl,5,100,70,0.6,0.8395138030490318,0.8737135506003431,0.8562723261189326,0.8420430361787656,0.8709440730474483,0.8562497495291147,59,30
1,356,dt_seed1_d5_s100_l70_w0.7.pkl,5,100,70,0.7,0.8392571245597182,0.8830862533692723,0.8606140206862584,0.8368058244907444,0.8808087396054133,0.8582436350637487,57,29
1,357,dt_seed1_d5_s100_l70_w0.8.pkl,5,100,70,0.8,0.8381437628463075,0.8867924528301887,0.8617820839100475,0.8351047443006777,0.8839882602315343,0.8588514851485148,55,28
1,358,dt_seed1_d5_s100_l70_w0.9.pkl,5,100,70,0.9,0.8249040134795459,0.9147267826513109,0.8674964779015555,0.8251301115241636,0.9047774335561716,0.8631202364286825,57,29
1,359,dt_seed1_d5_s100_l70_w1.0.pkl,5,100,70,1.0,0.814233441162433,0.9405782896348934,0.8728575083141469,0.8087036643277341,0.9302135985651394,0.8652132701421801,55,28
2,360,dt_seed2_d3_s60_l40_w0.6.pkl,3,60,40,0.6,0.8118498541471738,0.8969595621769535,0.8522852025192119,0.8192816070495109,0.9124251497005988,0.8633484162895928,15,8
2,361,dt_seed2_d3_s60_l40_w0.7.pkl,3,60,40,0.7,0.8114934315396032,0.8977500760109456,0.8524452912985738,0.8191917685654637,0.9137558216899534,0.8638936939770404,15,8
2,362,dt_seed2_d3_s60_l40_w0.8.pkl,3,60,40,0.8,0.8114934315396032,0.8977500760109456,0.8524452912985738,0.8191917685654637,0.9137558216899534,0.8638936939770404,15,8
2,363,dt_seed2_d3_s60_l40_w0.9.pkl,3,60,40,0.9,0.8114934315396032,0.8977500760109456,0.8524452912985738,0.8191917685654637,0.9137558216899534,0.8638936939770404,15,8
2,364,dt_seed2_d3_s60_l40_w1.0.pkl,3,60,40,1.0,0.7870262905586113,0.9484037701429006,0.860211791958524,0.8040455120101138,0.9520958083832335,0.8718300205620287,15,8
2,365,dt_seed2_d3_s60_l50_w0.6.pkl,3,60,50,0.6,0.8118498541471738,0.8969595621769535,0.8522852025192119,0.8192816070495109,0.9124251497005988,0.8633484162895928,15,8
2,366,dt_seed2_d3_s60_l50_w0.7.pkl,3,60,50,0.7,0.8114934315396032,0.8977500760109456,0.8524452912985738,0.8191917685654637,0.9137558216899534,0.8638936939770404,15,8
2,367,dt_seed2_d3_s60_l50_w0.8.pkl,3,60,50,0.8,0.8114934315396032,0.8977500760109456,0.8524452912985738,0.8191917685654637,0.9137558216899534,0.8638936939770404,15,8
2,368,dt_seed2_d3_s60_l50_w0.9.pkl,3,60,50,0.9,0.8114934315396032,0.8977500760109456,0.8524452912985738,0.8191917685654637,0.9137558216899534,0.8638936939770404,15,8
2,369,dt_seed2_d3_s60_l50_w1.0.pkl,3,60,50,1.0,0.7870262905586113,0.9484037701429006,0.860211791958524,0.8040455120101138,0.9520958083832335,0.8718300205620287,15,8
2,370,dt_seed2_d3_s60_l60_w0.6.pkl,3,60,60,0.6,0.8118498541471738,0.8969595621769535,0.8522852025192119,0.8192816070495109,0.9124251497005988,0.8633484162895928,15,8
2,371,dt_seed2_d3_s60_l60_w0.7.pkl,3,60,60,0.7,0.8114934315396032,0.8977500760109456,0.8524452912985738,0.8191917685654637,0.9137558216899534,0.8638936939770404,15,8
2,372,dt_seed2_d3_s60_l60_w0.8.pkl,3,60,60,0.8,0.8114934315396032,0.8977500760109456,0.8524452912985738,0.8191917685654637,0.9137558216899534,0.8638936939770404,15,8
2,373,dt_seed2_d3_s60_l60_w0.9.pkl,3,60,60,0.9,0.8114934315396032,0.8977500760109456,0.8524452912985738,0.8191917685654637,0.9137558216899534,0.8638936939770404,15,8
2,374,dt_seed2_d3_s60_l60_w1.0.pkl,3,60,60,1.0,0.7870262905586113,0.9484037701429006,0.860211791958524,0.8040455120101138,0.9520958083832335,0.8718300205620287,15,8
2,375,dt_seed2_d3_s60_l70_w0.6.pkl,3,60,70,0.6,0.8118498541471738,0.8969595621769535,0.8522852025192119,0.8192816070495109,0.9124251497005988,0.8633484162895928,15,8
2,376,dt_seed2_d3_s60_l70_w0.7.pkl,3,60,70,0.7,0.8114934315396032,0.8977500760109456,0.8524452912985738,0.8191917685654637,0.9137558216899534,0.8638936939770404,15,8
2,377,dt_seed2_d3_s60_l70_w0.8.pkl,3,60,70,0.8,0.8114934315396032,0.8977500760109456,0.8524452912985738,0.8191917685654637,0.9137558216899534,0.8638936939770404,15,8
2,378,dt_seed2_d3_s60_l70_w0.9.pkl,3,60,70,0.9,0.8114934315396032,0.8977500760109456,0.8524452912985738,0.8191917685654637,0.9137558216899534,0.8638936939770404,15,8
2,379,dt_seed2_d3_s60_l70_w1.0.pkl,3,60,70,1.0,0.7870262905586113,0.9484037701429006,0.860211791958524,0.8040455120101138,0.9520958083832335,0.8718300205620287,15,8
2,380,dt_seed2_d3_s80_l40_w0.6.pkl,3,80,40,0.6,0.8118498541471738,0.8969595621769535,0.8522852025192119,0.8192816070495109,0.9124251497005988,0.8633484162895928,15,8
2,381,dt_seed2_d3_s80_l40_w0.7.pkl,3,80,40,0.7,0.8114934315396032,0.8977500760109456,0.8524452912985738,0.8191917685654637,0.9137558216899534,0.8638936939770404,15,8
2,382,dt_seed2_d3_s80_l40_w0.8.pkl,3,80,40,0.8,0.8114934315396032,0.8977500760109456,0.8524452912985738,0.8191917685654637,0.9137558216899534,0.8638936939770404,15,8
2,383,dt_seed2_d3_s80_l40_w0.9.pkl,3,80,40,0.9,0.8114934315396032,0.8977500760109456,0.8524452912985738,0.8191917685654637,0.9137558216899534,0.8638936939770404,15,8
2,384,dt_seed2_d3_s80_l40_w1.0.pkl,3,80,40,1.0,0.7870262905586113,0.9484037701429006,0.860211791958524,0.8040455120101138,0.9520958083832335,0.8718300205620287,15,8
2,385,dt_seed2_d3_s80_l50_w0.6.pkl,3,80,50,0.6,0.8118498541471738,0.8969595621769535,0.8522852025192119,0.8192816070495109,0.9124251497005988,0.8633484162895928,15,8
2,386,dt_seed2_d3_s80_l50_w0.7.pkl,3,80,50,0.7,0.8114934315396032,0.8977500760109456,0.8524452912985738,0.8191917685654637,0.9137558216899534,0.8638936939770404,15,8
2,387,dt_seed2_d3_s80_l50_w0.8.pkl,3,80,50,0.8,0.8114934315396032,0.8977500760109456,0.8524452912985738,0.8191917685654637,0.9137558216899534,0.8638936939770404,15,8
2,388,dt_seed2_d3_s80_l50_w0.9.pkl,3,80,50,0.9,0.8114934315396032,0.8977500760109456,0.8524452912985738,0.8191917685654637,0.9137558216899534,0.8638936939770404,15,8
2,389,dt_seed2_d3_s80_l50_w1.0.pkl,3,80,50,1.0,0.7870262905586113,0.9484037701429006,0.860211791958524,0.8040455120101138,0.9520958083832335,0.8718300205620287,15,8
2,390,dt_seed2_d3_s80_l60_w0.6.pkl,3,80,60,0.6,0.8118498541471738,0.8969595621769535,0.8522852025192119,0.8192816070495109,0.9124251497005988,0.8633484162895928,15,8
2,391,dt_seed2_d3_s80_l60_w0.7.pkl,3,80,60,0.7,0.8114934315396032,0.8977500760109456,0.8524452912985738,0.8191917685654637,0.9137558216899534,0.8638936939770404,15,8
2,392,dt_seed2_d3_s80_l60_w0.8.pkl,3,80,60,0.8,0.8114934315396032,0.8977500760109456,0.8524452912985738,0.8191917685654637,0.9137558216899534,0.8638936939770404,15,8
2,393,dt_seed2_d3_s80_l60_w0.9.pkl,3,80,60,0.9,0.8114934315396032,0.8977500760109456,0.8524452912985738,0.8191917685654637,0.9137558216899534,0.8638936939770404,15,8
2,394,dt_seed2_d3_s80_l60_w1.0.pkl,3,80,60,1.0,0.7870262905586113,0.9484037701429006,0.860211791958524,0.8040455120101138,0.9520958083832335,0.8718300205620287,15,8
2,395,dt_seed2_d3_s80_l70_w0.6.pkl,3,80,70,0.6,0.8118498541471738,0.8969595621769535,0.8522852025192119,0.8192816070495109,0.9124251497005988,0.8633484162895928,15,8
2,396,dt_seed2_d3_s80_l70_w0.7.pkl,3,80,70,0.7,0.8114934315396032,0.8977500760109456,0.8524452912985738,0.8191917685654637,0.9137558216899534,0.8638936939770404,15,8
2,397,dt_seed2_d3_s80_l70_w0.8.pkl,3,80,70,0.8,0.8114934315396032,0.8977500760109456,0.8524452912985738,0.8191917685654637,0.9137558216899534,0.8638936939770404,15,8
2,398,dt_seed2_d3_s80_l70_w0.9.pkl,3,80,70,0.9,0.8114934315396032,0.8977500760109456,0.8524452912985738,0.8191917685654637,0.9137558216899534,0.8638936939770404,15,8
2,399,dt_seed2_d3_s80_l70_w1.0.pkl,3,80,70,1.0,0.7870262905586113,0.9484037701429006,0.860211791958524,0.8040455120101138,0.9520958083832335,0.8718300205620287,15,8
2,400,dt_seed2_d3_s100_l40_w0.6.pkl,3,100,40,0.6,0.8118498541471738,0.8969595621769535,0.8522852025192119,0.8192816070495109,0.9124251497005988,0.8633484162895928,15,8
2,401,dt_seed2_d3_s100_l40_w0.7.pkl,3,100,40,0.7,0.8114934315396032,0.8977500760109456,0.8524452912985738,0.8191917685654637,0.9137558216899534,0.8638936939770404,15,8
2,402,dt_seed2_d3_s100_l40_w0.8.pkl,3,100,40,0.8,0.8114934315396032,0.8977500760109456,0.8524452912985738,0.8191917685654637,0.9137558216899534,0.8638936939770404,15,8
2,403,dt_seed2_d3_s100_l40_w0.9.pkl,3,100,40,0.9,0.8114934315396032,0.8977500760109456,0.8524452912985738,0.8191917685654637,0.9137558216899534,0.8638936939770404,15,8
2,404,dt_seed2_d3_s100_l40_w1.0.pkl,3,100,40,1.0,0.7870262905586113,0.9484037701429006,0.860211791958524,0.8040455120101138,0.9520958083832335,0.8718300205620287,15,8
2,405,dt_seed2_d3_s100_l50_w0.6.pkl,3,100,50,0.6,0.8118498541471738,0.8969595621769535,0.8522852025192119,0.8192816070495109,0.9124251497005988,0.8633484162895928,15,8
2,406,dt_seed2_d3_s100_l50_w0.7.pkl,3,100,50,0.7,0.8114934315396032,0.8977500760109456,0.8524452912985738,0.8191917685654637,0.9137558216899534,0.8638936939770404,15,8
2,407,dt_seed2_d3_s100_l50_w0.8.pkl,3,100,50,0.8,0.8114934315396032,0.8977500760109456,0.8524452912985738,0.8191917685654637,0.9137558216899534,0.8638936939770404,15,8
2,408,dt_seed2_d3_s100_l50_w0.9.pkl,3,100,50,0.9,0.8114934315396032,0.8977500760109456,0.8524452912985738,0.8191917685654637,0.9137558216899534,0.8638936939770404,15,8
2,409,dt_seed2_d3_s100_l50_w1.0.pkl,3,100,50,1.0,0.7870262905586113,0.9484037701429006,0.860211791958524,0.8040455120101138,0.9520958083832335,0.8718300205620287,15,8
2,410,dt_seed2_d3_s100_l60_w0.6.pkl,3,100,60,0.6,0.8118498541471738,0.8969595621769535,0.8522852025192119,0.8192816070495109,0.9124251497005988,0.8633484162895928,15,8
2,411,dt_seed2_d3_s100_l60_w0.7.pkl,3,100,60,0.7,0.8114934315396032,0.8977500760109456,0.8524452912985738,0.8191917685654637,0.9137558216899534,0.8638936939770404,15,8
2,412,dt_seed2_d3_s100_l60_w0.8.pkl,3,100,60,0.8,0.8114934315396032,0.8977500760109456,0.8524452912985738,0.8191917685654637,0.9137558216899534,0.8638936939770404,15,8
2,413,dt_seed2_d3_s100_l60_w0.9.pkl,3,100,60,0.9,0.8114934315396032,0.8977500760109456,0.8524452912985738,0.8191917685654637,0.9137558216899534,0.8638936939770404,15,8
2,414,dt_seed2_d3_s100_l60_w1.0.pkl,3,100,60,1.0,0.7870262905586113,0.9484037701429006,0.860211791958524,0.8040455120101138,0.9520958083832335,0.8718300205620287,15,8
2,415,dt_seed2_d3_s100_l70_w0.6.pkl,3,100,70,0.6,0.8118498541471738,0.8969595621769535,0.8522852025192119,0.8192816070495109,0.9124251497005988,0.8633484162895928,15,8
2,416,dt_seed2_d3_s100_l70_w0.7.pkl,3,100,70,0.7,0.8114934315396032,0.8977500760109456,0.8524452912985738,0.8191917685654637,0.9137558216899534,0.8638936939770404,15,8
2,417,dt_seed2_d3_s100_l70_w0.8.pkl,3,100,70,0.8,0.8114934315396032,0.8977500760109456,0.8524452912985738,0.8191917685654637,0.9137558216899534,0.8638936939770404,15,8
2,418,dt_seed2_d3_s100_l70_w0.9.pkl,3,100,70,0.9,0.8114934315396032,0.8977500760109456,0.8524452912985738,0.8191917685654637,0.9137558216899534,0.8638936939770404,15,8
2,419,dt_seed2_d3_s100_l70_w1.0.pkl,3,100,70,1.0,0.7870262905586113,0.9484037701429006,0.860211791958524,0.8040455120101138,0.9520958083832335,0.8718300205620287,15,8
2,420,dt_seed2_d4_s60_l40_w0.6.pkl,4,60,40,0.6,0.8270445620624893,0.8836728488902402,0.8544214487300094,0.8305032654629274,0.8989520958083832,0.8633731379048684,31,16
2,421,dt_seed2_d4_s60_l40_w0.7.pkl,4,60,40,0.7,0.8194836904337329,0.9082091821222256,0.8615681919787715,0.8279440517371033,0.9156686626746507,0.8695995576968644,31,16
2,422,dt_seed2_d4_s60_l40_w0.8.pkl,4,60,40,0.8,0.8174337175399875,0.9121009425357252,0.862176493411315,0.823463687150838,0.9194111776447106,0.868796416362136,31,16
2,423,dt_seed2_d4_s60_l40_w0.9.pkl,4,60,40,0.9,0.8128938829145325,0.9216175129218608,0.8638481597058949,0.8214153936978821,0.925731869594145,0.8704594330400782,31,16
2,424,dt_seed2_d4_s60_l40_w1.0.pkl,4,60,40,1.0,0.8074852195945946,0.9301915475828519,0.8645059199186188,0.8196230274693161,0.9330505655355955,0.8726664592408214,31,16
2,425,dt_seed2_d4_s60_l50_w0.6.pkl,4,60,50,0.6,0.8270445620624893,0.8836728488902402,0.8544214487300094,0.8305032654629274,0.8989520958083832,0.8633731379048684,31,16
2,426,dt_seed2_d4_s60_l50_w0.7.pkl,4,60,50,0.7,0.8194836904337329,0.9082091821222256,0.8615681919787715,0.8279440517371033,0.9156686626746507,0.8695995576968644,31,16
2,427,dt_seed2_d4_s60_l50_w0.8.pkl,4,60,50,0.8,0.8174337175399875,0.9121009425357252,0.862176493411315,0.823463687150838,0.9194111776447106,0.868796416362136,31,16
2,428,dt_seed2_d4_s60_l50_w0.9.pkl,4,60,50,0.9,0.8128938829145325,0.9216175129218608,0.8638481597058949,0.8214153936978821,0.925731869594145,0.8704594330400782,31,16
2,429,dt_seed2_d4_s60_l50_w1.0.pkl,4,60,50,1.0,0.8074852195945946,0.9301915475828519,0.8645059199186188,0.8196230274693161,0.9330505655355955,0.8726664592408214,31,16
2,430,dt_seed2_d4_s60_l60_w0.6.pkl,4,60,60,0.6,0.8270445620624893,0.8836728488902402,0.8544214487300094,0.8305032654629274,0.8989520958083832,0.8633731379048684,31,16
2,431,dt_seed2_d4_s60_l60_w0.7.pkl,4,60,60,0.7,0.8194836904337329,0.9082091821222256,0.8615681919787715,0.8279440517371033,0.9156686626746507,0.8695995576968644,31,16
2,432,dt_seed2_d4_s60_l60_w0.8.pkl,4,60,60,0.8,0.8174337175399875,0.9121009425357252,0.862176493411315,0.823463687150838,0.9194111776447106,0.868796416362136,31,16
2,433,dt_seed2_d4_s60_l60_w0.9.pkl,4,60,60,0.9,0.8128938829145325,0.9216175129218608,0.8638481597058949,0.8214153936978821,0.925731869594145,0.8704594330400782,31,16
2,434,dt_seed2_d4_s60_l60_w1.0.pkl,4,60,60,1.0,0.8074852195945946,0.9301915475828519,0.8645059199186188,0.8196230274693161,0.9330505655355955,0.8726664592408214,31,16
2,435,dt_seed2_d4_s60_l70_w0.6.pkl,4,60,70,0.6,0.8270445620624893,0.8836728488902402,0.8544214487300094,0.8305032654629274,0.8989520958083832,0.8633731379048684,31,16
2,436,dt_seed2_d4_s60_l70_w0.7.pkl,4,60,70,0.7,0.8194836904337329,0.9082091821222256,0.8615681919787715,0.8279440517371033,0.9156686626746507,0.8695995576968644,31,16
2,437,dt_seed2_d4_s60_l70_w0.8.pkl,4,60,70,0.8,0.8174337175399875,0.9121009425357252,0.862176493411315,0.823463687150838,0.9194111776447106,0.868796416362136,31,16
2,438,dt_seed2_d4_s60_l70_w0.9.pkl,4,60,70,0.9,0.8128938829145325,0.9216175129218608,0.8638481597058949,0.8214153936978821,0.925731869594145,0.8704594330400782,31,16
2,439,dt_seed2_d4_s60_l70_w1.0.pkl,4,60,70,1.0,0.8074852195945946,0.9301915475828519,0.8645059199186188,0.8196230274693161,0.9330505655355955,0.8726664592408214,31,16
2,440,dt_seed2_d4_s80_l40_w0.6.pkl,4,80,40,0.6,0.8270445620624893,0.8836728488902402,0.8544214487300094,0.8305032654629274,0.8989520958083832,0.8633731379048684,31,16
2,441,dt_seed2_d4_s80_l40_w0.7.pkl,4,80,40,0.7,0.8194836904337329,0.9082091821222256,0.8615681919787715,0.8279440517371033,0.9156686626746507,0.8695995576968644,31,16
2,442,dt_seed2_d4_s80_l40_w0.8.pkl,4,80,40,0.8,0.8174337175399875,0.9121009425357252,0.862176493411315,0.823463687150838,0.9194111776447106,0.868796416362136,31,16
2,443,dt_seed2_d4_s80_l40_w0.9.pkl,4,80,40,0.9,0.8128938829145325,0.9216175129218608,0.8638481597058949,0.8214153936978821,0.925731869594145,0.8704594330400782,31,16
2,444,dt_seed2_d4_s80_l40_w1.0.pkl,4,80,40,1.0,0.8074852195945946,0.9301915475828519,0.8645059199186188,0.8196230274693161,0.9330505655355955,0.8726664592408214,31,16
2,445,dt_seed2_d4_s80_l50_w0.6.pkl,4,80,50,0.6,0.8270445620624893,0.8836728488902402,0.8544214487300094,0.8305032654629274,0.8989520958083832,0.8633731379048684,31,16
2,446,dt_seed2_d4_s80_l50_w0.7.pkl,4,80,50,0.7,0.8194836904337329,0.9082091821222256,0.8615681919787715,0.8279440517371033,0.9156686626746507,0.8695995576968644,31,16
2,447,dt_seed2_d4_s80_l50_w0.8.pkl,4,80,50,0.8,0.8174337175399875,0.9121009425357252,0.862176493411315,0.823463687150838,0.9194111776447106,0.868796416362136,31,16
2,448,dt_seed2_d4_s80_l50_w0.9.pkl,4,80,50,0.9,0.8128938829145325,0.9216175129218608,0.8638481597058949,0.8214153936978821,0.925731869594145,0.8704594330400782,31,16
2,449,dt_seed2_d4_s80_l50_w1.0.pkl,4,80,50,1.0,0.8074852195945946,0.9301915475828519,0.8645059199186188,0.8196230274693161,0.9330505655355955,0.8726664592408214,31,16
2,450,dt_seed2_d4_s80_l60_w0.6.pkl,4,80,60,0.6,0.8270445620624893,0.8836728488902402,0.8544214487300094,0.8305032654629274,0.8989520958083832,0.8633731379048684,31,16
2,451,dt_seed2_d4_s80_l60_w0.7.pkl,4,80,60,0.7,0.8194836904337329,0.9082091821222256,0.8615681919787715,0.8279440517371033,0.9156686626746507,0.8695995576968644,31,16
2,452,dt_seed2_d4_s80_l60_w0.8.pkl,4,80,60,0.8,0.8174337175399875,0.9121009425357252,0.862176493411315,0.823463687150838,0.9194111776447106,0.868796416362136,31,16
2,453,dt_seed2_d4_s80_l60_w0.9.pkl,4,80,60,0.9,0.8128938829145325,0.9216175129218608,0.8638481597058949,0.8214153936978821,0.925731869594145,0.8704594330400782,31,16
2,454,dt_seed2_d4_s80_l60_w1.0.pkl,4,80,60,1.0,0.8074852195945946,0.9301915475828519,0.8645059199186188,0.8196230274693161,0.9330505655355955,0.8726664592408214,31,16
2,455,dt_seed2_d4_s80_l70_w0.6.pkl,4,80,70,0.6,0.8270445620624893,0.8836728488902402,0.8544214487300094,0.8305032654629274,0.8989520958083832,0.8633731379048684,31,16
2,456,dt_seed2_d4_s80_l70_w0.7.pkl,4,80,70,0.7,0.8194836904337329,0.9082091821222256,0.8615681919787715,0.8279440517371033,0.9156686626746507,0.8695995576968644,31,16
2,457,dt_seed2_d4_s80_l70_w0.8.pkl,4,80,70,0.8,0.8174337175399875,0.9121009425357252,0.862176493411315,0.823463687150838,0.9194111776447106,0.868796416362136,31,16
2,458,dt_seed2_d4_s80_l70_w0.9.pkl,4,80,70,0.9,0.8128938829145325,0.9216175129218608,0.8638481597058949,0.8214153936978821,0.925731869594145,0.8704594330400782,31,16
2,459,dt_seed2_d4_s80_l70_w1.0.pkl,4,80,70,1.0,0.8074852195945946,0.9301915475828519,0.8645059199186188,0.8196230274693161,0.9330505655355955,0.8726664592408214,31,16
2,460,dt_seed2_d4_s100_l40_w0.6.pkl,4,100,40,0.6,0.8270445620624893,0.8836728488902402,0.8544214487300094,0.8305032654629274,0.8989520958083832,0.8633731379048684,31,16
2,461,dt_seed2_d4_s100_l40_w0.7.pkl,4,100,40,0.7,0.8194836904337329,0.9082091821222256,0.8615681919787715,0.8279440517371033,0.9156686626746507,0.8695995576968644,31,16
2,462,dt_seed2_d4_s100_l40_w0.8.pkl,4,100,40,0.8,0.8174337175399875,0.9121009425357252,0.862176493411315,0.823463687150838,0.9194111776447106,0.868796416362136,31,16
2,463,dt_seed2_d4_s100_l40_w0.9.pkl,4,100,40,0.9,0.8128938829145325,0.9216175129218608,0.8638481597058949,0.8214153936978821,0.925731869594145,0.8704594330400782,31,16
2,464,dt_seed2_d4_s100_l40_w1.0.pkl,4,100,40,1.0,0.8074852195945946,0.9301915475828519,0.8645059199186188,0.8196230274693161,0.9330505655355955,0.8726664592408214,31,16
2,465,dt_seed2_d4_s100_l50_w0.6.pkl,4,100,50,0.6,0.8270445620624893,0.8836728488902402,0.8544214487300094,0.8305032654629274,0.8989520958083832,0.8633731379048684,31,16
2,466,dt_seed2_d4_s100_l50_w0.7.pkl,4,100,50,0.7,0.8194836904337329,0.9082091821222256,0.8615681919787715,0.8279440517371033,0.9156686626746507,0.8695995576968644,31,16
2,467,dt_seed2_d4_s100_l50_w0.8.pkl,4,100,50,0.8,0.8174337175399875,0.9121009425357252,0.862176493411315,0.823463687150838,0.9194111776447106,0.868796416362136,31,16
2,468,dt_seed2_d4_s100_l50_w0.9.pkl,4,100,50,0.9,0.8128938829145325,0.9216175129218608,0.8638481597058949,0.8214153936978821,0.925731869594145,0.8704594330400782,31,16
2,469,dt_seed2_d4_s100_l50_w1.0.pkl,4,100,50,1.0,0.8074852195945946,0.9301915475828519,0.8645059199186188,0.8196230274693161,0.9330505655355955,0.8726664592408214,31,16
2,470,dt_seed2_d4_s100_l60_w0.6.pkl,4,100,60,0.6,0.8270445620624893,0.8836728488902402,0.8544214487300094,0.8305032654629274,0.8989520958083832,0.8633731379048684,31,16
2,471,dt_seed2_d4_s100_l60_w0.7.pkl,4,100,60,0.7,0.8194836904337329,0.9082091821222256,0.8615681919787715,0.8279440517371033,0.9156686626746507,0.8695995576968644,31,16
2,472,dt_seed2_d4_s100_l60_w0.8.pkl,4,100,60,0.8,0.8174337175399875,0.9121009425357252,0.862176493411315,0.823463687150838,0.9194111776447106,0.868796416362136,31,16
2,473,dt_seed2_d4_s100_l60_w0.9.pkl,4,100,60,0.9,0.8128938829145325,0.9216175129218608,0.8638481597058949,0.8214153936978821,0.925731869594145,0.8704594330400782,31,16
2,474,dt_seed2_d4_s100_l60_w1.0.pkl,4,100,60,1.0,0.8074852195945946,0.9301915475828519,0.8645059199186188,0.8196230274693161,0.9330505655355955,0.8726664592408214,31,16
2,475,dt_seed2_d4_s100_l70_w0.6.pkl,4,100,70,0.6,0.8270445620624893,0.8836728488902402,0.8544214487300094,0.8305032654629274,0.8989520958083832,0.8633731379048684,31,16
2,476,dt_seed2_d4_s100_l70_w0.7.pkl,4,100,70,0.7,0.8194836904337329,0.9082091821222256,0.8615681919787715,0.8279440517371033,0.9156686626746507,0.8695995576968644,31,16
2,477,dt_seed2_d4_s100_l70_w0.8.pkl,4,100,70,0.8,0.8174337175399875,0.9121009425357252,0.862176493411315,0.823463687150838,0.9194111776447106,0.868796416362136,31,16
2,478,dt_seed2_d4_s100_l70_w0.9.pkl,4,100,70,0.9,0.8128938829145325,0.9216175129218608,0.8638481597058949,0.8214153936978821,0.925731869594145,0.8704594330400782,31,16
2,479,dt_seed2_d4_s100_l70_w1.0.pkl,4,100,70,1.0,0.8074852195945946,0.9301915475828519,0.8645059199186188,0.8196230274693161,0.9330505655355955,0.8726664592408214,31,16
2,480,dt_seed2_d5_s60_l40_w0.6.pkl,5,60,40,0.6,0.8328825458939978,0.8800851322590453,0.8558334811661049,0.8371330418488445,0.8917165668662674,0.8635631443298969,63,32
2,481,dt_seed2_d5_s60_l40_w0.7.pkl,5,60,40,0.7,0.8161470823341327,0.9312861051991487,0.8699233172394206,0.8226230465897474,0.93687624750499,0.8760401275371336,63,32
2,482,dt_seed2_d5_s60_l40_w0.8.pkl,5,60,40,0.8,0.8180202498922878,0.9236242018850714,0.8676205980635764,0.8238845530849654,0.9306387225548902,0.8740139029914864,63,32
2,483,dt_seed2_d5_s60_l40_w0.9.pkl,5,60,40,0.9,0.8188527249134948,0.920979020979021,0.8669185197905039,0.8235859519408503,0.9263972055888223,0.8719715057340797,63,32
2,484,dt_seed2_d5_s60_l40_w1.0.pkl,5,60,40,1.0,0.807427498435218,0.9413195500152022,0.8692478310918943,0.8180571593533488,0.9426979374584165,0.8759659969088099,63,32
2,485,dt_seed2_d5_s60_l50_w0.6.pkl,5,60,50,0.6,0.8330355599100916,0.8789297658862876,0.855367499112321,0.8371238765142633,0.8908017298735862,0.8631290543535195,63,32
2,486,dt_seed2_d5_s60_l50_w0.7.pkl,5,60,50,0.7,0.8160040503091025,0.9310732745515354,0.8697492118492431,0.8226230465897474,0.93687624750499,0.8760401275371336,63,32
2,487,dt_seed2_d5_s60_l50_w0.8.pkl,5,60,50,0.8,0.8178366588577429,0.9234417756156886,0.8674368457880531,0.8238845530849654,0.9306387225548902,0.8740139029914864,63,32
2,488,dt_seed2_d5_s60_l50_w0.9.pkl,5,60,50,0.9,0.8186683967237045,0.9207965947096381,0.8667343989239157,0.8235859519408503,0.9263972055888223,0.8719715057340797,63,32
2,489,dt_seed2_d5_s60_l50_w1.0.pkl,5,60,50,1.0,0.8072389694377803,0.9411979325022803,0.8690867233779724,0.8180571593533488,0.9426979374584165,0.8759659969088099,63,32
2,490,dt_seed2_d5_s60_l60_w0.6.pkl,5,60,60,0.6,0.8325851749539595,0.8797202797202798,0.855503976819136,0.836741064460746,0.8917165668662674,0.8633545374023673,63,32
2,491,dt_seed2_d5_s60_l60_w0.7.pkl,5,60,60,0.7,0.8158708164570454,0.9309212526603831,0.8696072027038542,0.8222627737226277,0.93687624750499,0.875835795366195,63,32
2,492,dt_seed2_d5_s60_l60_w0.8.pkl,5,60,60,0.8,0.8177289495651238,0.9233201581027668,0.8673226041384038,0.8235207536061231,0.9306387225548902,0.8738091519600187,63,32
2,493,dt_seed2_d5_s60_l60_w0.9.pkl,5,60,60,0.9,0.8185602681588409,0.9206749771967163,0.8666199218694103,0.8232207523464636,0.9263972055888223,0.8717667775386422,63,32
2,494,dt_seed2_d5_s60_l60_w1.0.pkl,5,60,60,1.0,0.8071035543849584,0.9410155062328975,0.8689304715246291,0.8176440885811151,0.9426979374584165,0.875729130451578,63,32
2,495,dt_seed2_d5_s60_l70_w0.6.pkl,5,60,70,0.6,0.8325851749539595,0.8797202797202798,0.855503976819136,0.836741064460746,0.8917165668662674,0.8633545374023673,63,32
2,496,dt_seed2_d5_s60_l70_w0.7.pkl,5,60,70,0.7,0.8158708164570454,0.9309212526603831,0.8696072027038542,0.8222627737226277,0.93687624750499,0.875835795366195,63,32
2,497,dt_seed2_d5_s60_l70_w0.8.pkl,5,60,70,0.8,0.8177289495651238,0.9233201581027668,0.8673226041384038,0.8235207536061231,0.9306387225548902,0.8738091519600187,63,32
2,498,dt_seed2_d5_s60_l70_w0.9.pkl,5,60,70,0.9,0.8185602681588409,0.9206749771967163,0.8666199218694103,0.8232207523464636,0.9263972055888223,0.8717667775386422,63,32
2,499,dt_seed2_d5_s60_l70_w1.0.pkl,5,60,70,1.0,0.8071035543849584,0.9410155062328975,0.8689304715246291,0.8176440885811151,0.9426979374584165,0.875729130451578,63,32
2,500,dt_seed2_d5_s80_l40_w0.6.pkl,5,80,40,0.6,0.8328825458939978,0.8800851322590453,0.8558334811661049,0.8371330418488445,0.8917165668662674,0.8635631443298969,63,32
2,501,dt_seed2_d5_s80_l40_w0.7.pkl,5,80,40,0.7,0.8161470823341327,0.9312861051991487,0.8699233172394206,0.8226230465897474,0.93687624750499,0.8760401275371336,63,32
2,502,dt_seed2_d5_s80_l40_w0.8.pkl,5,80,40,0.8,0.8180202498922878,0.9236242018850714,0.8676205980635764,0.8238845530849654,0.9306387225548902,0.8740139029914864,63,32
2,503,dt_seed2_d5_s80_l40_w0.9.pkl,5,80,40,0.9,0.8188527249134948,0.920979020979021,0.8669185197905039,0.8235859519408503,0.9263972055888223,0.8719715057340797,63,32
2,504,dt_seed2_d5_s80_l40_w1.0.pkl,5,80,40,1.0,0.807427498435218,0.9413195500152022,0.8692478310918943,0.8180571593533488,0.9426979374584165,0.8759659969088099,63,32
2,505,dt_seed2_d5_s80_l50_w0.6.pkl,5,80,50,0.6,0.8330355599100916,0.8789297658862876,0.855367499112321,0.8371238765142633,0.8908017298735862,0.8631290543535195,63,32
2,506,dt_seed2_d5_s80_l50_w0.7.pkl,5,80,50,0.7,0.8160040503091025,0.9310732745515354,0.8697492118492431,0.8226230465897474,0.93687624750499,0.8760401275371336,63,32
2,507,dt_seed2_d5_s80_l50_w0.8.pkl,5,80,50,0.8,0.8178366588577429,0.9234417756156886,0.8674368457880531,0.8238845530849654,0.9306387225548902,0.8740139029914864,63,32
2,508,dt_seed2_d5_s80_l50_w0.9.pkl,5,80,50,0.9,0.8186683967237045,0.9207965947096381,0.8667343989239157,0.8235859519408503,0.9263972055888223,0.8719715057340797,63,32
2,509,dt_seed2_d5_s80_l50_w1.0.pkl,5,80,50,1.0,0.8072389694377803,0.9411979325022803,0.8690867233779724,0.8180571593533488,0.9426979374584165,0.8759659969088099,63,32
2,510,dt_seed2_d5_s80_l60_w0.6.pkl,5,80,60,0.6,0.8325851749539595,0.8797202797202798,0.855503976819136,0.836741064460746,0.8917165668662674,0.8633545374023673,63,32
2,511,dt_seed2_d5_s80_l60_w0.7.pkl,5,80,60,0.7,0.8158708164570454,0.9309212526603831,0.8696072027038542,0.8222627737226277,0.93687624750499,0.875835795366195,63,32
2,512,dt_seed2_d5_s80_l60_w0.8.pkl,5,80,60,0.8,0.8177289495651238,0.9233201581027668,0.8673226041384038,0.8235207536061231,0.9306387225548902,0.8738091519600187,63,32
2,513,dt_seed2_d5_s80_l60_w0.9.pkl,5,80,60,0.9,0.8185602681588409,0.9206749771967163,0.8666199218694103,0.8232207523464636,0.9263972055888223,0.8717667775386422,63,32
2,514,dt_seed2_d5_s80_l60_w1.0.pkl,5,80,60,1.0,0.8071035543849584,0.9410155062328975,0.8689304715246291,0.8176440885811151,0.9426979374584165,0.875729130451578,63,32
2,515,dt_seed2_d5_s80_l70_w0.6.pkl,5,80,70,0.6,0.8325851749539595,0.8797202797202798,0.855503976819136,0.836741064460746,0.8917165668662674,0.8633545374023673,63,32
2,516,dt_seed2_d5_s80_l70_w0.7.pkl,5,80,70,0.7,0.8158708164570454,0.9309212526603831,0.8696072027038542,0.8222627737226277,0.93687624750499,0.875835795366195,63,32
2,517,dt_seed2_d5_s80_l70_w0.8.pkl,5,80,70,0.8,0.8177289495651238,0.9233201581027668,0.8673226041384038,0.8235207536061231,0.9306387225548902,0.8738091519600187,63,32
2,518,dt_seed2_d5_s80_l70_w0.9.pkl,5,80,70,0.9,0.8185602681588409,0.9206749771967163,0.8666199218694103,0.8232207523464636,0.9263972055888223,0.8717667775386422,63,32
2,519,dt_seed2_d5_s80_l70_w1.0.pkl,5,80,70,1.0,0.8071035543849584,0.9410155062328975,0.8689304715246291,0.8176440885811151,0.9426979374584165,0.875729130451578,63,32
2,520,dt_seed2_d5_s100_l40_w0.6.pkl,5,100,40,0.6,0.8328825458939978,0.8800851322590453,0.8558334811661049,0.8371330418488445,0.8917165668662674,0.8635631443298969,63,32
2,521,dt_seed2_d5_s100_l40_w0.7.pkl,5,100,40,0.7,0.8161470823341327,0.9312861051991487,0.8699233172394206,0.8226230465897474,0.93687624750499,0.8760401275371336,63,32
2,522,dt_seed2_d5_s100_l40_w0.8.pkl,5,100,40,0.8,0.8180202498922878,0.9236242018850714,0.8676205980635764,0.8238845530849654,0.9306387225548902,0.8740139029914864,63,32
2,523,dt_seed2_d5_s100_l40_w0.9.pkl,5,100,40,0.9,0.8188527249134948,0.920979020979021,0.8669185197905039,0.8235859519408503,0.9263972055888223,0.8719715057340797,63,32
2,524,dt_seed2_d5_s100_l40_w1.0.pkl,5,100,40,1.0,0.807427498435218,0.9413195500152022,0.8692478310918943,0.8180571593533488,0.9426979374584165,0.8759659969088099,63,32
2,525,dt_seed2_d5_s100_l50_w0.6.pkl,5,100,50,0.6,0.8330355599100916,0.8789297658862876,0.855367499112321,0.8371238765142633,0.8908017298735862,0.8631290543535195,63,32
2,526,dt_seed2_d5_s100_l50_w0.7.pkl,5,100,50,0.7,0.8160040503091025,0.9310732745515354,0.8697492118492431,0.8226230465897474,0.93687624750499,0.8760401275371336,63,32
2,527,dt_seed2_d5_s100_l50_w0.8.pkl,5,100,50,0.8,0.8178366588577429,0.9234417756156886,0.8674368457880531,0.8238845530849654,0.9306387225548902,0.8740139029914864,63,32
2,528,dt_seed2_d5_s100_l50_w0.9.pkl,5,100,50,0.9,0.8186683967237045,0.9207965947096381,0.8667343989239157,0.8235859519408503,0.9263972055888223,0.8719715057340797,63,32
2,529,dt_seed2_d5_s100_l50_w1.0.pkl,5,100,50,1.0,0.8072389694377803,0.9411979325022803,0.8690867233779724,0.8180571593533488,0.9426979374584165,0.8759659969088099,63,32
2,530,dt_seed2_d5_s100_l60_w0.6.pkl,5,100,60,0.6,0.8325851749539595,0.8797202797202798,0.855503976819136,0.836741064460746,0.8917165668662674,0.8633545374023673,63,32
2,531,dt_seed2_d5_s100_l60_w0.7.pkl,5,100,60,0.7,0.8158708164570454,0.9309212526603831,0.8696072027038542,0.8222627737226277,0.93687624750499,0.875835795366195,63,32
2,532,dt_seed2_d5_s100_l60_w0.8.pkl,5,100,60,0.8,0.8177289495651238,0.9233201581027668,0.8673226041384038,0.8235207536061231,0.9306387225548902,0.8738091519600187,63,32
2,533,dt_seed2_d5_s100_l60_w0.9.pkl,5,100,60,0.9,0.8185602681588409,0.9206749771967163,0.8666199218694103,0.8232207523464636,0.9263972055888223,0.8717667775386422,63,32
2,534,dt_seed2_d5_s100_l60_w1.0.pkl,5,100,60,1.0,0.8071035543849584,0.9410155062328975,0.8689304715246291,0.8176440885811151,0.9426979374584165,0.875729130451578,63,32
2,535,dt_seed2_d5_s100_l70_w0.6.pkl,5,100,70,0.6,0.8325851749539595,0.8797202797202798,0.855503976819136,0.836741064460746,0.8917165668662674,0.8633545374023673,63,32
2,536,dt_seed2_d5_s100_l70_w0.7.pkl,5,100,70,0.7,0.8158708164570454,0.9309212526603831,0.8696072027038542,0.8222627737226277,0.93687624750499,0.875835795366195,63,32
2,537,dt_seed2_d5_s100_l70_w0.8.pkl,5,100,70,0.8,0.8177289495651238,0.9233201581027668,0.8673226041384038,0.8235207536061231,0.9306387225548902,0.8738091519600187,63,32
2,538,dt_seed2_d5_s100_l70_w0.9.pkl,5,100,70,0.9,0.8185602681588409,0.9206749771967163,0.8666199218694103,0.8232207523464636,0.9263972055888223,0.8717667775386422,63,32
2,539,dt_seed2_d5_s100_l70_w1.0.pkl,5,100,70,1.0,0.8071035543849584,0.9410155062328975,0.8689304715246291,0.8176440885811151,0.9426979374584165,0.875729130451578,63,32
3,540,dt_seed3_d3_s60_l40_w0.6.pkl,3,60,40,0.6,0.8159429358027781,0.9047790852575488,0.8580678273915275,0.8086360227150969,0.8496960144111687,0.828657699698051,15,8
3,541,dt_seed3_d3_s60_l40_w0.7.pkl,3,60,40,0.7,0.8096395498626741,0.9244837921847247,0.86325882734046,0.8078336658615982,0.8661337536590857,0.8359684868242325,15,8
3,542,dt_seed3_d3_s60_l40_w0.8.pkl,3,60,40,0.8,0.8096395498626741,0.9244837921847247,0.86325882734046,0.8078336658615982,0.8661337536590857,0.8359684868242325,15,8
3,543,dt_seed3_d3_s60_l40_w0.9.pkl,3,60,40,0.9,0.8078603674287231,0.9287300177619894,0.8640888257698018,0.8058242329693188,0.8723260526908354,0.837757474185003,15,8
3,544,dt_seed3_d3_s60_l40_w1.0.pkl,3,60,40,1.0,0.8068673655862268,0.9312833037300178,0.8646225199690801,0.8047796399751707,0.8758162575996398,0.8387966357558766,15,8
3,545,dt_seed3_d3_s60_l50_w0.6.pkl,3,60,50,0.6,0.8159429358027781,0.9047790852575488,0.8580678273915275,0.8086360227150969,0.8496960144111687,0.828657699698051,15,8
3,546,dt_seed3_d3_s60_l50_w0.7.pkl,3,60,50,0.7,0.8096395498626741,0.9244837921847247,0.86325882734046,0.8078336658615982,0.8661337536590857,0.8359684868242325,15,8
3,547,dt_seed3_d3_s60_l50_w0.8.pkl,3,60,50,0.8,0.8096395498626741,0.9244837921847247,0.86325882734046,0.8078336658615982,0.8661337536590857,0.8359684868242325,15,8
3,548,dt_seed3_d3_s60_l50_w0.9.pkl,3,60,50,0.9,0.8078603674287231,0.9287300177619894,0.8640888257698018,0.8058242329693188,0.8723260526908354,0.837757474185003,15,8
3,549,dt_seed3_d3_s60_l50_w1.0.pkl,3,60,50,1.0,0.8068673655862268,0.9312833037300178,0.8646225199690801,0.8047796399751707,0.8758162575996398,0.8387966357558766,15,8
3,550,dt_seed3_d3_s60_l60_w0.6.pkl,3,60,60,0.6,0.8159429358027781,0.9047790852575488,0.8580678273915275,0.8086360227150969,0.8496960144111687,0.828657699698051,15,8
3,551,dt_seed3_d3_s60_l60_w0.7.pkl,3,60,60,0.7,0.8096395498626741,0.9244837921847247,0.86325882734046,0.8078336658615982,0.8661337536590857,0.8359684868242325,15,8
3,552,dt_seed3_d3_s60_l60_w0.8.pkl,3,60,60,0.8,0.8096395498626741,0.9244837921847247,0.86325882734046,0.8078336658615982,0.8661337536590857,0.8359684868242325,15,8
3,553,dt_seed3_d3_s60_l60_w0.9.pkl,3,60,60,0.9,0.8078603674287231,0.9287300177619894,0.8640888257698018,0.8058242329693188,0.8723260526908354,0.837757474185003,15,8
3,554,dt_seed3_d3_s60_l60_w1.0.pkl,3,60,60,1.0,0.8068673655862268,0.9312833037300178,0.8646225199690801,0.8047796399751707,0.8758162575996398,0.8387966357558766,15,8
3,555,dt_seed3_d3_s60_l70_w0.6.pkl,3,60,70,0.6,0.8159429358027781,0.9047790852575488,0.8580678273915275,0.8086360227150969,0.8496960144111687,0.828657699698051,15,8
3,556,dt_seed3_d3_s60_l70_w0.7.pkl,3,60,70,0.7,0.8096395498626741,0.9244837921847247,0.86325882734046,0.8078336658615982,0.8661337536590857,0.8359684868242325,15,8
3,557,dt_seed3_d3_s60_l70_w0.8.pkl,3,60,70,0.8,0.8096395498626741,0.9244837921847247,0.86325882734046,0.8078336658615982,0.8661337536590857,0.8359684868242325,15,8
3,558,dt_seed3_d3_s60_l70_w0.9.pkl,3,60,70,0.9,0.8078603674287231,0.9287300177619894,0.8640888257698018,0.8058242329693188,0.8723260526908354,0.837757474185003,15,8
3,559,dt_seed3_d3_s60_l70_w1.0.pkl,3,60,70,1.0,0.8068673655862268,0.9312833037300178,0.8646225199690801,0.8047796399751707,0.8758162575996398,0.8387966357558766,15,8
3,560,dt_seed3_d3_s80_l40_w0.6.pkl,3,80,40,0.6,0.8159429358027781,0.9047790852575488,0.8580678273915275,0.8086360227150969,0.8496960144111687,0.828657699698051,15,8
3,561,dt_seed3_d3_s80_l40_w0.7.pkl,3,80,40,0.7,0.8096395498626741,0.9244837921847247,0.86325882734046,0.8078336658615982,0.8661337536590857,0.8359684868242325,15,8
3,562,dt_seed3_d3_s80_l40_w0.8.pkl,3,80,40,0.8,0.8096395498626741,0.9244837921847247,0.86325882734046,0.8078336658615982,0.8661337536590857,0.8359684868242325,15,8
3,563,dt_seed3_d3_s80_l40_w0.9.pkl,3,80,40,0.9,0.8078603674287231,0.9287300177619894,0.8640888257698018,0.8058242329693188,0.8723260526908354,0.837757474185003,15,8
3,564,dt_seed3_d3_s80_l40_w1.0.pkl,3,80,40,1.0,0.8068673655862268,0.9312833037300178,0.8646225199690801,0.8047796399751707,0.8758162575996398,0.8387966357558766,15,8
3,565,dt_seed3_d3_s80_l50_w0.6.pkl,3,80,50,0.6,0.8159429358027781,0.9047790852575488,0.8580678273915275,0.8086360227150969,0.8496960144111687,0.828657699698051,15,8
3,566,dt_seed3_d3_s80_l50_w0.7.pkl,3,80,50,0.7,0.8096395498626741,0.9244837921847247,0.86325882734046,0.8078336658615982,0.8661337536590857,0.8359684868242325,15,8
3,567,dt_seed3_d3_s80_l50_w0.8.pkl,3,80,50,0.8,0.8096395498626741,0.9244837921847247,0.86325882734046,0.8078336658615982,0.8661337536590857,0.8359684868242325,15,8
3,568,dt_seed3_d3_s80_l50_w0.9.pkl,3,80,50,0.9,0.8078603674287231,0.9287300177619894,0.8640888257698018,0.8058242329693188,0.8723260526908354,0.837757474185003,15,8
3,569,dt_seed3_d3_s80_l50_w1.0.pkl,3,80,50,1.0,0.8068673655862268,0.9312833037300178,0.8646225199690801,0.8047796399751707,0.8758162575996398,0.8387966357558766,15,8
3,570,dt_seed3_d3_s80_l60_w0.6.pkl,3,80,60,0.6,0.8159429358027781,0.9047790852575488,0.8580678273915275,0.8086360227150969,0.8496960144111687,0.828657699698051,15,8
3,571,dt_seed3_d3_s80_l60_w0.7.pkl,3,80,60,0.7,0.8096395498626741,0.9244837921847247,0.86325882734046,0.8078336658615982,0.8661337536590857,0.8359684868242325,15,8
3,572,dt_seed3_d3_s80_l60_w0.8.pkl,3,80,60,0.8,0.8096395498626741,0.9244837921847247,0.86325882734046,0.8078336658615982,0.8661337536590857,0.8359684868242325,15,8
3,573,dt_seed3_d3_s80_l60_w0.9.pkl,3,80,60,0.9,0.8078603674287231,0.9287300177619894,0.8640888257698018,0.8058242329693188,0.8723260526908354,0.837757474185003,15,8
3,574,dt_seed3_d3_s80_l60_w1.0.pkl,3,80,60,1.0,0.8068673655862268,0.9312833037300178,0.8646225199690801,0.8047796399751707,0.8758162575996398,0.8387966357558766,15,8
3,575,dt_seed3_d3_s80_l70_w0.6.pkl,3,80,70,0.6,0.8159429358027781,0.9047790852575488,0.8580678273915275,0.8086360227150969,0.8496960144111687,0.828657699698051,15,8
3,576,dt_seed3_d3_s80_l70_w0.7.pkl,3,80,70,0.7,0.8096395498626741,0.9244837921847247,0.86325882734046,0.8078336658615982,0.8661337536590857,0.8359684868242325,15,8
3,577,dt_seed3_d3_s80_l70_w0.8.pkl,3,80,70,0.8,0.8096395498626741,0.9244837921847247,0.86325882734046,0.8078336658615982,0.8661337536590857,0.8359684868242325,15,8
3,578,dt_seed3_d3_s80_l70_w0.9.pkl,3,80,70,0.9,0.8078603674287231,0.9287300177619894,0.8640888257698018,0.8058242329693188,0.8723260526908354,0.837757474185003,15,8
3,579,dt_seed3_d3_s80_l70_w1.0.pkl,3,80,70,1.0,0.8068673655862268,0.9312833037300178,0.8646225199690801,0.8047796399751707,0.8758162575996398,0.8387966357558766,15,8
3,580,dt_seed3_d3_s100_l40_w0.6.pkl,3,100,40,0.6,0.8159429358027781,0.9047790852575488,0.8580678273915275,0.8086360227150969,0.8496960144111687,0.828657699698051,15,8
3,581,dt_seed3_d3_s100_l40_w0.7.pkl,3,100,40,0.7,0.8096395498626741,0.9244837921847247,0.86325882734046,0.8078336658615982,0.8661337536590857,0.8359684868242325,15,8
3,582,dt_seed3_d3_s100_l40_w0.8.pkl,3,100,40,0.8,0.8096395498626741,0.9244837921847247,0.86325882734046,0.8078336658615982,0.8661337536590857,0.8359684868242325,15,8
3,583,dt_seed3_d3_s100_l40_w0.9.pkl,3,100,40,0.9,0.8078603674287231,0.9287300177619894,0.8640888257698018,0.8058242329693188,0.8723260526908354,0.837757474185003,15,8
3,584,dt_seed3_d3_s100_l40_w1.0.pkl,3,100,40,1.0,0.8068673655862268,0.9312833037300178,0.8646225199690801,0.8047796399751707,0.8758162575996398,0.8387966357558766,15,8
3,585,dt_seed3_d3_s100_l50_w0.6.pkl,3,100,50,0.6,0.8159429358027781,0.9047790852575488,0.8580678273915275,0.8086360227150969,0.8496960144111687,0.828657699698051,15,8
3,586,dt_seed3_d3_s100_l50_w0.7.pkl,3,100,50,0.7,0.8096395498626741,0.9244837921847247,0.86325882734046,0.8078336658615982,0.8661337536590857,0.8359684868242325,15,8
3,587,dt_seed3_d3_s100_l50_w0.8.pkl,3,100,50,0.8,0.8096395498626741,0.9244837921847247,0.86325882734046,0.8078336658615982,0.8661337536590857,0.8359684868242325,15,8
3,588,dt_seed3_d3_s100_l50_w0.9.pkl,3,100,50,0.9,0.8078603674287231,0.9287300177619894,0.8640888257698018,0.8058242329693188,0.8723260526908354,0.837757474185003,15,8
3,589,dt_seed3_d3_s100_l50_w1.0.pkl,3,100,50,1.0,0.8068673655862268,0.9312833037300178,0.8646225199690801,0.8047796399751707,0.8758162575996398,0.8387966357558766,15,8
3,590,dt_seed3_d3_s100_l60_w0.6.pkl,3,100,60,0.6,0.8159429358027781,0.9047790852575488,0.8580678273915275,0.8086360227150969,0.8496960144111687,0.828657699698051,15,8
3,591,dt_seed3_d3_s100_l60_w0.7.pkl,3,100,60,0.7,0.8096395498626741,0.9244837921847247,0.86325882734046,0.8078336658615982,0.8661337536590857,0.8359684868242325,15,8
3,592,dt_seed3_d3_s100_l60_w0.8.pkl,3,100,60,0.8,0.8096395498626741,0.9244837921847247,0.86325882734046,0.8078336658615982,0.8661337536590857,0.8359684868242325,15,8
3,593,dt_seed3_d3_s100_l60_w0.9.pkl,3,100,60,0.9,0.8078603674287231,0.9287300177619894,0.8640888257698018,0.8058242329693188,0.8723260526908354,0.837757474185003,15,8
3,594,dt_seed3_d3_s100_l60_w1.0.pkl,3,100,60,1.0,0.8068673655862268,0.9312833037300178,0.8646225199690801,0.8047796399751707,0.8758162575996398,0.8387966357558766,15,8
3,595,dt_seed3_d3_s100_l70_w0.6.pkl,3,100,70,0.6,0.8159429358027781,0.9047790852575488,0.8580678273915275,0.8086360227150969,0.8496960144111687,0.828657699698051,15,8
3,596,dt_seed3_d3_s100_l70_w0.7.pkl,3,100,70,0.7,0.8096395498626741,0.9244837921847247,0.86325882734046,0.8078336658615982,0.8661337536590857,0.8359684868242325,15,8
3,597,dt_seed3_d3_s100_l70_w0.8.pkl,3,100,70,0.8,0.8096395498626741,0.9244837921847247,0.86325882734046,0.8078336658615982,0.8661337536590857,0.8359684868242325,15,8
3,598,dt_seed3_d3_s100_l70_w0.9.pkl,3,100,70,0.9,0.8078603674287231,0.9287300177619894,0.8640888257698018,0.8058242329693188,0.8723260526908354,0.837757474185003,15,8
3,599,dt_seed3_d3_s100_l70_w1.0.pkl,3,100,70,1.0,0.8068673655862268,0.9312833037300178,0.8646225199690801,0.8047796399751707,0.8758162575996398,0.8387966357558766,15,8
3,600,dt_seed3_d4_s60_l40_w0.6.pkl,4,60,40,0.6,0.8250414593698175,0.9112733126110124,0.8660160886192799,0.8149860245108579,0.8535239810853411,0.8338099428068632,31,16
3,601,dt_seed3_d4_s60_l40_w0.7.pkl,4,60,40,0.7,0.8217127511438234,0.9171292184724689,0.8668030636869164,0.8119821542383684,0.8606169781580725,0.8355924792304329,31,16
3,602,dt_seed3_d4_s60_l40_w0.8.pkl,4,60,40,0.8,0.8227608218631558,0.9157415630550622,0.8667647367868025,0.8131657435023434,0.8594911056068453,0.8356869184455391,31,16
3,603,dt_seed3_d4_s60_l40_w0.9.pkl,4,60,40,0.9,0.815243946687308,0.9353630106571936,0.8711824538275625,0.804868154158215,0.8934924566539068,0.8468679970120585,31,16
3,604,dt_seed3_d4_s60_l40_w1.0.pkl,4,60,40,1.0,0.8157805703238279,0.9368616785079928,0.8721386865085516,0.8029506871463218,0.894618329205134,0.8463095111300458,31,16
3,605,dt_seed3_d4_s60_l50_w0.6.pkl,4,60,50,0.6,0.8250414593698175,0.9112733126110124,0.8660160886192799,0.8149860245108579,0.8535239810853411,0.8338099428068632,31,16
3,606,dt_seed3_d4_s60_l50_w0.7.pkl,4,60,50,0.7,0.8217127511438234,0.9171292184724689,0.8668030636869164,0.8119821542383684,0.8606169781580725,0.8355924792304329,31,16
3,607,dt_seed3_d4_s60_l50_w0.8.pkl,4,60,50,0.8,0.8227608218631558,0.9157415630550622,0.8667647367868025,0.8131657435023434,0.8594911056068453,0.8356869184455391,31,16
3,608,dt_seed3_d4_s60_l50_w0.9.pkl,4,60,50,0.9,0.815243946687308,0.9353630106571936,0.8711824538275625,0.804868154158215,0.8934924566539068,0.8468679970120585,31,16
3,609,dt_seed3_d4_s60_l50_w1.0.pkl,4,60,50,1.0,0.8157805703238279,0.9368616785079928,0.8721386865085516,0.8029506871463218,0.894618329205134,0.8463095111300458,31,16
3,610,dt_seed3_d4_s60_l60_w0.6.pkl,4,60,60,0.6,0.8250414593698175,0.9112733126110124,0.8660160886192799,0.8149860245108579,0.8535239810853411,0.8338099428068632,31,16
3,611,dt_seed3_d4_s60_l60_w0.7.pkl,4,60,60,0.7,0.8217127511438234,0.9171292184724689,0.8668030636869164,0.8119821542383684,0.8606169781580725,0.8355924792304329,31,16
3,612,dt_seed3_d4_s60_l60_w0.8.pkl,4,60,60,0.8,0.8227608218631558,0.9157415630550622,0.8667647367868025,0.8131657435023434,0.8594911056068453,0.8356869184455391,31,16
3,613,dt_seed3_d4_s60_l60_w0.9.pkl,4,60,60,0.9,0.815243946687308,0.9353630106571936,0.8711824538275625,0.804868154158215,0.8934924566539068,0.8468679970120585,31,16
3,614,dt_seed3_d4_s60_l60_w1.0.pkl,4,60,60,1.0,0.8157805703238279,0.9368616785079928,0.8721386865085516,0.8029506871463218,0.894618329205134,0.8463095111300458,31,16
3,615,dt_seed3_d4_s60_l70_w0.6.pkl,4,60,70,0.6,0.8250414593698175,0.9112733126110124,0.8660160886192799,0.8149860245108579,0.8535239810853411,0.8338099428068632,31,16
3,616,dt_seed3_d4_s60_l70_w0.7.pkl,4,60,70,0.7,0.8217127511438234,0.9171292184724689,0.8668030636869164,0.8119821542383684,0.8606169781580725,0.8355924792304329,31,16
3,617,dt_seed3_d4_s60_l70_w0.8.pkl,4,60,70,0.8,0.8227608218631558,0.9157415630550622,0.8667647367868025,0.8131657435023434,0.8594911056068453,0.8356869184455391,31,16
3,618,dt_seed3_d4_s60_l70_w0.9.pkl,4,60,70,0.9,0.815243946687308,0.9353630106571936,0.8711824538275625,0.804868154158215,0.8934924566539068,0.8468679970120585,31,16
3,619,dt_seed3_d4_s60_l70_w1.0.pkl,4,60,70,1.0,0.8157805703238279,0.9368616785079928,0.8721386865085516,0.8029506871463218,0.894618329205134,0.8463095111300458,31,16
3,620,dt_seed3_d4_s80_l40_w0.6.pkl,4,80,40,0.6,0.8250414593698175,0.9112733126110124,0.8660160886192799,0.8149860245108579,0.8535239810853411,0.8338099428068632,31,16
3,621,dt_seed3_d4_s80_l40_w0.7.pkl,4,80,40,0.7,0.8217127511438234,0.9171292184724689,0.8668030636869164,0.8119821542383684,0.8606169781580725,0.8355924792304329,31,16
3,622,dt_seed3_d4_s80_l40_w0.8.pkl,4,80,40,0.8,0.8227608218631558,0.9157415630550622,0.8667647367868025,0.8131657435023434,0.8594911056068453,0.8356869184455391,31,16
3,623,dt_seed3_d4_s80_l40_w0.9.pkl,4,80,40,0.9,0.815243946687308,0.9353630106571936,0.8711824538275625,0.804868154158215,0.8934924566539068,0.8468679970120585,31,16
3,624,dt_seed3_d4_s80_l40_w1.0.pkl,4,80,40,1.0,0.8157805703238279,0.9368616785079928,0.8721386865085516,0.8029506871463218,0.894618329205134,0.8463095111300458,31,16
3,625,dt_seed3_d4_s80_l50_w0.6.pkl,4,80,50,0.6,0.8250414593698175,0.9112733126110124,0.8660160886192799,0.8149860245108579,0.8535239810853411,0.8338099428068632,31,16
3,626,dt_seed3_d4_s80_l50_w0.7.pkl,4,80,50,0.7,0.8217127511438234,0.9171292184724689,0.8668030636869164,0.8119821542383684,0.8606169781580725,0.8355924792304329,31,16
3,627,dt_seed3_d4_s80_l50_w0.8.pkl,4,80,50,0.8,0.8227608218631558,0.9157415630550622,0.8667647367868025,0.8131657435023434,0.8594911056068453,0.8356869184455391,31,16
3,628,dt_seed3_d4_s80_l50_w0.9.pkl,4,80,50,0.9,0.815243946687308,0.9353630106571936,0.8711824538275625,0.804868154158215,0.8934924566539068,0.8468679970120585,31,16
3,629,dt_seed3_d4_s80_l50_w1.0.pkl,4,80,50,1.0,0.8157805703238279,0.9368616785079928,0.8721386865085516,0.8029506871463218,0.894618329205134,0.8463095111300458,31,16
3,630,dt_seed3_d4_s80_l60_w0.6.pkl,4,80,60,0.6,0.8250414593698175,0.9112733126110124,0.8660160886192799,0.8149860245108579,0.8535239810853411,0.8338099428068632,31,16
3,631,dt_seed3_d4_s80_l60_w0.7.pkl,4,80,60,0.7,0.8217127511438234,0.9171292184724689,0.8668030636869164,0.8119821542383684,0.8606169781580725,0.8355924792304329,31,16
3,632,dt_seed3_d4_s80_l60_w0.8.pkl,4,80,60,0.8,0.8227608218631558,0.9157415630550622,0.8667647367868025,0.8131657435023434,0.8594911056068453,0.8356869184455391,31,16
3,633,dt_seed3_d4_s80_l60_w0.9.pkl,4,80,60,0.9,0.815243946687308,0.9353630106571936,0.8711824538275625,0.804868154158215,0.8934924566539068,0.8468679970120585,31,16
3,634,dt_seed3_d4_s80_l60_w1.0.pkl,4,80,60,1.0,0.8157805703238279,0.9368616785079928,0.8721386865085516,0.8029506871463218,0.894618329205134,0.8463095111300458,31,16
3,635,dt_seed3_d4_s80_l70_w0.6.pkl,4,80,70,0.6,0.8250414593698175,0.9112733126110124,0.8660160886192799,0.8149860245108579,0.8535239810853411,0.8338099428068632,31,16
3,636,dt_seed3_d4_s80_l70_w0.7.pkl,4,80,70,0.7,0.8217127511438234,0.9171292184724689,0.8668030636869164,0.8119821542383684,0.8606169781580725,0.8355924792304329,31,16
3,637,dt_seed3_d4_s80_l70_w0.8.pkl,4,80,70,0.8,0.8227608218631558,0.9157415630550622,0.8667647367868025,0.8131657435023434,0.8594911056068453,0.8356869184455391,31,16
3,638,dt_seed3_d4_s80_l70_w0.9.pkl,4,80,70,0.9,0.815243946687308,0.9353630106571936,0.8711824538275625,0.804868154158215,0.8934924566539068,0.8468679970120585,31,16
3,639,dt_seed3_d4_s80_l70_w1.0.pkl,4,80,70,1.0,0.8157805703238279,0.9368616785079928,0.8721386865085516,0.8029506871463218,0.894618329205134,0.8463095111300458,31,16
3,640,dt_seed3_d4_s100_l40_w0.6.pkl,4,100,40,0.6,0.8250414593698175,0.9112733126110124,0.8660160886192799,0.8149860245108579,0.8535239810853411,0.8338099428068632,31,16
3,641,dt_seed3_d4_s100_l40_w0.7.pkl,4,100,40,0.7,0.8217127511438234,0.9171292184724689,0.8668030636869164,0.8119821542383684,0.8606169781580725,0.8355924792304329,31,16
3,642,dt_seed3_d4_s100_l40_w0.8.pkl,4,100,40,0.8,0.8227608218631558,0.9157415630550622,0.8667647367868025,0.8131657435023434,0.8594911056068453,0.8356869184455391,31,16
3,643,dt_seed3_d4_s100_l40_w0.9.pkl,4,100,40,0.9,0.815243946687308,0.9353630106571936,0.8711824538275625,0.804868154158215,0.8934924566539068,0.8468679970120585,31,16
3,644,dt_seed3_d4_s100_l40_w1.0.pkl,4,100,40,1.0,0.8157805703238279,0.9368616785079928,0.8721386865085516,0.8029506871463218,0.894618329205134,0.8463095111300458,31,16
3,645,dt_seed3_d4_s100_l50_w0.6.pkl,4,100,50,0.6,0.8250414593698175,0.9112733126110124,0.8660160886192799,0.8149860245108579,0.8535239810853411,0.8338099428068632,31,16
3,646,dt_seed3_d4_s100_l50_w0.7.pkl,4,100,50,0.7,0.8217127511438234,0.9171292184724689,0.8668030636869164,0.8119821542383684,0.8606169781580725,0.8355924792304329,31,16
3,647,dt_seed3_d4_s100_l50_w0.8.pkl,4,100,50,0.8,0.8227608218631558,0.9157415630550622,0.8667647367868025,0.8131657435023434,0.8594911056068453,0.8356869184455391,31,16
3,648,dt_seed3_d4_s100_l50_w0.9.pkl,4,100,50,0.9,0.815243946687308,0.9353630106571936,0.8711824538275625,0.804868154158215,0.8934924566539068,0.8468679970120585,31,16
3,649,dt_seed3_d4_s100_l50_w1.0.pkl,4,100,50,1.0,0.8157805703238279,0.9368616785079928,0.8721386865085516,0.8029506871463218,0.894618329205134,0.8463095111300458,31,16
3,650,dt_seed3_d4_s100_l60_w0.6.pkl,4,100,60,0.6,0.8250414593698175,0.9112733126110124,0.8660160886192799,0.8149860245108579,0.8535239810853411,0.8338099428068632,31,16
3,651,dt_seed3_d4_s100_l60_w0.7.pkl,4,100,60,0.7,0.8217127511438234,0.9171292184724689,0.8668030636869164,0.8119821542383684,0.8606169781580725,0.8355924792304329,31,16
3,652,dt_seed3_d4_s100_l60_w0.8.pkl,4,100,60,0.8,0.8227608218631558,0.9157415630550622,0.8667647367868025,0.8131657435023434,0.8594911056068453,0.8356869184455391,31,16
3,653,dt_seed3_d4_s100_l60_w0.9.pkl,4,100,60,0.9,0.815243946687308,0.9353630106571936,0.8711824538275625,0.804868154158215,0.8934924566539068,0.8468679970120585,31,16
3,654,dt_seed3_d4_s100_l60_w1.0.pkl,4,100,60,1.0,0.8157805703238279,0.9368616785079928,0.8721386865085516,0.8029506871463218,0.894618329205134,0.8463095111300458,31,16
3,655,dt_seed3_d4_s100_l70_w0.6.pkl,4,100,70,0.6,0.8250414593698175,0.9112733126110124,0.8660160886192799,0.8149860245108579,0.8535239810853411,0.8338099428068632,31,16
3,656,dt_seed3_d4_s100_l70_w0.7.pkl,4,100,70,0.7,0.8217127511438234,0.9171292184724689,0.8668030636869164,0.8119821542383684,0.8606169781580725,0.8355924792304329,31,16
3,657,dt_seed3_d4_s100_l70_w0.8.pkl,4,100,70,0.8,0.8227608218631558,0.9157415630550622,0.8667647367868025,0.8131657435023434,0.8594911056068453,0.8356869184455391,31,16
3,658,dt_seed3_d4_s100_l70_w0.9.pkl,4,100,70,0.9,0.815243946687308,0.9353630106571936,0.8711824538275625,0.804868154158215,0.8934924566539068,0.8468679970120585,31,16
3,659,dt_seed3_d4_s100_l70_w1.0.pkl,4,100,70,1.0,0.8157805703238279,0.9368616785079928,0.8721386865085516,0.8029506871463218,0.894618329205134,0.8463095111300458,31,16
3,660,dt_seed3_d5_s60_l40_w0.6.pkl,5,60,40,0.6,0.8312663352636703,0.9003385879218473,0.8644248447866982,0.8217242521249586,0.8380995271335285,0.8298311130929157,63,32
3,661,dt_seed3_d5_s60_l40_w0.7.pkl,5,60,40,0.7,0.8256020850562614,0.9142984014209592,0.8676894712583131,0.8167275069787416,0.8564512497185318,0.8361178280940866,63,32
3,662,dt_seed3_d5_s60_l40_w0.8.pkl,5,60,40,0.8,0.8257925361155698,0.9137988454706927,0.8675695615514334,0.8175465003763036,0.8561134879531637,0.8363856349337293,63,32
3,663,dt_seed3_d5_s60_l40_w0.9.pkl,5,60,40,0.9,0.8162584854517978,0.9444105239786856,0.8756706681591848,0.798400631849146,0.9104931321774375,0.8507706064909789,63,32
3,664,dt_seed3_d5_s60_l40_w1.0.pkl,5,60,40,1.0,0.8137539222211657,0.9500721580817052,0.8766453265044815,0.7957870099473376,0.9187120018013961,0.8528428093645485,63,32
3,665,dt_seed3_d5_s60_l50_w0.6.pkl,5,60,50,0.6,0.8311042787599282,0.9002553285968028,0.8642988462870693,0.8217396097453423,0.8392253996847557,0.8303904639893054,63,32
3,666,dt_seed3_d5_s60_l50_w0.7.pkl,5,60,50,0.7,0.825735718407386,0.9134380550621669,0.8673755781317943,0.8170089237716375,0.8555505516775501,0.8358356706814057,63,32
3,667,dt_seed3_d5_s60_l50_w0.8.pkl,5,60,50,0.8,0.8259264838806869,0.9129384991119005,0.8672554706037437,0.8178294573643411,0.855212789912182,0.8361034672537149,63,32
3,668,dt_seed3_d5_s60_l50_w0.9.pkl,5,60,50,0.9,0.8163686547461898,0.9439942273534636,0.8755550407351635,0.7985767938327732,0.9097050213915785,0.8505263157894737,63,32
3,669,dt_seed3_d5_s60_l50_w1.0.pkl,5,60,50,1.0,0.8134083784554004,0.9505717140319716,0.8766572818018941,0.7954456987154535,0.9202882233731141,0.8533249817308696,63,32
3,670,dt_seed3_d5_s60_l60_w0.6.pkl,5,60,60,0.6,0.8307751441383728,0.8997835257548845,0.8639034333906231,0.8216651943462897,0.8377617653681603,0.8296354108596276,61,31
3,671,dt_seed3_d5_s60_l60_w0.7.pkl,5,60,60,0.7,0.825434657166512,0.9131050177619894,0.8670593350990236,0.8168513935220059,0.8546498536365683,0.8353232462173314,63,32
3,672,dt_seed3_d5_s60_l60_w0.8.pkl,5,60,60,0.8,0.8245399079815963,0.9151587477797514,0.8674892139324424,0.8160367285927824,0.8605043909029498,0.8376808417360807,61,31
3,673,dt_seed3_d5_s60_l60_w0.9.pkl,5,60,60,0.9,0.8168594167007285,0.9428841030195382,0.8753591074810301,0.7990890187147243,0.9085791488403513,0.8503240082187451,61,31
3,674,dt_seed3_d5_s60_l60_w1.0.pkl,5,60,60,1.0,0.8134679334916864,0.9504607015985791,0.8766446526391235,0.7954633956386293,0.919950461607746,0.8531899342173959,63,32
3,675,dt_seed3_d5_s60_l70_w0.6.pkl,5,60,70,0.6,0.8306220585226111,0.9012544404973357,0.8644979235438186,0.8216909748875973,0.8436163026345418,0.832509305038609,61,31
3,676,dt_seed3_d5_s60_l70_w0.7.pkl,5,60,70,0.7,0.825434657166512,0.9131050177619894,0.8670593350990236,0.8168513935220059,0.8546498536365683,0.8353232462173314,63,32
3,677,dt_seed3_d5_s60_l70_w0.8.pkl,5,60,70,0.8,0.8245399079815963,0.9151587477797514,0.8674892139324424,0.8160367285927824,0.8605043909029498,0.8376808417360807,61,31
3,678,dt_seed3_d5_s60_l70_w0.9.pkl,5,60,70,0.9,0.8164985590778098,0.9435779307282416,0.8754506128334535,0.7989527761311994,0.9104931321774375,0.8510839823195117,61,31
3,679,dt_seed3_d5_s60_l70_w1.0.pkl,5,60,70,1.0,0.8135766388671086,0.9502941829484902,0.876636925715895,0.7954213346322455,0.9192749380770097,0.8528751240403196,63,32
3,680,dt_seed3_d5_s80_l40_w0.6.pkl,5,80,40,0.6,0.8312663352636703,0.9003385879218473,0.8644248447866982,0.8217242521249586,0.8380995271335285,0.8298311130929157,63,32
3,681,dt_seed3_d5_s80_l40_w0.7.pkl,5,80,40,0.7,0.8256020850562614,0.9142984014209592,0.8676894712583131,0.8167275069787416,0.8564512497185318,0.8361178280940866,63,32
3,682,dt_seed3_d5_s80_l40_w0.8.pkl,5,80,40,0.8,0.8257925361155698,0.9137988454706927,0.8675695615514334,0.8175465003763036,0.8561134879531637,0.8363856349337293,63,32
3,683,dt_seed3_d5_s80_l40_w0.9.pkl,5,80,40,0.9,0.8162584854517978,0.9444105239786856,0.8756706681591848,0.798400631849146,0.9104931321774375,0.8507706064909789,63,32
3,684,dt_seed3_d5_s80_l40_w1.0.pkl,5,80,40,1.0,0.8137539222211657,0.9500721580817052,0.8766453265044815,0.7957870099473376,0.9187120018013961,0.8528428093645485,63,32
3,685,dt_seed3_d5_s80_l50_w0.6.pkl,5,80,50,0.6,0.8311042787599282,0.9002553285968028,0.8642988462870693,0.8217396097453423,0.8392253996847557,0.8303904639893054,63,32
3,686,dt_seed3_d5_s80_l50_w0.7.pkl,5,80,50,0.7,0.825735718407386,0.9134380550621669,0.8673755781317943,0.8170089237716375,0.8555505516775501,0.8358356706814057,63,32
3,687,dt_seed3_d5_s80_l50_w0.8.pkl,5,80,50,0.8,0.8259264838806869,0.9129384991119005,0.8672554706037437,0.8178294573643411,0.855212789912182,0.8361034672537149,63,32
3,688,dt_seed3_d5_s80_l50_w0.9.pkl,5,80,50,0.9,0.8163686547461898,0.9439942273534636,0.8755550407351635,0.7985767938327732,0.9097050213915785,0.8505263157894737,63,32
3,689,dt_seed3_d5_s80_l50_w1.0.pkl,5,80,50,1.0,0.8134083784554004,0.9505717140319716,0.8766572818018941,0.7954456987154535,0.9202882233731141,0.8533249817308696,63,32
3,690,dt_seed3_d5_s80_l60_w0.6.pkl,5,80,60,0.6,0.8307751441383728,0.8997835257548845,0.8639034333906231,0.8216651943462897,0.8377617653681603,0.8296354108596276,61,31
3,691,dt_seed3_d5_s80_l60_w0.7.pkl,5,80,60,0.7,0.825434657166512,0.9131050177619894,0.8670593350990236,0.8168513935220059,0.8546498536365683,0.8353232462173314,63,32
3,692,dt_seed3_d5_s80_l60_w0.8.pkl,5,80,60,0.8,0.8245399079815963,0.9151587477797514,0.8674892139324424,0.8160367285927824,0.8605043909029498,0.8376808417360807,61,31
3,693,dt_seed3_d5_s80_l60_w0.9.pkl,5,80,60,0.9,0.8168594167007285,0.9428841030195382,0.8753591074810301,0.7990890187147243,0.9085791488403513,0.8503240082187451,61,31
3,694,dt_seed3_d5_s80_l60_w1.0.pkl,5,80,60,1.0,0.8134679334916864,0.9504607015985791,0.8766446526391235,0.7954633956386293,0.919950461607746,0.8531899342173959,63,32
3,695,dt_seed3_d5_s80_l70_w0.6.pkl,5,80,70,0.6,0.8306220585226111,0.9012544404973357,0.8644979235438186,0.8216909748875973,0.8436163026345418,0.832509305038609,61,31
3,696,dt_seed3_d5_s80_l70_w0.7.pkl,5,80,70,0.7,0.825434657166512,0.9131050177619894,0.8670593350990236,0.8168513935220059,0.8546498536365683,0.8353232462173314,63,32
3,697,dt_seed3_d5_s80_l70_w0.8.pkl,5,80,70,0.8,0.8245399079815963,0.9151587477797514,0.8674892139324424,0.8160367285927824,0.8605043909029498,0.8376808417360807,61,31
3,698,dt_seed3_d5_s80_l70_w0.9.pkl,5,80,70,0.9,0.8164985590778098,0.9435779307282416,0.8754506128334535,0.7989527761311994,0.9104931321774375,0.8510839823195117,61,31
3,699,dt_seed3_d5_s80_l70_w1.0.pkl,5,80,70,1.0,0.8135766388671086,0.9502941829484902,0.876636925715895,0.7954213346322455,0.9192749380770097,0.8528751240403196,63,32
3,700,dt_seed3_d5_s100_l40_w0.6.pkl,5,100,40,0.6,0.8312663352636703,0.9003385879218473,0.8644248447866982,0.8217242521249586,0.8380995271335285,0.8298311130929157,63,32
3,701,dt_seed3_d5_s100_l40_w0.7.pkl,5,100,40,0.7,0.8256020850562614,0.9142984014209592,0.8676894712583131,0.8167275069787416,0.8564512497185318,0.8361178280940866,63,32
3,702,dt_seed3_d5_s100_l40_w0.8.pkl,5,100,40,0.8,0.8257925361155698,0.9137988454706927,0.8675695615514334,0.8175465003763036,0.8561134879531637,0.8363856349337293,63,32
3,703,dt_seed3_d5_s100_l40_w0.9.pkl,5,100,40,0.9,0.8162584854517978,0.9444105239786856,0.8756706681591848,0.798400631849146,0.9104931321774375,0.8507706064909789,63,32
3,704,dt_seed3_d5_s100_l40_w1.0.pkl,5,100,40,1.0,0.8137539222211657,0.9500721580817052,0.8766453265044815,0.7957870099473376,0.9187120018013961,0.8528428093645485,63,32
3,705,dt_seed3_d5_s100_l50_w0.6.pkl,5,100,50,0.6,0.8311042787599282,0.9002553285968028,0.8642988462870693,0.8217396097453423,0.8392253996847557,0.8303904639893054,63,32
3,706,dt_seed3_d5_s100_l50_w0.7.pkl,5,100,50,0.7,0.825735718407386,0.9134380550621669,0.8673755781317943,0.8170089237716375,0.8555505516775501,0.8358356706814057,63,32
3,707,dt_seed3_d5_s100_l50_w0.8.pkl,5,100,50,0.8,0.8259264838806869,0.9129384991119005,0.8672554706037437,0.8178294573643411,0.855212789912182,0.8361034672537149,63,32
3,708,dt_seed3_d5_s100_l50_w0.9.pkl,5,100,50,0.9,0.8163686547461898,0.9439942273534636,0.8755550407351635,0.7985767938327732,0.9097050213915785,0.8505263157894737,63,32
3,709,dt_seed3_d5_s100_l50_w1.0.pkl,5,100,50,1.0,0.8134083784554004,0.9505717140319716,0.8766572818018941,0.7954456987154535,0.9202882233731141,0.8533249817308696,63,32
3,710,dt_seed3_d5_s100_l60_w0.6.pkl,5,100,60,0.6,0.8307751441383728,0.8997835257548845,0.8639034333906231,0.8216651943462897,0.8377617653681603,0.8296354108596276,61,31
3,711,dt_seed3_d5_s100_l60_w0.7.pkl,5,100,60,0.7,0.825434657166512,0.9131050177619894,0.8670593350990236,0.8168513935220059,0.8546498536365683,0.8353232462173314,63,32
3,712,dt_seed3_d5_s100_l60_w0.8.pkl,5,100,60,0.8,0.8245399079815963,0.9151587477797514,0.8674892139324424,0.8160367285927824,0.8605043909029498,0.8376808417360807,61,31
3,713,dt_seed3_d5_s100_l60_w0.9.pkl,5,100,60,0.9,0.8168594167007285,0.9428841030195382,0.8753591074810301,0.7990890187147243,0.9085791488403513,0.8503240082187451,61,31
3,714,dt_seed3_d5_s100_l60_w1.0.pkl,5,100,60,1.0,0.8134679334916864,0.9504607015985791,0.8766446526391235,0.7954633956386293,0.919950461607746,0.8531899342173959,63,32
3,715,dt_seed3_d5_s100_l70_w0.6.pkl,5,100,70,0.6,0.8306220585226111,0.9012544404973357,0.8644979235438186,0.8216909748875973,0.8436163026345418,0.832509305038609,61,31
3,716,dt_seed3_d5_s100_l70_w0.7.pkl,5,100,70,0.7,0.825434657166512,0.9131050177619894,0.8670593350990236,0.8168513935220059,0.8546498536365683,0.8353232462173314,63,32
3,717,dt_seed3_d5_s100_l70_w0.8.pkl,5,100,70,0.8,0.8245399079815963,0.9151587477797514,0.8674892139324424,0.8160367285927824,0.8605043909029498,0.8376808417360807,61,31
3,718,dt_seed3_d5_s100_l70_w0.9.pkl,5,100,70,0.9,0.8164985590778098,0.9435779307282416,0.8754506128334535,0.7989527761311994,0.9104931321774375,0.8510839823195117,61,31
3,719,dt_seed3_d5_s100_l70_w1.0.pkl,5,100,70,1.0,0.8135766388671086,0.9502941829484902,0.876636925715895,0.7954213346322455,0.9192749380770097,0.8528751240403196,63,32
4,720,dt_seed4_d3_s60_l40_w0.6.pkl,3,60,40,0.6,0.8483965847111568,0.8710566436026739,0.8595772997526292,0.7506293266205161,0.8830279474366093,0.8114635598265159,15,8
4,721,dt_seed4_d3_s60_l40_w0.7.pkl,3,60,40,0.7,0.8443357783211084,0.8808490676674094,0.8622060237333372,0.7484194294525829,0.8982972422728114,0.8165376850605652,15,8
4,722,dt_seed4_d3_s60_l40_w0.8.pkl,3,60,40,0.8,0.8437438699733781,0.8827547789374927,0.8628085911194533,0.7476355247981545,0.8997779011660189,0.8166813657553231,15,8
4,723,dt_seed4_d3_s60_l40_w0.9.pkl,3,60,40,0.9,0.8037657920310981,0.9699483992025332,0.8790721156401127,0.6951685097419694,0.9773274106977605,0.8124471113162551,15,8
4,724,dt_seed4_d3_s60_l40_w1.0.pkl,3,60,40,1.0,0.7923694967814687,0.988858918728744,0.8797767170096773,0.6788089958821666,0.9915787525448825,0.8059117746605995,15,8
4,725,dt_seed4_d3_s60_l50_w0.6.pkl,3,60,50,0.6,0.8483965847111568,0.8710566436026739,0.8595772997526292,0.7506293266205161,0.8830279474366093,0.8114635598265159,15,8
4,726,dt_seed4_d3_s60_l50_w0.7.pkl,3,60,50,0.7,0.8443357783211084,0.8808490676674094,0.8622060237333372,0.7484194294525829,0.8982972422728114,0.8165376850605652,15,8
4,727,dt_seed4_d3_s60_l50_w0.8.pkl,3,60,50,0.8,0.8437438699733781,0.8827547789374927,0.8628085911194533,0.7476355247981545,0.8997779011660189,0.8166813657553231,15,8
4,728,dt_seed4_d3_s60_l50_w0.9.pkl,3,60,50,0.9,0.8037657920310981,0.9699483992025332,0.8790721156401127,0.6951685097419694,0.9773274106977605,0.8124471113162551,15,8
4,729,dt_seed4_d3_s60_l50_w1.0.pkl,3,60,50,1.0,0.7923694967814687,0.988858918728744,0.8797767170096773,0.6788089958821666,0.9915787525448825,0.8059117746605995,15,8
4,730,dt_seed4_d3_s60_l60_w0.6.pkl,3,60,60,0.6,0.8483965847111568,0.8710566436026739,0.8595772997526292,0.7506293266205161,0.8830279474366093,0.8114635598265159,15,8
4,731,dt_seed4_d3_s60_l60_w0.7.pkl,3,60,60,0.7,0.8443357783211084,0.8808490676674094,0.8622060237333372,0.7484194294525829,0.8982972422728114,0.8165376850605652,15,8
4,732,dt_seed4_d3_s60_l60_w0.8.pkl,3,60,60,0.8,0.8437438699733781,0.8827547789374927,0.8628085911194533,0.7476355247981545,0.8997779011660189,0.8166813657553231,15,8
4,733,dt_seed4_d3_s60_l60_w0.9.pkl,3,60,60,0.9,0.8037657920310981,0.9699483992025332,0.8790721156401127,0.6951685097419694,0.9773274106977605,0.8124471113162551,15,8
4,734,dt_seed4_d3_s60_l60_w1.0.pkl,3,60,60,1.0,0.7923694967814687,0.988858918728744,0.8797767170096773,0.6788089958821666,0.9915787525448825,0.8059117746605995,15,8
4,735,dt_seed4_d3_s60_l70_w0.6.pkl,3,60,70,0.6,0.8483965847111568,0.8710566436026739,0.8595772997526292,0.7506293266205161,0.8830279474366093,0.8114635598265159,15,8
4,736,dt_seed4_d3_s60_l70_w0.7.pkl,3,60,70,0.7,0.8443357783211084,0.8808490676674094,0.8622060237333372,0.7484194294525829,0.8982972422728114,0.8165376850605652,15,8
4,737,dt_seed4_d3_s60_l70_w0.8.pkl,3,60,70,0.8,0.8437438699733781,0.8827547789374927,0.8628085911194533,0.7476355247981545,0.8997779011660189,0.8166813657553231,15,8
4,738,dt_seed4_d3_s60_l70_w0.9.pkl,3,60,70,0.9,0.8037657920310981,0.9699483992025332,0.8790721156401127,0.6951685097419694,0.9773274106977605,0.8124471113162551,15,8
4,739,dt_seed4_d3_s60_l70_w1.0.pkl,3,60,70,1.0,0.7923694967814687,0.988858918728744,0.8797767170096773,0.6788089958821666,0.9915787525448825,0.8059117746605995,15,8
4,740,dt_seed4_d3_s80_l40_w0.6.pkl,3,80,40,0.6,0.8483965847111568,0.8710566436026739,0.8595772997526292,0.7506293266205161,0.8830279474366093,0.8114635598265159,15,8
4,741,dt_seed4_d3_s80_l40_w0.7.pkl,3,80,40,0.7,0.8443357783211084,0.8808490676674094,0.8622060237333372,0.7484194294525829,0.8982972422728114,0.8165376850605652,15,8
4,742,dt_seed4_d3_s80_l40_w0.8.pkl,3,80,40,0.8,0.8437438699733781,0.8827547789374927,0.8628085911194533,0.7476355247981545,0.8997779011660189,0.8166813657553231,15,8
4,743,dt_seed4_d3_s80_l40_w0.9.pkl,3,80,40,0.9,0.8037657920310981,0.9699483992025332,0.8790721156401127,0.6951685097419694,0.9773274106977605,0.8124471113162551,15,8
4,744,dt_seed4_d3_s80_l40_w1.0.pkl,3,80,40,1.0,0.7923694967814687,0.988858918728744,0.8797767170096773,0.6788089958821666,0.9915787525448825,0.8059117746605995,15,8
4,745,dt_seed4_d3_s80_l50_w0.6.pkl,3,80,50,0.6,0.8483965847111568,0.8710566436026739,0.8595772997526292,0.7506293266205161,0.8830279474366093,0.8114635598265159,15,8
4,746,dt_seed4_d3_s80_l50_w0.7.pkl,3,80,50,0.7,0.8443357783211084,0.8808490676674094,0.8622060237333372,0.7484194294525829,0.8982972422728114,0.8165376850605652,15,8
4,747,dt_seed4_d3_s80_l50_w0.8.pkl,3,80,50,0.8,0.8437438699733781,0.8827547789374927,0.8628085911194533,0.7476355247981545,0.8997779011660189,0.8166813657553231,15,8
4,748,dt_seed4_d3_s80_l50_w0.9.pkl,3,80,50,0.9,0.8037657920310981,0.9699483992025332,0.8790721156401127,0.6951685097419694,0.9773274106977605,0.8124471113162551,15,8
4,749,dt_seed4_d3_s80_l50_w1.0.pkl,3,80,50,1.0,0.7923694967814687,0.988858918728744,0.8797767170096773,0.6788089958821666,0.9915787525448825,0.8059117746605995,15,8
4,750,dt_seed4_d3_s80_l60_w0.6.pkl,3,80,60,0.6,0.8483965847111568,0.8710566436026739,0.8595772997526292,0.7506293266205161,0.8830279474366093,0.8114635598265159,15,8
4,751,dt_seed4_d3_s80_l60_w0.7.pkl,3,80,60,0.7,0.8443357783211084,0.8808490676674094,0.8622060237333372,0.7484194294525829,0.8982972422728114,0.8165376850605652,15,8
4,752,dt_seed4_d3_s80_l60_w0.8.pkl,3,80,60,0.8,0.8437438699733781,0.8827547789374927,0.8628085911194533,0.7476355247981545,0.8997779011660189,0.8166813657553231,15,8
4,753,dt_seed4_d3_s80_l60_w0.9.pkl,3,80,60,0.9,0.8037657920310981,0.9699483992025332,0.8790721156401127,0.6951685097419694,0.9773274106977605,0.8124471113162551,15,8
4,754,dt_seed4_d3_s80_l60_w1.0.pkl,3,80,60,1.0,0.7923694967814687,0.988858918728744,0.8797767170096773,0.6788089958821666,0.9915787525448825,0.8059117746605995,15,8
4,755,dt_seed4_d3_s80_l70_w0.6.pkl,3,80,70,0.6,0.8483965847111568,0.8710566436026739,0.8595772997526292,0.7506293266205161,0.8830279474366093,0.8114635598265159,15,8
4,756,dt_seed4_d3_s80_l70_w0.7.pkl,3,80,70,0.7,0.8443357783211084,0.8808490676674094,0.8622060237333372,0.7484194294525829,0.8982972422728114,0.8165376850605652,15,8
4,757,dt_seed4_d3_s80_l70_w0.8.pkl,3,80,70,0.8,0.8437438699733781,0.8827547789374927,0.8628085911194533,0.7476355247981545,0.8997779011660189,0.8166813657553231,15,8
4,758,dt_seed4_d3_s80_l70_w0.9.pkl,3,80,70,0.9,0.8037657920310981,0.9699483992025332,0.8790721156401127,0.6951685097419694,0.9773274106977605,0.8124471113162551,15,8
4,759,dt_seed4_d3_s80_l70_w1.0.pkl,3,80,70,1.0,0.7923694967814687,0.988858918728744,0.8797767170096773,0.6788089958821666,0.9915787525448825,0.8059117746605995,15,8
4,760,dt_seed4_d3_s100_l40_w0.6.pkl,3,100,40,0.6,0.8483965847111568,0.8710566436026739,0.8595772997526292,0.7506293266205161,0.8830279474366093,0.8114635598265159,15,8
4,761,dt_seed4_d3_s100_l40_w0.7.pkl,3,100,40,0.7,0.8443357783211084,0.8808490676674094,0.8622060237333372,0.7484194294525829,0.8982972422728114,0.8165376850605652,15,8
4,762,dt_seed4_d3_s100_l40_w0.8.pkl,3,100,40,0.8,0.8437438699733781,0.8827547789374927,0.8628085911194533,0.7476355247981545,0.8997779011660189,0.8166813657553231,15,8
4,763,dt_seed4_d3_s100_l40_w0.9.pkl,3,100,40,0.9,0.8037657920310981,0.9699483992025332,0.8790721156401127,0.6951685097419694,0.9773274106977605,0.8124471113162551,15,8
4,764,dt_seed4_d3_s100_l40_w1.0.pkl,3,100,40,1.0,0.7923694967814687,0.988858918728744,0.8797767170096773,0.6788089958821666,0.9915787525448825,0.8059117746605995,15,8
4,765,dt_seed4_d3_s100_l50_w0.6.pkl,3,100,50,0.6,0.8483965847111568,0.8710566436026739,0.8595772997526292,0.7506293266205161,0.8830279474366093,0.8114635598265159,15,8
4,766,dt_seed4_d3_s100_l50_w0.7.pkl,3,100,50,0.7,0.8443357783211084,0.8808490676674094,0.8622060237333372,0.7484194294525829,0.8982972422728114,0.8165376850605652,15,8
4,767,dt_seed4_d3_s100_l50_w0.8.pkl,3,100,50,0.8,0.8437438699733781,0.8827547789374927,0.8628085911194533,0.7476355247981545,0.8997779011660189,0.8166813657553231,15,8
4,768,dt_seed4_d3_s100_l50_w0.9.pkl,3,100,50,0.9,0.8037657920310981,0.9699483992025332,0.8790721156401127,0.6951685097419694,0.9773274106977605,0.8124471113162551,15,8
4,769,dt_seed4_d3_s100_l50_w1.0.pkl,3,100,50,1.0,0.7923694967814687,0.988858918728744,0.8797767170096773,0.6788089958821666,0.9915787525448825,0.8059117746605995,15,8
4,770,dt_seed4_d3_s100_l60_w0.6.pkl,3,100,60,0.6,0.8483965847111568,0.8710566436026739,0.8595772997526292,0.7506293266205161,0.8830279474366093,0.8114635598265159,15,8
4,771,dt_seed4_d3_s100_l60_w0.7.pkl,3,100,60,0.7,0.8443357783211084,0.8808490676674094,0.8622060237333372,0.7484194294525829,0.8982972422728114,0.8165376850605652,15,8
4,772,dt_seed4_d3_s100_l60_w0.8.pkl,3,100,60,0.8,0.8437438699733781,0.8827547789374927,0.8628085911194533,0.7476355247981545,0.8997779011660189,0.8166813657553231,15,8
4,773,dt_seed4_d3_s100_l60_w0.9.pkl,3,100,60,0.9,0.8037657920310981,0.9699483992025332,0.8790721156401127,0.6951685097419694,0.9773274106977605,0.8124471113162551,15,8
4,774,dt_seed4_d3_s100_l60_w1.0.pkl,3,100,60,1.0,0.7923694967814687,0.988858918728744,0.8797767170096773,0.6788089958821666,0.9915787525448825,0.8059117746605995,15,8
4,775,dt_seed4_d3_s100_l70_w0.6.pkl,3,100,70,0.6,0.8483965847111568,0.8710566436026739,0.8595772997526292,0.7506293266205161,0.8830279474366093,0.8114635598265159,15,8
4,776,dt_seed4_d3_s100_l70_w0.7.pkl,3,100,70,0.7,0.8443357783211084,0.8808490676674094,0.8622060237333372,0.7484194294525829,0.8982972422728114,0.8165376850605652,15,8
4,777,dt_seed4_d3_s100_l70_w0.8.pkl,3,100,70,0.8,0.8437438699733781,0.8827547789374927,0.8628085911194533,0.7476355247981545,0.8997779011660189,0.8166813657553231,15,8
4,778,dt_seed4_d3_s100_l70_w0.9.pkl,3,100,70,0.9,0.8037657920310981,0.9699483992025332,0.8790721156401127,0.6951685097419694,0.9773274106977605,0.8124471113162551,15,8
4,779,dt_seed4_d3_s100_l70_w1.0.pkl,3,100,70,1.0,0.7923694967814687,0.988858918728744,0.8797767170096773,0.6788089958821666,0.9915787525448825,0.8059117746605995,15,8
4,780,dt_seed4_d4_s60_l40_w0.6.pkl,4,60,40,0.6,0.8545532769252833,0.87351940893632,0.8639322633494266,0.7648230793751992,0.88811771238201,0.8218720561788131,31,16
4,781,dt_seed4_d4_s60_l40_w0.7.pkl,4,60,40,0.7,0.829302987197724,0.9401020288495368,0.8812334244843555,0.7367011652312369,0.941976679622432,0.8267879624741096,31,16
4,782,dt_seed4_d4_s60_l40_w0.8.pkl,4,60,40,0.8,0.822997677002323,0.9556115867245221,0.8843607553722596,0.7284552845528456,0.9535443272256154,0.8259388401266482,31,16
4,783,dt_seed4_d4_s60_l40_w0.9.pkl,4,60,40,0.9,0.821379258403836,0.9592470974551425,0.8849758591309287,0.7274198086662915,0.9569683509161577,0.8265526336823595,31,16
4,784,dt_seed4_d4_s60_l40_w1.0.pkl,4,60,40,1.0,0.8285361842105263,0.9452327899612994,0.8830457408929061,0.7282185575766155,0.9521562095132334,0.8252656907960698,31,16
4,785,dt_seed4_d4_s60_l50_w0.6.pkl,4,60,50,0.6,0.8545532769252833,0.87351940893632,0.8639322633494266,0.7648230793751992,0.88811771238201,0.8218720561788131,31,16
4,786,dt_seed4_d4_s60_l50_w0.7.pkl,4,60,50,0.7,0.829302987197724,0.9401020288495368,0.8812334244843555,0.7367011652312369,0.941976679622432,0.8267879624741096,31,16
4,787,dt_seed4_d4_s60_l50_w0.8.pkl,4,60,50,0.8,0.822997677002323,0.9556115867245221,0.8843607553722596,0.7284552845528456,0.9535443272256154,0.8259388401266482,31,16
4,788,dt_seed4_d4_s60_l50_w0.9.pkl,4,60,50,0.9,0.821379258403836,0.9592470974551425,0.8849758591309287,0.7274198086662915,0.9569683509161577,0.8265526336823595,31,16
4,789,dt_seed4_d4_s60_l50_w1.0.pkl,4,60,50,1.0,0.8285361842105263,0.9452327899612994,0.8830457408929061,0.7282185575766155,0.9521562095132334,0.8252656907960698,31,16
4,790,dt_seed4_d4_s60_l60_w0.6.pkl,4,60,60,0.6,0.8545532769252833,0.87351940893632,0.8639322633494266,0.7648230793751992,0.88811771238201,0.8218720561788131,31,16
4,791,dt_seed4_d4_s60_l60_w0.7.pkl,4,60,60,0.7,0.829302987197724,0.9401020288495368,0.8812334244843555,0.7367011652312369,0.941976679622432,0.8267879624741096,31,16
4,792,dt_seed4_d4_s60_l60_w0.8.pkl,4,60,60,0.8,0.822997677002323,0.9556115867245221,0.8843607553722596,0.7284552845528456,0.9535443272256154,0.8259388401266482,31,16
4,793,dt_seed4_d4_s60_l60_w0.9.pkl,4,60,60,0.9,0.821379258403836,0.9592470974551425,0.8849758591309287,0.7274198086662915,0.9569683509161577,0.8265526336823595,31,16
4,794,dt_seed4_d4_s60_l60_w1.0.pkl,4,60,60,1.0,0.8285361842105263,0.9452327899612994,0.8830457408929061,0.7282185575766155,0.9521562095132334,0.8252656907960698,31,16
4,795,dt_seed4_d4_s60_l70_w0.6.pkl,4,60,70,0.6,0.8545532769252833,0.87351940893632,0.8639322633494266,0.7648230793751992,0.88811771238201,0.8218720561788131,31,16
4,796,dt_seed4_d4_s60_l70_w0.7.pkl,4,60,70,0.7,0.829302987197724,0.9401020288495368,0.8812334244843555,0.7367011652312369,0.941976679622432,0.8267879624741096,31,16
4,797,dt_seed4_d4_s60_l70_w0.8.pkl,4,60,70,0.8,0.822997677002323,0.9556115867245221,0.8843607553722596,0.7284552845528456,0.9535443272256154,0.8259388401266482,31,16
4,798,dt_seed4_d4_s60_l70_w0.9.pkl,4,60,70,0.9,0.821379258403836,0.9592470974551425,0.8849758591309287,0.7274198086662915,0.9569683509161577,0.8265526336823595,31,16
4,799,dt_seed4_d4_s60_l70_w1.0.pkl,4,60,70,1.0,0.8285361842105263,0.9452327899612994,0.8830457408929061,0.7282185575766155,0.9521562095132334,0.8252656907960698,31,16
4,800,dt_seed4_d4_s80_l40_w0.6.pkl,4,80,40,0.6,0.8545532769252833,0.87351940893632,0.8639322633494266,0.7648230793751992,0.88811771238201,0.8218720561788131,31,16
4,801,dt_seed4_d4_s80_l40_w0.7.pkl,4,80,40,0.7,0.829302987197724,0.9401020288495368,0.8812334244843555,0.7367011652312369,0.941976679622432,0.8267879624741096,31,16
4,802,dt_seed4_d4_s80_l40_w0.8.pkl,4,80,40,0.8,0.822997677002323,0.9556115867245221,0.8843607553722596,0.7284552845528456,0.9535443272256154,0.8259388401266482,31,16
4,803,dt_seed4_d4_s80_l40_w0.9.pkl,4,80,40,0.9,0.821379258403836,0.9592470974551425,0.8849758591309287,0.7274198086662915,0.9569683509161577,0.8265526336823595,31,16
4,804,dt_seed4_d4_s80_l40_w1.0.pkl,4,80,40,1.0,0.8285361842105263,0.9452327899612994,0.8830457408929061,0.7282185575766155,0.9521562095132334,0.8252656907960698,31,16
4,805,dt_seed4_d4_s80_l50_w0.6.pkl,4,80,50,0.6,0.8545532769252833,0.87351940893632,0.8639322633494266,0.7648230793751992,0.88811771238201,0.8218720561788131,31,16
4,806,dt_seed4_d4_s80_l50_w0.7.pkl,4,80,50,0.7,0.829302987197724,0.9401020288495368,0.8812334244843555,0.7367011652312369,0.941976679622432,0.8267879624741096,31,16
4,807,dt_seed4_d4_s80_l50_w0.8.pkl,4,80,50,0.8,0.822997677002323,0.9556115867245221,0.8843607553722596,0.7284552845528456,0.9535443272256154,0.8259388401266482,31,16
4,808,dt_seed4_d4_s80_l50_w0.9.pkl,4,80,50,0.9,0.821379258403836,0.9592470974551425,0.8849758591309287,0.7274198086662915,0.9569683509161577,0.8265526336823595,31,16
4,809,dt_seed4_d4_s80_l50_w1.0.pkl,4,80,50,1.0,0.8285361842105263,0.9452327899612994,0.8830457408929061,0.7282185575766155,0.9521562095132334,0.8252656907960698,31,16
4,810,dt_seed4_d4_s80_l60_w0.6.pkl,4,80,60,0.6,0.8545532769252833,0.87351940893632,0.8639322633494266,0.7648230793751992,0.88811771238201,0.8218720561788131,31,16
4,811,dt_seed4_d4_s80_l60_w0.7.pkl,4,80,60,0.7,0.829302987197724,0.9401020288495368,0.8812334244843555,0.7367011652312369,0.941976679622432,0.8267879624741096,31,16
4,812,dt_seed4_d4_s80_l60_w0.8.pkl,4,80,60,0.8,0.822997677002323,0.9556115867245221,0.8843607553722596,0.7284552845528456,0.9535443272256154,0.8259388401266482,31,16
4,813,dt_seed4_d4_s80_l60_w0.9.pkl,4,80,60,0.9,0.821379258403836,0.9592470974551425,0.8849758591309287,0.7274198086662915,0.9569683509161577,0.8265526336823595,31,16
4,814,dt_seed4_d4_s80_l60_w1.0.pkl,4,80,60,1.0,0.8285361842105263,0.9452327899612994,0.8830457408929061,0.7282185575766155,0.9521562095132334,0.8252656907960698,31,16
4,815,dt_seed4_d4_s80_l70_w0.6.pkl,4,80,70,0.6,0.8545532769252833,0.87351940893632,0.8639322633494266,0.7648230793751992,0.88811771238201,0.8218720561788131,31,16
4,816,dt_seed4_d4_s80_l70_w0.7.pkl,4,80,70,0.7,0.829302987197724,0.9401020288495368,0.8812334244843555,0.7367011652312369,0.941976679622432,0.8267879624741096,31,16
4,817,dt_seed4_d4_s80_l70_w0.8.pkl,4,80,70,0.8,0.822997677002323,0.9556115867245221,0.8843607553722596,0.7284552845528456,0.9535443272256154,0.8259388401266482,31,16
4,818,dt_seed4_d4_s80_l70_w0.9.pkl,4,80,70,0.9,0.821379258403836,0.9592470974551425,0.8849758591309287,0.7274198086662915,0.9569683509161577,0.8265526336823595,31,16
4,819,dt_seed4_d4_s80_l70_w1.0.pkl,4,80,70,1.0,0.8285361842105263,0.9452327899612994,0.8830457408929061,0.7282185575766155,0.9521562095132334,0.8252656907960698,31,16
4,820,dt_seed4_d4_s100_l40_w0.6.pkl,4,100,40,0.6,0.8545532769252833,0.87351940893632,0.8639322633494266,0.7648230793751992,0.88811771238201,0.8218720561788131,31,16
4,821,dt_seed4_d4_s100_l40_w0.7.pkl,4,100,40,0.7,0.829302987197724,0.9401020288495368,0.8812334244843555,0.7367011652312369,0.941976679622432,0.8267879624741096,31,16
4,822,dt_seed4_d4_s100_l40_w0.8.pkl,4,100,40,0.8,0.822997677002323,0.9556115867245221,0.8843607553722596,0.7284552845528456,0.9535443272256154,0.8259388401266482,31,16
4,823,dt_seed4_d4_s100_l40_w0.9.pkl,4,100,40,0.9,0.821379258403836,0.9592470974551425,0.8849758591309287,0.7274198086662915,0.9569683509161577,0.8265526336823595,31,16
4,824,dt_seed4_d4_s100_l40_w1.0.pkl,4,100,40,1.0,0.8285361842105263,0.9452327899612994,0.8830457408929061,0.7282185575766155,0.9521562095132334,0.8252656907960698,31,16
4,825,dt_seed4_d4_s100_l50_w0.6.pkl,4,100,50,0.6,0.8545532769252833,0.87351940893632,0.8639322633494266,0.7648230793751992,0.88811771238201,0.8218720561788131,31,16
4,826,dt_seed4_d4_s100_l50_w0.7.pkl,4,100,50,0.7,0.829302987197724,0.9401020288495368,0.8812334244843555,0.7367011652312369,0.941976679622432,0.8267879624741096,31,16
4,827,dt_seed4_d4_s100_l50_w0.8.pkl,4,100,50,0.8,0.822997677002323,0.9556115867245221,0.8843607553722596,0.7284552845528456,0.9535443272256154,0.8259388401266482,31,16
4,828,dt_seed4_d4_s100_l50_w0.9.pkl,4,100,50,0.9,0.821379258403836,0.9592470974551425,0.8849758591309287,0.7274198086662915,0.9569683509161577,0.8265526336823595,31,16
4,829,dt_seed4_d4_s100_l50_w1.0.pkl,4,100,50,1.0,0.8285361842105263,0.9452327899612994,0.8830457408929061,0.7282185575766155,0.9521562095132334,0.8252656907960698,31,16
4,830,dt_seed4_d4_s100_l60_w0.6.pkl,4,100,60,0.6,0.8545532769252833,0.87351940893632,0.8639322633494266,0.7648230793751992,0.88811771238201,0.8218720561788131,31,16
4,831,dt_seed4_d4_s100_l60_w0.7.pkl,4,100,60,0.7,0.829302987197724,0.9401020288495368,0.8812334244843555,0.7367011652312369,0.941976679622432,0.8267879624741096,31,16
4,832,dt_seed4_d4_s100_l60_w0.8.pkl,4,100,60,0.8,0.822997677002323,0.9556115867245221,0.8843607553722596,0.7284552845528456,0.9535443272256154,0.8259388401266482,31,16
4,833,dt_seed4_d4_s100_l60_w0.9.pkl,4,100,60,0.9,0.821379258403836,0.9592470974551425,0.8849758591309287,0.7274198086662915,0.9569683509161577,0.8265526336823595,31,16
4,834,dt_seed4_d4_s100_l60_w1.0.pkl,4,100,60,1.0,0.8285361842105263,0.9452327899612994,0.8830457408929061,0.7282185575766155,0.9521562095132334,0.8252656907960698,31,16
4,835,dt_seed4_d4_s100_l70_w0.6.pkl,4,100,70,0.6,0.8545532769252833,0.87351940893632,0.8639322633494266,0.7648230793751992,0.88811771238201,0.8218720561788131,31,16
4,836,dt_seed4_d4_s100_l70_w0.7.pkl,4,100,70,0.7,0.829302987197724,0.9401020288495368,0.8812334244843555,0.7367011652312369,0.941976679622432,0.8267879624741096,31,16
4,837,dt_seed4_d4_s100_l70_w0.8.pkl,4,100,70,0.8,0.822997677002323,0.9556115867245221,0.8843607553722596,0.7284552845528456,0.9535443272256154,0.8259388401266482,31,16
4,838,dt_seed4_d4_s100_l70_w0.9.pkl,4,100,70,0.9,0.821379258403836,0.9592470974551425,0.8849758591309287,0.7274198086662915,0.9569683509161577,0.8265526336823595,31,16
4,839,dt_seed4_d4_s100_l70_w1.0.pkl,4,100,70,1.0,0.8285361842105263,0.9452327899612994,0.8830457408929061,0.7282185575766155,0.9521562095132334,0.8252656907960698,31,16
4,840,dt_seed4_d5_s60_l40_w0.6.pkl,5,60,40,0.6,0.8511813865674542,0.8988213908760408,0.8743529411764706,0.7586313193588162,0.9109753840459004,0.8278529980657641,63,32
4,841,dt_seed4_d5_s60_l40_w0.7.pkl,5,60,40,0.7,0.8436196269480257,0.9189339744341504,0.8796677004251975,0.7474295932051855,0.9283731260410882,0.828132738979693,63,32
4,842,dt_seed4_d5_s60_l40_w0.8.pkl,5,60,40,0.8,0.8421179302045728,0.9232731324029553,0.8808301749576941,0.745612086203066,0.9317046085508051,0.8283351844995681,63,32
4,843,dt_seed4_d5_s60_l40_w0.9.pkl,5,60,40,0.9,0.8238322451029634,0.9617978186935616,0.8874851206579375,0.7281362133258285,0.9577086803627615,0.827291258643431,63,32
4,844,dt_seed4_d5_s60_l40_w1.0.pkl,5,60,40,1.0,0.8339795466965052,0.939632930690747,0.8836593738368005,0.7300998573466476,0.9472515269294837,0.8246193506807379,63,32
4,845,dt_seed4_d5_s60_l50_w0.6.pkl,5,60,50,0.6,0.8515223133602113,0.8978831945584613,0.8740884506157864,0.7593050193050193,0.9099574310568203,0.8278329685132177,63,32
4,846,dt_seed4_d5_s60_l50_w0.7.pkl,5,60,50,0.7,0.8443359322308253,0.9175853172276299,0.8794380049174569,0.7480779278943047,0.9274477142328336,0.8281617981241994,63,32
4,847,dt_seed4_d5_s60_l50_w0.8.pkl,5,60,50,0.8,0.8432236400268637,0.9202826316406708,0.8800695330352011,0.7464736451373423,0.930501573200074,0.8283901796012523,61,31
4,848,dt_seed4_d5_s60_l50_w0.9.pkl,5,60,50,0.9,0.8241288212353756,0.9603318869473437,0.8870323480427336,0.7288099767491016,0.9572459744586341,0.827553102124085,61,31
4,849,dt_seed4_d5_s60_l50_w1.0.pkl,5,60,50,1.0,0.8332770314164696,0.9401606661193855,0.8834979542918544,0.7300784034212402,0.9478993151952619,0.8248510227089708,61,31
4,850,dt_seed4_d5_s60_l60_w0.6.pkl,5,60,60,0.6,0.8511051871598356,0.8986161604315703,0.8742156303479749,0.759190608588199,0.9096798075143439,0.8276500799865286,63,32
4,851,dt_seed4_d5_s60_l60_w0.7.pkl,5,60,60,0.7,0.8443167098445595,0.9172921308783863,0.8792929009049519,0.7480762047067613,0.9266148436054044,0.8278285312719607,63,32
4,852,dt_seed4_d5_s60_l60_w0.8.pkl,5,60,60,0.8,0.8431641149610529,0.9203412689105195,0.8800639210518938,0.7464736451373423,0.930501573200074,0.8283901796012523,61,31
4,853,dt_seed4_d5_s60_l60_w0.9.pkl,5,60,60,0.9,0.8240754716981132,0.9603905242171924,0.8870264561726556,0.7288099767491016,0.9572459744586341,0.827553102124085,61,31
4,854,dt_seed4_d5_s60_l60_w1.0.pkl,5,60,60,1.0,0.8332770314164696,0.9401606661193855,0.8834979542918544,0.7300784034212402,0.9478993151952619,0.8248510227089708,61,31
4,855,dt_seed4_d5_s60_l70_w0.6.pkl,5,60,70,0.6,0.8514242795148548,0.897355459129823,0.8737866849377641,0.759266424204906,0.9080140662594854,0.8270049306755447,61,31
4,856,dt_seed4_d5_s60_l70_w0.7.pkl,5,60,70,0.7,0.8446150519031141,0.916031429576639,0.8788748241912799,0.7481287425149701,0.924949102350546,0.8271952329719441,61,31
4,857,dt_seed4_d5_s60_l70_w0.8.pkl,5,60,70,0.8,0.8434674989238055,0.9191392048786209,0.8796789943318929,0.7465050565139798,0.9290209143068665,0.8278222148923888,59,30
4,858,dt_seed4_d5_s60_l70_w0.9.pkl,5,60,70,0.9,0.8233639696650092,0.9612994018998475,0.8870012173677804,0.7278796823388853,0.9584490098093652,0.8274016377072099,59,30
4,859,dt_seed4_d5_s60_l70_w1.0.pkl,5,60,70,1.0,0.8332770314164696,0.9401606661193855,0.8834979542918544,0.7300784034212402,0.9478993151952619,0.8248510227089708,59,30
4,860,dt_seed4_d5_s80_l40_w0.6.pkl,5,80,40,0.6,0.8511813865674542,0.8988213908760408,0.8743529411764706,0.7586313193588162,0.9109753840459004,0.8278529980657641,63,32
4,861,dt_seed4_d5_s80_l40_w0.7.pkl,5,80,40,0.7,0.8436196269480257,0.9189339744341504,0.8796677004251975,0.7474295932051855,0.9283731260410882,0.828132738979693,63,32
4,862,dt_seed4_d5_s80_l40_w0.8.pkl,5,80,40,0.8,0.8421179302045728,0.9232731324029553,0.8808301749576941,0.745612086203066,0.9317046085508051,0.8283351844995681,63,32
4,863,dt_seed4_d5_s80_l40_w0.9.pkl,5,80,40,0.9,0.8238322451029634,0.9617978186935616,0.8874851206579375,0.7281362133258285,0.9577086803627615,0.827291258643431,63,32
4,864,dt_seed4_d5_s80_l40_w1.0.pkl,5,80,40,1.0,0.8339795466965052,0.939632930690747,0.8836593738368005,0.7300998573466476,0.9472515269294837,0.8246193506807379,63,32
4,865,dt_seed4_d5_s80_l50_w0.6.pkl,5,80,50,0.6,0.8515223133602113,0.8978831945584613,0.8740884506157864,0.7593050193050193,0.9099574310568203,0.8278329685132177,63,32
4,866,dt_seed4_d5_s80_l50_w0.7.pkl,5,80,50,0.7,0.8443359322308253,0.9175853172276299,0.8794380049174569,0.7480779278943047,0.9274477142328336,0.8281617981241994,63,32
4,867,dt_seed4_d5_s80_l50_w0.8.pkl,5,80,50,0.8,0.8432236400268637,0.9202826316406708,0.8800695330352011,0.7464736451373423,0.930501573200074,0.8283901796012523,61,31
4,868,dt_seed4_d5_s80_l50_w0.9.pkl,5,80,50,0.9,0.8241288212353756,0.9603318869473437,0.8870323480427336,0.7288099767491016,0.9572459744586341,0.827553102124085,61,31
4,869,dt_seed4_d5_s80_l50_w1.0.pkl,5,80,50,1.0,0.8332770314164696,0.9401606661193855,0.8834979542918544,0.7300784034212402,0.9478993151952619,0.8248510227089708,61,31
4,870,dt_seed4_d5_s80_l60_w0.6.pkl,5,80,60,0.6,0.8511051871598356,0.8986161604315703,0.8742156303479749,0.759190608588199,0.9096798075143439,0.8276500799865286,63,32
4,871,dt_seed4_d5_s80_l60_w0.7.pkl,5,80,60,0.7,0.8443167098445595,0.9172921308783863,0.8792929009049519,0.7480762047067613,0.9266148436054044,0.8278285312719607,63,32
4,872,dt_seed4_d5_s80_l60_w0.8.pkl,5,80,60,0.8,0.8431641149610529,0.9203412689105195,0.8800639210518938,0.7464736451373423,0.930501573200074,0.8283901796012523,61,31
4,873,dt_seed4_d5_s80_l60_w0.9.pkl,5,80,60,0.9,0.8240754716981132,0.9603905242171924,0.8870264561726556,0.7288099767491016,0.9572459744586341,0.827553102124085,61,31
4,874,dt_seed4_d5_s80_l60_w1.0.pkl,5,80,60,1.0,0.8332770314164696,0.9401606661193855,0.8834979542918544,0.7300784034212402,0.9478993151952619,0.8248510227089708,61,31
4,875,dt_seed4_d5_s80_l70_w0.6.pkl,5,80,70,0.6,0.8514242795148548,0.897355459129823,0.8737866849377641,0.759266424204906,0.9080140662594854,0.8270049306755447,61,31
4,876,dt_seed4_d5_s80_l70_w0.7.pkl,5,80,70,0.7,0.8446150519031141,0.916031429576639,0.8788748241912799,0.7481287425149701,0.924949102350546,0.8271952329719441,61,31
4,877,dt_seed4_d5_s80_l70_w0.8.pkl,5,80,70,0.8,0.8434674989238055,0.9191392048786209,0.8796789943318929,0.7465050565139798,0.9290209143068665,0.8278222148923888,59,30
4,878,dt_seed4_d5_s80_l70_w0.9.pkl,5,80,70,0.9,0.8233639696650092,0.9612994018998475,0.8870012173677804,0.7278796823388853,0.9584490098093652,0.8274016377072099,59,30
4,879,dt_seed4_d5_s80_l70_w1.0.pkl,5,80,70,1.0,0.8332770314164696,0.9401606661193855,0.8834979542918544,0.7300784034212402,0.9478993151952619,0.8248510227089708,59,30
4,880,dt_seed4_d5_s100_l40_w0.6.pkl,5,100,40,0.6,0.8511813865674542,0.8988213908760408,0.8743529411764706,0.7586313193588162,0.9109753840459004,0.8278529980657641,63,32
4,881,dt_seed4_d5_s100_l40_w0.7.pkl,5,100,40,0.7,0.8436196269480257,0.9189339744341504,0.8796677004251975,0.7474295932051855,0.9283731260410882,0.828132738979693,63,32
4,882,dt_seed4_d5_s100_l40_w0.8.pkl,5,100,40,0.8,0.8421954484605088,0.9222469801806028,0.8804052730275127,0.7457401096458735,0.9315195261891541,0.8283410138248848,61,31
4,883,dt_seed4_d5_s100_l40_w0.9.pkl,5,100,40,0.9,0.8232254828191623,0.9622962354872757,0.8873448863175538,0.7281485127628156,0.9582639274477143,0.8275062932033403,61,31
4,884,dt_seed4_d5_s100_l40_w1.0.pkl,5,100,40,1.0,0.8332770314164696,0.9401606661193855,0.8834979542918544,0.7300784034212402,0.9478993151952619,0.8248510227089708,61,31
4,885,dt_seed4_d5_s100_l50_w0.6.pkl,5,100,50,0.6,0.8515223133602113,0.8978831945584613,0.8740884506157864,0.7593050193050193,0.9099574310568203,0.8278329685132177,63,32
4,886,dt_seed4_d5_s100_l50_w0.7.pkl,5,100,50,0.7,0.8443359322308253,0.9175853172276299,0.8794380049174569,0.7480779278943047,0.9274477142328336,0.8281617981241994,63,32
4,887,dt_seed4_d5_s100_l50_w0.8.pkl,5,100,50,0.8,0.8432236400268637,0.9202826316406708,0.8800695330352011,0.7464736451373423,0.930501573200074,0.8283901796012523,61,31
4,888,dt_seed4_d5_s100_l50_w0.9.pkl,5,100,50,0.9,0.8241288212353756,0.9603318869473437,0.8870323480427336,0.7288099767491016,0.9572459744586341,0.827553102124085,61,31
4,889,dt_seed4_d5_s100_l50_w1.0.pkl,5,100,50,1.0,0.8332770314164696,0.9401606661193855,0.8834979542918544,0.7300784034212402,0.9478993151952619,0.8248510227089708,61,31
4,890,dt_seed4_d5_s100_l60_w0.6.pkl,5,100,60,0.6,0.8511051871598356,0.8986161604315703,0.8742156303479749,0.759190608588199,0.9096798075143439,0.8276500799865286,63,32
4,891,dt_seed4_d5_s100_l60_w0.7.pkl,5,100,60,0.7,0.8443167098445595,0.9172921308783863,0.8792929009049519,0.7480762047067613,0.9266148436054044,0.8278285312719607,63,32
4,892,dt_seed4_d5_s100_l60_w0.8.pkl,5,100,60,0.8,0.8431641149610529,0.9203412689105195,0.8800639210518938,0.7464736451373423,0.930501573200074,0.8283901796012523,61,31
4,893,dt_seed4_d5_s100_l60_w0.9.pkl,5,100,60,0.9,0.8240754716981132,0.9603905242171924,0.8870264561726556,0.7288099767491016,0.9572459744586341,0.827553102124085,61,31
4,894,dt_seed4_d5_s100_l60_w1.0.pkl,5,100,60,1.0,0.8332770314164696,0.9401606661193855,0.8834979542918544,0.7300784034212402,0.9478993151952619,0.8248510227089708,61,31
4,895,dt_seed4_d5_s100_l70_w0.6.pkl,5,100,70,0.6,0.8514242795148548,0.897355459129823,0.8737866849377641,0.759266424204906,0.9080140662594854,0.8270049306755447,61,31
4,896,dt_seed4_d5_s100_l70_w0.7.pkl,5,100,70,0.7,0.8446150519031141,0.916031429576639,0.8788748241912799,0.7481287425149701,0.924949102350546,0.8271952329719441,61,31
4,897,dt_seed4_d5_s100_l70_w0.8.pkl,5,100,70,0.8,0.8434674989238055,0.9191392048786209,0.8796789943318929,0.7465050565139798,0.9290209143068665,0.8278222148923888,59,30
4,898,dt_seed4_d5_s100_l70_w0.9.pkl,5,100,70,0.9,0.8233639696650092,0.9612994018998475,0.8870012173677804,0.7278796823388853,0.9584490098093652,0.8274016377072099,59,30
4,899,dt_seed4_d5_s100_l70_w1.0.pkl,5,100,70,1.0,0.8332770314164696,0.9401606661193855,0.8834979542918544,0.7300784034212402,0.9478993151952619,0.8248510227089708,59,30
