model_id,model_file,max_depth,min_samples_split,min_samples_leaf,class_weight_factor,train_precision,train_recall,train_f1,test_precision,test_recall,test_f1
0,dt_NOF_RFC_d4_s40_l20_w0.2.pkl,4,40,20,0.2,0.9416659005240415,0.8045322441285052,0.8677143341240258,0.9223968565815324,0.7796844727373374,0.8450577471126444
1,dt_NOF_RFC_d4_s40_l20_w0.3.pkl,4,40,20,0.3,0.9415584415584416,0.8086560364464692,0.8700612719205578,0.9224137931034483,0.7848048712980902,0.84806340660984
2,dt_NOF_RFC_d4_s40_l20_w0.4.pkl,4,40,20,0.4,0.9296753583146261,0.8457701673081455,0.8857401390202773,0.9149680559780955,0.8324107389980625,0.8717391304347826
3,dt_NOF_RFC_d4_s40_l20_w0.5.pkl,4,40,20,0.5,0.9276825043835265,0.8519362186788155,0.8881973589927321,0.914630467571644,0.8391918073623028,0.8752886836027713
4,dt_NOF_RFC_d4_s40_l20_w0.6.pkl,4,40,20,0.6,0.8981646844245165,0.92832456209253,0.9129956159833137,0.8908732764281024,0.9388319955715472,0.9142241088875412
5,dt_NOF_RFC_d4_s40_l20_w0.7.pkl,4,40,20,0.7,0.8958898944193062,0.9331160160238787,0.9141241198876534,0.8881219067465486,0.9436756158317188,0.9150563607085346
6,dt_NOF_RFC_d4_s40_l20_w0.8.pkl,4,40,20,0.8,0.8958898944193062,0.9331160160238787,0.9141241198876534,0.8881219067465486,0.9436756158317188,0.9150563607085346
7,dt_NOF_RFC_d4_s40_l20_w0.9.pkl,4,40,20,0.9,0.8872898156986563,0.9491791689576624,0.91719165085389,0.8770460601446517,0.9565458068087462,0.9150724829549216
8,dt_NOF_RFC_d4_s40_l20_w1.0.pkl,4,40,20,1.0,0.8772733731173629,0.9699552273976907,0.9212892155034133,0.868828297715549,0.9789648491558262,0.9206142634044768
9,dt_NOF_RFC_d4_s40_l30_w0.2.pkl,4,40,30,0.2,0.9416659005240415,0.8045322441285052,0.8677143341240258,0.9223968565815324,0.7796844727373374,0.8450577471126444
10,dt_NOF_RFC_d4_s40_l30_w0.3.pkl,4,40,30,0.3,0.9415584415584416,0.8086560364464692,0.8700612719205578,0.9224137931034483,0.7848048712980902,0.84806340660984
11,dt_NOF_RFC_d4_s40_l30_w0.4.pkl,4,40,30,0.4,0.9296753583146261,0.8457701673081455,0.8857401390202773,0.9149680559780955,0.8324107389980625,0.8717391304347826
12,dt_NOF_RFC_d4_s40_l30_w0.5.pkl,4,40,30,0.5,0.9279445134221005,0.8512292828528788,0.8879329769147258,0.915282392026578,0.8387766399114309,0.8753610629693819
13,dt_NOF_RFC_d4_s40_l30_w0.6.pkl,4,40,30,0.6,0.898402434385698,0.9276176262665934,0.9127763178234658,0.891415801235704,0.9384168281206753,0.9143126811838468
14,dt_NOF_RFC_d4_s40_l30_w0.7.pkl,4,40,30,0.7,0.8957885608716962,0.9331160160238787,0.9140713667404059,0.888006250813908,0.9436756158317188,0.9149949681314995
15,dt_NOF_RFC_d4_s40_l30_w0.8.pkl,4,40,30,0.8,0.8957885608716962,0.9331160160238787,0.9140713667404059,0.888006250813908,0.9436756158317188,0.9149949681314995
16,dt_NOF_RFC_d4_s40_l30_w0.9.pkl,4,40,30,0.9,0.8871921001431665,0.9491791689576624,0.917139441777508,0.8769347881248414,0.9565458068087462,0.9150119142176331
17,dt_NOF_RFC_d4_s40_l30_w1.0.pkl,4,40,30,1.0,0.8771798969987569,0.9699552273976907,0.9212376671578044,0.8687216013754144,0.9789648491558262,0.9205543626781183
18,dt_NOF_RFC_d4_s40_l40_w0.2.pkl,4,40,40,0.2,0.9416659005240415,0.8045322441285052,0.8677143341240258,0.9223968565815324,0.7796844727373374,0.8450577471126444
19,dt_NOF_RFC_d4_s40_l40_w0.3.pkl,4,40,40,0.3,0.9415584415584416,0.8086560364464692,0.8700612719205578,0.9224137931034483,0.7848048712980902,0.84806340660984
20,dt_NOF_RFC_d4_s40_l40_w0.4.pkl,4,40,40,0.4,0.930989526748077,0.8413714555023172,0.8839147566686609,0.9160410602114294,0.8274287295876004,0.8694830218861339
21,dt_NOF_RFC_d4_s40_l40_w0.5.pkl,4,40,40,0.5,0.9279445134221005,0.8512292828528788,0.8879329769147258,0.915282392026578,0.8387766399114309,0.8753610629693819
22,dt_NOF_RFC_d4_s40_l40_w0.6.pkl,4,40,40,0.6,0.898402434385698,0.9276176262665934,0.9127763178234658,0.891415801235704,0.9384168281206753,0.9143126811838468
23,dt_NOF_RFC_d4_s40_l40_w0.7.pkl,4,40,40,0.7,0.896209318130333,0.9322519833477338,0.9138754138754138,0.8887584767866458,0.9431220592305564,0.9151336108500067
24,dt_NOF_RFC_d4_s40_l40_w0.8.pkl,4,40,40,0.8,0.896209318130333,0.9322519833477338,0.9138754138754138,0.8887584767866458,0.9431220592305564,0.9151336108500067
25,dt_NOF_RFC_d4_s40_l40_w0.9.pkl,4,40,40,0.9,0.887033434873564,0.9492184431702144,0.9170729856381263,0.8768879299403478,0.9561306393578743,0.9147964250248262
26,dt_NOF_RFC_d4_s40_l40_w1.0.pkl,4,40,40,1.0,0.8769525702925305,0.9701515984604508,0.921200820436323,0.8685826578236305,0.9786880708552449,0.9203539823008849
27,dt_NOF_RFC_d4_s40_l50_w0.2.pkl,4,40,50,0.2,0.9416659005240415,0.8045322441285052,0.8677143341240258,0.9223968565815324,0.7796844727373374,0.8450577471126444
28,dt_NOF_RFC_d4_s40_l50_w0.3.pkl,4,40,50,0.3,0.9415584415584416,0.8086560364464692,0.8700612719205578,0.9224137931034483,0.7848048712980902,0.84806340660984
29,dt_NOF_RFC_d4_s40_l50_w0.4.pkl,4,40,50,0.4,0.930989526748077,0.8413714555023172,0.8839147566686609,0.9160410602114294,0.8274287295876004,0.8694830218861339
30,dt_NOF_RFC_d4_s40_l50_w0.5.pkl,4,40,50,0.5,0.9279445134221005,0.8512292828528788,0.8879329769147258,0.915282392026578,0.8387766399114309,0.8753610629693819
31,dt_NOF_RFC_d4_s40_l50_w0.6.pkl,4,40,50,0.6,0.8974368710841086,0.928206739454874,0.9125625036199008,0.8907993174957344,0.9392471630224191,0.9143819467834288
32,dt_NOF_RFC_d4_s40_l50_w0.7.pkl,4,40,50,0.7,0.8963472216975786,0.9319377896473175,0.913796091267931,0.8888308977035491,0.9427068917796845,0.9149764942914708
33,dt_NOF_RFC_d4_s40_l50_w0.8.pkl,4,40,50,0.8,0.8963472216975786,0.9319377896473175,0.913796091267931,0.8888308977035491,0.9427068917796845,0.9149764942914708
34,dt_NOF_RFC_d4_s40_l50_w0.9.pkl,4,40,50,0.9,0.8877202015372734,0.9480009425811012,0.9168708335707367,0.8777170458878861,0.9555770827567118,0.91499370569138
35,dt_NOF_RFC_d4_s40_l50_w1.0.pkl,4,40,50,1.0,0.8774755555555556,0.969248291571754,0.9210816056133018,0.8693139906565036,0.9785496817049544,0.920703125
36,dt_NOF_RFC_d4_s40_l60_w0.2.pkl,4,40,60,0.2,0.9416659005240415,0.8045322441285052,0.8677143341240258,0.9223968565815324,0.7796844727373374,0.8450577471126444
37,dt_NOF_RFC_d4_s40_l60_w0.3.pkl,4,40,60,0.3,0.9415584415584416,0.8086560364464692,0.8700612719205578,0.9224137931034483,0.7848048712980902,0.84806340660984
38,dt_NOF_RFC_d4_s40_l60_w0.4.pkl,4,40,60,0.4,0.930989526748077,0.8413714555023172,0.8839147566686609,0.9160410602114294,0.8274287295876004,0.8694830218861339
39,dt_NOF_RFC_d4_s40_l60_w0.5.pkl,4,40,60,0.5,0.9279445134221005,0.8512292828528788,0.8879329769147258,0.915282392026578,0.8387766399114309,0.8753610629693819
40,dt_NOF_RFC_d4_s40_l60_w0.6.pkl,4,40,60,0.6,0.8974368710841086,0.928206739454874,0.9125625036199008,0.8907993174957344,0.9392471630224191,0.9143819467834288
41,dt_NOF_RFC_d4_s40_l60_w0.7.pkl,4,40,60,0.7,0.896343306134784,0.9318985154347655,0.9137751761851581,0.8888308977035491,0.9427068917796845,0.9149764942914708
42,dt_NOF_RFC_d4_s40_l60_w0.8.pkl,4,40,60,0.8,0.896343306134784,0.9318985154347655,0.9137751761851581,0.8888308977035491,0.9427068917796845,0.9149764942914708
43,dt_NOF_RFC_d4_s40_l60_w0.9.pkl,4,40,60,0.9,0.8877160720853254,0.9479616683685492,0.9168502620983059,0.8777170458878861,0.9555770827567118,0.91499370569138
44,dt_NOF_RFC_d4_s40_l60_w1.0.pkl,4,40,60,1.0,0.8773102075632642,0.9694446626345142,0.9210791447442068,0.8691002949852508,0.9785496817049544,0.9205832573883609
45,dt_NOF_RFC_d4_s60_l20_w0.2.pkl,4,60,20,0.2,0.9416659005240415,0.8045322441285052,0.8677143341240258,0.9223968565815324,0.7796844727373374,0.8450577471126444
46,dt_NOF_RFC_d4_s60_l20_w0.3.pkl,4,60,20,0.3,0.9415584415584416,0.8086560364464692,0.8700612719205578,0.9224137931034483,0.7848048712980902,0.84806340660984
47,dt_NOF_RFC_d4_s60_l20_w0.4.pkl,4,60,20,0.4,0.9296753583146261,0.8457701673081455,0.8857401390202773,0.9149680559780955,0.8324107389980625,0.8717391304347826
48,dt_NOF_RFC_d4_s60_l20_w0.5.pkl,4,60,20,0.5,0.9276825043835265,0.8519362186788155,0.8881973589927321,0.914630467571644,0.8391918073623028,0.8752886836027713
49,dt_NOF_RFC_d4_s60_l20_w0.6.pkl,4,60,20,0.6,0.8981646844245165,0.92832456209253,0.9129956159833137,0.8908732764281024,0.9388319955715472,0.9142241088875412
50,dt_NOF_RFC_d4_s60_l20_w0.7.pkl,4,60,20,0.7,0.8958898944193062,0.9331160160238787,0.9141241198876534,0.8881219067465486,0.9436756158317188,0.9150563607085346
51,dt_NOF_RFC_d4_s60_l20_w0.8.pkl,4,60,20,0.8,0.8958898944193062,0.9331160160238787,0.9141241198876534,0.8881219067465486,0.9436756158317188,0.9150563607085346
52,dt_NOF_RFC_d4_s60_l20_w0.9.pkl,4,60,20,0.9,0.8872898156986563,0.9491791689576624,0.91719165085389,0.8770460601446517,0.9565458068087462,0.9150724829549216
53,dt_NOF_RFC_d4_s60_l20_w1.0.pkl,4,60,20,1.0,0.8772733731173629,0.9699552273976907,0.9212892155034133,0.868828297715549,0.9789648491558262,0.9206142634044768
54,dt_NOF_RFC_d4_s60_l30_w0.2.pkl,4,60,30,0.2,0.9416659005240415,0.8045322441285052,0.8677143341240258,0.9223968565815324,0.7796844727373374,0.8450577471126444
55,dt_NOF_RFC_d4_s60_l30_w0.3.pkl,4,60,30,0.3,0.9415584415584416,0.8086560364464692,0.8700612719205578,0.9224137931034483,0.7848048712980902,0.84806340660984
56,dt_NOF_RFC_d4_s60_l30_w0.4.pkl,4,60,30,0.4,0.9296753583146261,0.8457701673081455,0.8857401390202773,0.9149680559780955,0.8324107389980625,0.8717391304347826
57,dt_NOF_RFC_d4_s60_l30_w0.5.pkl,4,60,30,0.5,0.9279445134221005,0.8512292828528788,0.8879329769147258,0.915282392026578,0.8387766399114309,0.8753610629693819
58,dt_NOF_RFC_d4_s60_l30_w0.6.pkl,4,60,30,0.6,0.898402434385698,0.9276176262665934,0.9127763178234658,0.891415801235704,0.9384168281206753,0.9143126811838468
59,dt_NOF_RFC_d4_s60_l30_w0.7.pkl,4,60,30,0.7,0.8957885608716962,0.9331160160238787,0.9140713667404059,0.888006250813908,0.9436756158317188,0.9149949681314995
60,dt_NOF_RFC_d4_s60_l30_w0.8.pkl,4,60,30,0.8,0.8957885608716962,0.9331160160238787,0.9140713667404059,0.888006250813908,0.9436756158317188,0.9149949681314995
61,dt_NOF_RFC_d4_s60_l30_w0.9.pkl,4,60,30,0.9,0.8871921001431665,0.9491791689576624,0.917139441777508,0.8769347881248414,0.9565458068087462,0.9150119142176331
62,dt_NOF_RFC_d4_s60_l30_w1.0.pkl,4,60,30,1.0,0.8771798969987569,0.9699552273976907,0.9212376671578044,0.8687216013754144,0.9789648491558262,0.9205543626781183
63,dt_NOF_RFC_d4_s60_l40_w0.2.pkl,4,60,40,0.2,0.9416659005240415,0.8045322441285052,0.8677143341240258,0.9223968565815324,0.7796844727373374,0.8450577471126444
64,dt_NOF_RFC_d4_s60_l40_w0.3.pkl,4,60,40,0.3,0.9415584415584416,0.8086560364464692,0.8700612719205578,0.9224137931034483,0.7848048712980902,0.84806340660984
65,dt_NOF_RFC_d4_s60_l40_w0.4.pkl,4,60,40,0.4,0.930989526748077,0.8413714555023172,0.8839147566686609,0.9160410602114294,0.8274287295876004,0.8694830218861339
66,dt_NOF_RFC_d4_s60_l40_w0.5.pkl,4,60,40,0.5,0.9279445134221005,0.8512292828528788,0.8879329769147258,0.915282392026578,0.8387766399114309,0.8753610629693819
67,dt_NOF_RFC_d4_s60_l40_w0.6.pkl,4,60,40,0.6,0.898402434385698,0.9276176262665934,0.9127763178234658,0.891415801235704,0.9384168281206753,0.9143126811838468
68,dt_NOF_RFC_d4_s60_l40_w0.7.pkl,4,60,40,0.7,0.896209318130333,0.9322519833477338,0.9138754138754138,0.8887584767866458,0.9431220592305564,0.9151336108500067
69,dt_NOF_RFC_d4_s60_l40_w0.8.pkl,4,60,40,0.8,0.896209318130333,0.9322519833477338,0.9138754138754138,0.8887584767866458,0.9431220592305564,0.9151336108500067
70,dt_NOF_RFC_d4_s60_l40_w0.9.pkl,4,60,40,0.9,0.887033434873564,0.9492184431702144,0.9170729856381263,0.8768879299403478,0.9561306393578743,0.9147964250248262
71,dt_NOF_RFC_d4_s60_l40_w1.0.pkl,4,60,40,1.0,0.8769525702925305,0.9701515984604508,0.921200820436323,0.8685826578236305,0.9786880708552449,0.9203539823008849
72,dt_NOF_RFC_d4_s60_l50_w0.2.pkl,4,60,50,0.2,0.9416659005240415,0.8045322441285052,0.8677143341240258,0.9223968565815324,0.7796844727373374,0.8450577471126444
73,dt_NOF_RFC_d4_s60_l50_w0.3.pkl,4,60,50,0.3,0.9415584415584416,0.8086560364464692,0.8700612719205578,0.9224137931034483,0.7848048712980902,0.84806340660984
74,dt_NOF_RFC_d4_s60_l50_w0.4.pkl,4,60,50,0.4,0.930989526748077,0.8413714555023172,0.8839147566686609,0.9160410602114294,0.8274287295876004,0.8694830218861339
75,dt_NOF_RFC_d4_s60_l50_w0.5.pkl,4,60,50,0.5,0.9279445134221005,0.8512292828528788,0.8879329769147258,0.915282392026578,0.8387766399114309,0.8753610629693819
76,dt_NOF_RFC_d4_s60_l50_w0.6.pkl,4,60,50,0.6,0.8974368710841086,0.928206739454874,0.9125625036199008,0.8907993174957344,0.9392471630224191,0.9143819467834288
77,dt_NOF_RFC_d4_s60_l50_w0.7.pkl,4,60,50,0.7,0.8963472216975786,0.9319377896473175,0.913796091267931,0.8888308977035491,0.9427068917796845,0.9149764942914708
78,dt_NOF_RFC_d4_s60_l50_w0.8.pkl,4,60,50,0.8,0.8963472216975786,0.9319377896473175,0.913796091267931,0.8888308977035491,0.9427068917796845,0.9149764942914708
79,dt_NOF_RFC_d4_s60_l50_w0.9.pkl,4,60,50,0.9,0.8877202015372734,0.9480009425811012,0.9168708335707367,0.8777170458878861,0.9555770827567118,0.91499370569138
80,dt_NOF_RFC_d4_s60_l50_w1.0.pkl,4,60,50,1.0,0.8774755555555556,0.969248291571754,0.9210816056133018,0.8693139906565036,0.9785496817049544,0.920703125
81,dt_NOF_RFC_d4_s60_l60_w0.2.pkl,4,60,60,0.2,0.9416659005240415,0.8045322441285052,0.8677143341240258,0.9223968565815324,0.7796844727373374,0.8450577471126444
82,dt_NOF_RFC_d4_s60_l60_w0.3.pkl,4,60,60,0.3,0.9415584415584416,0.8086560364464692,0.8700612719205578,0.9224137931034483,0.7848048712980902,0.84806340660984
83,dt_NOF_RFC_d4_s60_l60_w0.4.pkl,4,60,60,0.4,0.930989526748077,0.8413714555023172,0.8839147566686609,0.9160410602114294,0.8274287295876004,0.8694830218861339
84,dt_NOF_RFC_d4_s60_l60_w0.5.pkl,4,60,60,0.5,0.9279445134221005,0.8512292828528788,0.8879329769147258,0.915282392026578,0.8387766399114309,0.8753610629693819
85,dt_NOF_RFC_d4_s60_l60_w0.6.pkl,4,60,60,0.6,0.8974368710841086,0.928206739454874,0.9125625036199008,0.8907993174957344,0.9392471630224191,0.9143819467834288
86,dt_NOF_RFC_d4_s60_l60_w0.7.pkl,4,60,60,0.7,0.896343306134784,0.9318985154347655,0.9137751761851581,0.8888308977035491,0.9427068917796845,0.9149764942914708
87,dt_NOF_RFC_d4_s60_l60_w0.8.pkl,4,60,60,0.8,0.896343306134784,0.9318985154347655,0.9137751761851581,0.8888308977035491,0.9427068917796845,0.9149764942914708
88,dt_NOF_RFC_d4_s60_l60_w0.9.pkl,4,60,60,0.9,0.8877160720853254,0.9479616683685492,0.9168502620983059,0.8777170458878861,0.9555770827567118,0.91499370569138
89,dt_NOF_RFC_d4_s60_l60_w1.0.pkl,4,60,60,1.0,0.8773102075632642,0.9694446626345142,0.9210791447442068,0.8691002949852508,0.9785496817049544,0.9205832573883609
90,dt_NOF_RFC_d4_s80_l20_w0.2.pkl,4,80,20,0.2,0.9416659005240415,0.8045322441285052,0.8677143341240258,0.9223968565815324,0.7796844727373374,0.8450577471126444
91,dt_NOF_RFC_d4_s80_l20_w0.3.pkl,4,80,20,0.3,0.9415584415584416,0.8086560364464692,0.8700612719205578,0.9224137931034483,0.7848048712980902,0.84806340660984
92,dt_NOF_RFC_d4_s80_l20_w0.4.pkl,4,80,20,0.4,0.9296753583146261,0.8457701673081455,0.8857401390202773,0.9149680559780955,0.8324107389980625,0.8717391304347826
93,dt_NOF_RFC_d4_s80_l20_w0.5.pkl,4,80,20,0.5,0.9276825043835265,0.8519362186788155,0.8881973589927321,0.914630467571644,0.8391918073623028,0.8752886836027713
94,dt_NOF_RFC_d4_s80_l20_w0.6.pkl,4,80,20,0.6,0.8981646844245165,0.92832456209253,0.9129956159833137,0.8908732764281024,0.9388319955715472,0.9142241088875412
95,dt_NOF_RFC_d4_s80_l20_w0.7.pkl,4,80,20,0.7,0.8958898944193062,0.9331160160238787,0.9141241198876534,0.8881219067465486,0.9436756158317188,0.9150563607085346
96,dt_NOF_RFC_d4_s80_l20_w0.8.pkl,4,80,20,0.8,0.8958898944193062,0.9331160160238787,0.9141241198876534,0.8881219067465486,0.9436756158317188,0.9150563607085346
97,dt_NOF_RFC_d4_s80_l20_w0.9.pkl,4,80,20,0.9,0.8872898156986563,0.9491791689576624,0.91719165085389,0.8770460601446517,0.9565458068087462,0.9150724829549216
98,dt_NOF_RFC_d4_s80_l20_w1.0.pkl,4,80,20,1.0,0.8772733731173629,0.9699552273976907,0.9212892155034133,0.868828297715549,0.9789648491558262,0.9206142634044768
99,dt_NOF_RFC_d4_s80_l30_w0.2.pkl,4,80,30,0.2,0.9416659005240415,0.8045322441285052,0.8677143341240258,0.9223968565815324,0.7796844727373374,0.8450577471126444
100,dt_NOF_RFC_d4_s80_l30_w0.3.pkl,4,80,30,0.3,0.9415584415584416,0.8086560364464692,0.8700612719205578,0.9224137931034483,0.7848048712980902,0.84806340660984
101,dt_NOF_RFC_d4_s80_l30_w0.4.pkl,4,80,30,0.4,0.9296753583146261,0.8457701673081455,0.8857401390202773,0.9149680559780955,0.8324107389980625,0.8717391304347826
102,dt_NOF_RFC_d4_s80_l30_w0.5.pkl,4,80,30,0.5,0.9279445134221005,0.8512292828528788,0.8879329769147258,0.915282392026578,0.8387766399114309,0.8753610629693819
103,dt_NOF_RFC_d4_s80_l30_w0.6.pkl,4,80,30,0.6,0.898402434385698,0.9276176262665934,0.9127763178234658,0.891415801235704,0.9384168281206753,0.9143126811838468
104,dt_NOF_RFC_d4_s80_l30_w0.7.pkl,4,80,30,0.7,0.8957885608716962,0.9331160160238787,0.9140713667404059,0.888006250813908,0.9436756158317188,0.9149949681314995
105,dt_NOF_RFC_d4_s80_l30_w0.8.pkl,4,80,30,0.8,0.8957885608716962,0.9331160160238787,0.9140713667404059,0.888006250813908,0.9436756158317188,0.9149949681314995
106,dt_NOF_RFC_d4_s80_l30_w0.9.pkl,4,80,30,0.9,0.8871921001431665,0.9491791689576624,0.917139441777508,0.8769347881248414,0.9565458068087462,0.9150119142176331
107,dt_NOF_RFC_d4_s80_l30_w1.0.pkl,4,80,30,1.0,0.8771798969987569,0.9699552273976907,0.9212376671578044,0.8687216013754144,0.9789648491558262,0.9205543626781183
108,dt_NOF_RFC_d4_s80_l40_w0.2.pkl,4,80,40,0.2,0.9416659005240415,0.8045322441285052,0.8677143341240258,0.9223968565815324,0.7796844727373374,0.8450577471126444
109,dt_NOF_RFC_d4_s80_l40_w0.3.pkl,4,80,40,0.3,0.9415584415584416,0.8086560364464692,0.8700612719205578,0.9224137931034483,0.7848048712980902,0.84806340660984
110,dt_NOF_RFC_d4_s80_l40_w0.4.pkl,4,80,40,0.4,0.930989526748077,0.8413714555023172,0.8839147566686609,0.9160410602114294,0.8274287295876004,0.8694830218861339
111,dt_NOF_RFC_d4_s80_l40_w0.5.pkl,4,80,40,0.5,0.9279445134221005,0.8512292828528788,0.8879329769147258,0.915282392026578,0.8387766399114309,0.8753610629693819
112,dt_NOF_RFC_d4_s80_l40_w0.6.pkl,4,80,40,0.6,0.898402434385698,0.9276176262665934,0.9127763178234658,0.891415801235704,0.9384168281206753,0.9143126811838468
113,dt_NOF_RFC_d4_s80_l40_w0.7.pkl,4,80,40,0.7,0.896209318130333,0.9322519833477338,0.9138754138754138,0.8887584767866458,0.9431220592305564,0.9151336108500067
114,dt_NOF_RFC_d4_s80_l40_w0.8.pkl,4,80,40,0.8,0.896209318130333,0.9322519833477338,0.9138754138754138,0.8887584767866458,0.9431220592305564,0.9151336108500067
115,dt_NOF_RFC_d4_s80_l40_w0.9.pkl,4,80,40,0.9,0.887033434873564,0.9492184431702144,0.9170729856381263,0.8768879299403478,0.9561306393578743,0.9147964250248262
116,dt_NOF_RFC_d4_s80_l40_w1.0.pkl,4,80,40,1.0,0.8769525702925305,0.9701515984604508,0.921200820436323,0.8685826578236305,0.9786880708552449,0.9203539823008849
117,dt_NOF_RFC_d4_s80_l50_w0.2.pkl,4,80,50,0.2,0.9416659005240415,0.8045322441285052,0.8677143341240258,0.9223968565815324,0.7796844727373374,0.8450577471126444
118,dt_NOF_RFC_d4_s80_l50_w0.3.pkl,4,80,50,0.3,0.9415584415584416,0.8086560364464692,0.8700612719205578,0.9224137931034483,0.7848048712980902,0.84806340660984
119,dt_NOF_RFC_d4_s80_l50_w0.4.pkl,4,80,50,0.4,0.930989526748077,0.8413714555023172,0.8839147566686609,0.9160410602114294,0.8274287295876004,0.8694830218861339
120,dt_NOF_RFC_d4_s80_l50_w0.5.pkl,4,80,50,0.5,0.9279445134221005,0.8512292828528788,0.8879329769147258,0.915282392026578,0.8387766399114309,0.8753610629693819
121,dt_NOF_RFC_d4_s80_l50_w0.6.pkl,4,80,50,0.6,0.8974368710841086,0.928206739454874,0.9125625036199008,0.8907993174957344,0.9392471630224191,0.9143819467834288
122,dt_NOF_RFC_d4_s80_l50_w0.7.pkl,4,80,50,0.7,0.8963472216975786,0.9319377896473175,0.913796091267931,0.8888308977035491,0.9427068917796845,0.9149764942914708
123,dt_NOF_RFC_d4_s80_l50_w0.8.pkl,4,80,50,0.8,0.8963472216975786,0.9319377896473175,0.913796091267931,0.8888308977035491,0.9427068917796845,0.9149764942914708
124,dt_NOF_RFC_d4_s80_l50_w0.9.pkl,4,80,50,0.9,0.8877202015372734,0.9480009425811012,0.9168708335707367,0.8777170458878861,0.9555770827567118,0.91499370569138
125,dt_NOF_RFC_d4_s80_l50_w1.0.pkl,4,80,50,1.0,0.8774755555555556,0.969248291571754,0.9210816056133018,0.8693139906565036,0.9785496817049544,0.920703125
126,dt_NOF_RFC_d4_s80_l60_w0.2.pkl,4,80,60,0.2,0.9416659005240415,0.8045322441285052,0.8677143341240258,0.9223968565815324,0.7796844727373374,0.8450577471126444
127,dt_NOF_RFC_d4_s80_l60_w0.3.pkl,4,80,60,0.3,0.9415584415584416,0.8086560364464692,0.8700612719205578,0.9224137931034483,0.7848048712980902,0.84806340660984
128,dt_NOF_RFC_d4_s80_l60_w0.4.pkl,4,80,60,0.4,0.930989526748077,0.8413714555023172,0.8839147566686609,0.9160410602114294,0.8274287295876004,0.8694830218861339
129,dt_NOF_RFC_d4_s80_l60_w0.5.pkl,4,80,60,0.5,0.9279445134221005,0.8512292828528788,0.8879329769147258,0.915282392026578,0.8387766399114309,0.8753610629693819
130,dt_NOF_RFC_d4_s80_l60_w0.6.pkl,4,80,60,0.6,0.8974368710841086,0.928206739454874,0.9125625036199008,0.8907993174957344,0.9392471630224191,0.9143819467834288
131,dt_NOF_RFC_d4_s80_l60_w0.7.pkl,4,80,60,0.7,0.896343306134784,0.9318985154347655,0.9137751761851581,0.8888308977035491,0.9427068917796845,0.9149764942914708
132,dt_NOF_RFC_d4_s80_l60_w0.8.pkl,4,80,60,0.8,0.896343306134784,0.9318985154347655,0.9137751761851581,0.8888308977035491,0.9427068917796845,0.9149764942914708
133,dt_NOF_RFC_d4_s80_l60_w0.9.pkl,4,80,60,0.9,0.8877160720853254,0.9479616683685492,0.9168502620983059,0.8777170458878861,0.9555770827567118,0.91499370569138
134,dt_NOF_RFC_d4_s80_l60_w1.0.pkl,4,80,60,1.0,0.8773102075632642,0.9694446626345142,0.9210791447442068,0.8691002949852508,0.9785496817049544,0.9205832573883609
135,dt_NOF_RFC_d4_s100_l20_w0.2.pkl,4,100,20,0.2,0.9416659005240415,0.8045322441285052,0.8677143341240258,0.9223968565815324,0.7796844727373374,0.8450577471126444
136,dt_NOF_RFC_d4_s100_l20_w0.3.pkl,4,100,20,0.3,0.9415584415584416,0.8086560364464692,0.8700612719205578,0.9224137931034483,0.7848048712980902,0.84806340660984
137,dt_NOF_RFC_d4_s100_l20_w0.4.pkl,4,100,20,0.4,0.9296753583146261,0.8457701673081455,0.8857401390202773,0.9149680559780955,0.8324107389980625,0.8717391304347826
138,dt_NOF_RFC_d4_s100_l20_w0.5.pkl,4,100,20,0.5,0.9276825043835265,0.8519362186788155,0.8881973589927321,0.914630467571644,0.8391918073623028,0.8752886836027713
139,dt_NOF_RFC_d4_s100_l20_w0.6.pkl,4,100,20,0.6,0.8981646844245165,0.92832456209253,0.9129956159833137,0.8908732764281024,0.9388319955715472,0.9142241088875412
140,dt_NOF_RFC_d4_s100_l20_w0.7.pkl,4,100,20,0.7,0.8958898944193062,0.9331160160238787,0.9141241198876534,0.8881219067465486,0.9436756158317188,0.9150563607085346
141,dt_NOF_RFC_d4_s100_l20_w0.8.pkl,4,100,20,0.8,0.8958898944193062,0.9331160160238787,0.9141241198876534,0.8881219067465486,0.9436756158317188,0.9150563607085346
142,dt_NOF_RFC_d4_s100_l20_w0.9.pkl,4,100,20,0.9,0.8872898156986563,0.9491791689576624,0.91719165085389,0.8770460601446517,0.9565458068087462,0.9150724829549216
143,dt_NOF_RFC_d4_s100_l20_w1.0.pkl,4,100,20,1.0,0.8772733731173629,0.9699552273976907,0.9212892155034133,0.868828297715549,0.9789648491558262,0.9206142634044768
144,dt_NOF_RFC_d4_s100_l30_w0.2.pkl,4,100,30,0.2,0.9416659005240415,0.8045322441285052,0.8677143341240258,0.9223968565815324,0.7796844727373374,0.8450577471126444
145,dt_NOF_RFC_d4_s100_l30_w0.3.pkl,4,100,30,0.3,0.9415584415584416,0.8086560364464692,0.8700612719205578,0.9224137931034483,0.7848048712980902,0.84806340660984
146,dt_NOF_RFC_d4_s100_l30_w0.4.pkl,4,100,30,0.4,0.9296753583146261,0.8457701673081455,0.8857401390202773,0.9149680559780955,0.8324107389980625,0.8717391304347826
147,dt_NOF_RFC_d4_s100_l30_w0.5.pkl,4,100,30,0.5,0.9279445134221005,0.8512292828528788,0.8879329769147258,0.915282392026578,0.8387766399114309,0.8753610629693819
148,dt_NOF_RFC_d4_s100_l30_w0.6.pkl,4,100,30,0.6,0.898402434385698,0.9276176262665934,0.9127763178234658,0.891415801235704,0.9384168281206753,0.9143126811838468
149,dt_NOF_RFC_d4_s100_l30_w0.7.pkl,4,100,30,0.7,0.8957885608716962,0.9331160160238787,0.9140713667404059,0.888006250813908,0.9436756158317188,0.9149949681314995
150,dt_NOF_RFC_d4_s100_l30_w0.8.pkl,4,100,30,0.8,0.8957885608716962,0.9331160160238787,0.9140713667404059,0.888006250813908,0.9436756158317188,0.9149949681314995
151,dt_NOF_RFC_d4_s100_l30_w0.9.pkl,4,100,30,0.9,0.8871921001431665,0.9491791689576624,0.917139441777508,0.8769347881248414,0.9565458068087462,0.9150119142176331
152,dt_NOF_RFC_d4_s100_l30_w1.0.pkl,4,100,30,1.0,0.8771798969987569,0.9699552273976907,0.9212376671578044,0.8687216013754144,0.9789648491558262,0.9205543626781183
153,dt_NOF_RFC_d4_s100_l40_w0.2.pkl,4,100,40,0.2,0.9416659005240415,0.8045322441285052,0.8677143341240258,0.9223968565815324,0.7796844727373374,0.8450577471126444
154,dt_NOF_RFC_d4_s100_l40_w0.3.pkl,4,100,40,0.3,0.9415584415584416,0.8086560364464692,0.8700612719205578,0.9224137931034483,0.7848048712980902,0.84806340660984
155,dt_NOF_RFC_d4_s100_l40_w0.4.pkl,4,100,40,0.4,0.930989526748077,0.8413714555023172,0.8839147566686609,0.9160410602114294,0.8274287295876004,0.8694830218861339
156,dt_NOF_RFC_d4_s100_l40_w0.5.pkl,4,100,40,0.5,0.9279445134221005,0.8512292828528788,0.8879329769147258,0.915282392026578,0.8387766399114309,0.8753610629693819
157,dt_NOF_RFC_d4_s100_l40_w0.6.pkl,4,100,40,0.6,0.898402434385698,0.9276176262665934,0.9127763178234658,0.891415801235704,0.9384168281206753,0.9143126811838468
158,dt_NOF_RFC_d4_s100_l40_w0.7.pkl,4,100,40,0.7,0.896209318130333,0.9322519833477338,0.9138754138754138,0.8887584767866458,0.9431220592305564,0.9151336108500067
159,dt_NOF_RFC_d4_s100_l40_w0.8.pkl,4,100,40,0.8,0.896209318130333,0.9322519833477338,0.9138754138754138,0.8887584767866458,0.9431220592305564,0.9151336108500067
160,dt_NOF_RFC_d4_s100_l40_w0.9.pkl,4,100,40,0.9,0.887033434873564,0.9492184431702144,0.9170729856381263,0.8768879299403478,0.9561306393578743,0.9147964250248262
161,dt_NOF_RFC_d4_s100_l40_w1.0.pkl,4,100,40,1.0,0.8769525702925305,0.9701515984604508,0.921200820436323,0.8685826578236305,0.9786880708552449,0.9203539823008849
162,dt_NOF_RFC_d4_s100_l50_w0.2.pkl,4,100,50,0.2,0.9416659005240415,0.8045322441285052,0.8677143341240258,0.9223968565815324,0.7796844727373374,0.8450577471126444
163,dt_NOF_RFC_d4_s100_l50_w0.3.pkl,4,100,50,0.3,0.9415584415584416,0.8086560364464692,0.8700612719205578,0.9224137931034483,0.7848048712980902,0.84806340660984
164,dt_NOF_RFC_d4_s100_l50_w0.4.pkl,4,100,50,0.4,0.930989526748077,0.8413714555023172,0.8839147566686609,0.9160410602114294,0.8274287295876004,0.8694830218861339
165,dt_NOF_RFC_d4_s100_l50_w0.5.pkl,4,100,50,0.5,0.9279445134221005,0.8512292828528788,0.8879329769147258,0.915282392026578,0.8387766399114309,0.8753610629693819
166,dt_NOF_RFC_d4_s100_l50_w0.6.pkl,4,100,50,0.6,0.8974368710841086,0.928206739454874,0.9125625036199008,0.8907993174957344,0.9392471630224191,0.9143819467834288
167,dt_NOF_RFC_d4_s100_l50_w0.7.pkl,4,100,50,0.7,0.8963472216975786,0.9319377896473175,0.913796091267931,0.8888308977035491,0.9427068917796845,0.9149764942914708
168,dt_NOF_RFC_d4_s100_l50_w0.8.pkl,4,100,50,0.8,0.8963472216975786,0.9319377896473175,0.913796091267931,0.8888308977035491,0.9427068917796845,0.9149764942914708
169,dt_NOF_RFC_d4_s100_l50_w0.9.pkl,4,100,50,0.9,0.8877202015372734,0.9480009425811012,0.9168708335707367,0.8777170458878861,0.9555770827567118,0.91499370569138
170,dt_NOF_RFC_d4_s100_l50_w1.0.pkl,4,100,50,1.0,0.8774755555555556,0.969248291571754,0.9210816056133018,0.8693139906565036,0.9785496817049544,0.920703125
171,dt_NOF_RFC_d4_s100_l60_w0.2.pkl,4,100,60,0.2,0.9416659005240415,0.8045322441285052,0.8677143341240258,0.9223968565815324,0.7796844727373374,0.8450577471126444
172,dt_NOF_RFC_d4_s100_l60_w0.3.pkl,4,100,60,0.3,0.9415584415584416,0.8086560364464692,0.8700612719205578,0.9224137931034483,0.7848048712980902,0.84806340660984
173,dt_NOF_RFC_d4_s100_l60_w0.4.pkl,4,100,60,0.4,0.930989526748077,0.8413714555023172,0.8839147566686609,0.9160410602114294,0.8274287295876004,0.8694830218861339
174,dt_NOF_RFC_d4_s100_l60_w0.5.pkl,4,100,60,0.5,0.9279445134221005,0.8512292828528788,0.8879329769147258,0.915282392026578,0.8387766399114309,0.8753610629693819
175,dt_NOF_RFC_d4_s100_l60_w0.6.pkl,4,100,60,0.6,0.8974368710841086,0.928206739454874,0.9125625036199008,0.8907993174957344,0.9392471630224191,0.9143819467834288
176,dt_NOF_RFC_d4_s100_l60_w0.7.pkl,4,100,60,0.7,0.896343306134784,0.9318985154347655,0.9137751761851581,0.8888308977035491,0.9427068917796845,0.9149764942914708
177,dt_NOF_RFC_d4_s100_l60_w0.8.pkl,4,100,60,0.8,0.896343306134784,0.9318985154347655,0.9137751761851581,0.8888308977035491,0.9427068917796845,0.9149764942914708
178,dt_NOF_RFC_d4_s100_l60_w0.9.pkl,4,100,60,0.9,0.8877160720853254,0.9479616683685492,0.9168502620983059,0.8777170458878861,0.9555770827567118,0.91499370569138
179,dt_NOF_RFC_d4_s100_l60_w1.0.pkl,4,100,60,1.0,0.8773102075632642,0.9694446626345142,0.9210791447442068,0.8691002949852508,0.9785496817049544,0.9205832573883609
180,dt_NOF_RFC_d4_s120_l20_w0.2.pkl,4,120,20,0.2,0.9416659005240415,0.8045322441285052,0.8677143341240258,0.9223968565815324,0.7796844727373374,0.8450577471126444
181,dt_NOF_RFC_d4_s120_l20_w0.3.pkl,4,120,20,0.3,0.9415584415584416,0.8086560364464692,0.8700612719205578,0.9224137931034483,0.7848048712980902,0.84806340660984
182,dt_NOF_RFC_d4_s120_l20_w0.4.pkl,4,120,20,0.4,0.9296753583146261,0.8457701673081455,0.8857401390202773,0.9149680559780955,0.8324107389980625,0.8717391304347826
183,dt_NOF_RFC_d4_s120_l20_w0.5.pkl,4,120,20,0.5,0.9276825043835265,0.8519362186788155,0.8881973589927321,0.914630467571644,0.8391918073623028,0.8752886836027713
184,dt_NOF_RFC_d4_s120_l20_w0.6.pkl,4,120,20,0.6,0.8981646844245165,0.92832456209253,0.9129956159833137,0.8908732764281024,0.9388319955715472,0.9142241088875412
185,dt_NOF_RFC_d4_s120_l20_w0.7.pkl,4,120,20,0.7,0.8958898944193062,0.9331160160238787,0.9141241198876534,0.8881219067465486,0.9436756158317188,0.9150563607085346
186,dt_NOF_RFC_d4_s120_l20_w0.8.pkl,4,120,20,0.8,0.8958898944193062,0.9331160160238787,0.9141241198876534,0.8881219067465486,0.9436756158317188,0.9150563607085346
187,dt_NOF_RFC_d4_s120_l20_w0.9.pkl,4,120,20,0.9,0.8872898156986563,0.9491791689576624,0.91719165085389,0.8770460601446517,0.9565458068087462,0.9150724829549216
188,dt_NOF_RFC_d4_s120_l20_w1.0.pkl,4,120,20,1.0,0.8772733731173629,0.9699552273976907,0.9212892155034133,0.868828297715549,0.9789648491558262,0.9206142634044768
189,dt_NOF_RFC_d4_s120_l30_w0.2.pkl,4,120,30,0.2,0.9416659005240415,0.8045322441285052,0.8677143341240258,0.9223968565815324,0.7796844727373374,0.8450577471126444
190,dt_NOF_RFC_d4_s120_l30_w0.3.pkl,4,120,30,0.3,0.9415584415584416,0.8086560364464692,0.8700612719205578,0.9224137931034483,0.7848048712980902,0.84806340660984
191,dt_NOF_RFC_d4_s120_l30_w0.4.pkl,4,120,30,0.4,0.9296753583146261,0.8457701673081455,0.8857401390202773,0.9149680559780955,0.8324107389980625,0.8717391304347826
192,dt_NOF_RFC_d4_s120_l30_w0.5.pkl,4,120,30,0.5,0.9279445134221005,0.8512292828528788,0.8879329769147258,0.915282392026578,0.8387766399114309,0.8753610629693819
193,dt_NOF_RFC_d4_s120_l30_w0.6.pkl,4,120,30,0.6,0.898402434385698,0.9276176262665934,0.9127763178234658,0.891415801235704,0.9384168281206753,0.9143126811838468
194,dt_NOF_RFC_d4_s120_l30_w0.7.pkl,4,120,30,0.7,0.8957885608716962,0.9331160160238787,0.9140713667404059,0.888006250813908,0.9436756158317188,0.9149949681314995
195,dt_NOF_RFC_d4_s120_l30_w0.8.pkl,4,120,30,0.8,0.8957885608716962,0.9331160160238787,0.9140713667404059,0.888006250813908,0.9436756158317188,0.9149949681314995
196,dt_NOF_RFC_d4_s120_l30_w0.9.pkl,4,120,30,0.9,0.8871921001431665,0.9491791689576624,0.917139441777508,0.8769347881248414,0.9565458068087462,0.9150119142176331
197,dt_NOF_RFC_d4_s120_l30_w1.0.pkl,4,120,30,1.0,0.8771798969987569,0.9699552273976907,0.9212376671578044,0.8687216013754144,0.9789648491558262,0.9205543626781183
198,dt_NOF_RFC_d4_s120_l40_w0.2.pkl,4,120,40,0.2,0.9416659005240415,0.8045322441285052,0.8677143341240258,0.9223968565815324,0.7796844727373374,0.8450577471126444
199,dt_NOF_RFC_d4_s120_l40_w0.3.pkl,4,120,40,0.3,0.9415584415584416,0.8086560364464692,0.8700612719205578,0.9224137931034483,0.7848048712980902,0.84806340660984
200,dt_NOF_RFC_d4_s120_l40_w0.4.pkl,4,120,40,0.4,0.930989526748077,0.8413714555023172,0.8839147566686609,0.9160410602114294,0.8274287295876004,0.8694830218861339
201,dt_NOF_RFC_d4_s120_l40_w0.5.pkl,4,120,40,0.5,0.9279445134221005,0.8512292828528788,0.8879329769147258,0.915282392026578,0.8387766399114309,0.8753610629693819
202,dt_NOF_RFC_d4_s120_l40_w0.6.pkl,4,120,40,0.6,0.898402434385698,0.9276176262665934,0.9127763178234658,0.891415801235704,0.9384168281206753,0.9143126811838468
203,dt_NOF_RFC_d4_s120_l40_w0.7.pkl,4,120,40,0.7,0.896209318130333,0.9322519833477338,0.9138754138754138,0.8887584767866458,0.9431220592305564,0.9151336108500067
204,dt_NOF_RFC_d4_s120_l40_w0.8.pkl,4,120,40,0.8,0.896209318130333,0.9322519833477338,0.9138754138754138,0.8887584767866458,0.9431220592305564,0.9151336108500067
205,dt_NOF_RFC_d4_s120_l40_w0.9.pkl,4,120,40,0.9,0.887033434873564,0.9492184431702144,0.9170729856381263,0.8768879299403478,0.9561306393578743,0.9147964250248262
206,dt_NOF_RFC_d4_s120_l40_w1.0.pkl,4,120,40,1.0,0.8769525702925305,0.9701515984604508,0.921200820436323,0.8685826578236305,0.9786880708552449,0.9203539823008849
207,dt_NOF_RFC_d4_s120_l50_w0.2.pkl,4,120,50,0.2,0.9416659005240415,0.8045322441285052,0.8677143341240258,0.9223968565815324,0.7796844727373374,0.8450577471126444
208,dt_NOF_RFC_d4_s120_l50_w0.3.pkl,4,120,50,0.3,0.9415584415584416,0.8086560364464692,0.8700612719205578,0.9224137931034483,0.7848048712980902,0.84806340660984
209,dt_NOF_RFC_d4_s120_l50_w0.4.pkl,4,120,50,0.4,0.930989526748077,0.8413714555023172,0.8839147566686609,0.9160410602114294,0.8274287295876004,0.8694830218861339
210,dt_NOF_RFC_d4_s120_l50_w0.5.pkl,4,120,50,0.5,0.9279445134221005,0.8512292828528788,0.8879329769147258,0.915282392026578,0.8387766399114309,0.8753610629693819
211,dt_NOF_RFC_d4_s120_l50_w0.6.pkl,4,120,50,0.6,0.8974368710841086,0.928206739454874,0.9125625036199008,0.8907993174957344,0.9392471630224191,0.9143819467834288
212,dt_NOF_RFC_d4_s120_l50_w0.7.pkl,4,120,50,0.7,0.8963472216975786,0.9319377896473175,0.913796091267931,0.8888308977035491,0.9427068917796845,0.9149764942914708
213,dt_NOF_RFC_d4_s120_l50_w0.8.pkl,4,120,50,0.8,0.8963472216975786,0.9319377896473175,0.913796091267931,0.8888308977035491,0.9427068917796845,0.9149764942914708
214,dt_NOF_RFC_d4_s120_l50_w0.9.pkl,4,120,50,0.9,0.8877202015372734,0.9480009425811012,0.9168708335707367,0.8777170458878861,0.9555770827567118,0.91499370569138
215,dt_NOF_RFC_d4_s120_l50_w1.0.pkl,4,120,50,1.0,0.8774755555555556,0.969248291571754,0.9210816056133018,0.8693139906565036,0.9785496817049544,0.920703125
216,dt_NOF_RFC_d4_s120_l60_w0.2.pkl,4,120,60,0.2,0.9416659005240415,0.8045322441285052,0.8677143341240258,0.9223968565815324,0.7796844727373374,0.8450577471126444
217,dt_NOF_RFC_d4_s120_l60_w0.3.pkl,4,120,60,0.3,0.9415584415584416,0.8086560364464692,0.8700612719205578,0.9224137931034483,0.7848048712980902,0.84806340660984
218,dt_NOF_RFC_d4_s120_l60_w0.4.pkl,4,120,60,0.4,0.930989526748077,0.8413714555023172,0.8839147566686609,0.9160410602114294,0.8274287295876004,0.8694830218861339
219,dt_NOF_RFC_d4_s120_l60_w0.5.pkl,4,120,60,0.5,0.9279445134221005,0.8512292828528788,0.8879329769147258,0.915282392026578,0.8387766399114309,0.8753610629693819
220,dt_NOF_RFC_d4_s120_l60_w0.6.pkl,4,120,60,0.6,0.8974368710841086,0.928206739454874,0.9125625036199008,0.8907993174957344,0.9392471630224191,0.9143819467834288
221,dt_NOF_RFC_d4_s120_l60_w0.7.pkl,4,120,60,0.7,0.896343306134784,0.9318985154347655,0.9137751761851581,0.8888308977035491,0.9427068917796845,0.9149764942914708
222,dt_NOF_RFC_d4_s120_l60_w0.8.pkl,4,120,60,0.8,0.896343306134784,0.9318985154347655,0.9137751761851581,0.8888308977035491,0.9427068917796845,0.9149764942914708
223,dt_NOF_RFC_d4_s120_l60_w0.9.pkl,4,120,60,0.9,0.8877160720853254,0.9479616683685492,0.9168502620983059,0.8777170458878861,0.9555770827567118,0.91499370569138
224,dt_NOF_RFC_d4_s120_l60_w1.0.pkl,4,120,60,1.0,0.8773102075632642,0.9694446626345142,0.9210791447442068,0.8691002949852508,0.9785496817049544,0.9205832573883609
225,dt_NOF_RFC_d5_s40_l20_w0.2.pkl,5,40,20,0.2,0.9534027300402632,0.7625873851229283,0.8473858776293969,0.9304192685102587,0.7216994187655688,0.8128750681942172
226,dt_NOF_RFC_d5_s40_l20_w0.3.pkl,5,40,20,0.3,0.9425105246480467,0.8177283795459901,0.8756965911719555,0.923064567940893,0.7953224467201772,0.8544454356229557
227,dt_NOF_RFC_d5_s40_l20_w0.4.pkl,5,40,20,0.4,0.9429257899270139,0.8169036210823973,0.8754024536520696,0.9233237086942573,0.7965679490727927,0.8552748885586924
228,dt_NOF_RFC_d5_s40_l20_w0.5.pkl,5,40,20,0.5,0.9137903419556339,0.8962768046500668,0.9049488460623364,0.9010215350635008,0.9032659839468585,0.9021423635107119
229,dt_NOF_RFC_d5_s40_l20_w0.6.pkl,5,40,20,0.6,0.8996632741856154,0.9339015002749195,0.9164627213689708,0.8899634082592787,0.9424301134791032,0.9154456244118833
230,dt_NOF_RFC_d5_s40_l20_w0.7.pkl,5,40,20,0.7,0.8975620750535291,0.9384180347184039,0.9175354722270223,0.8872326636422554,0.9472737337392748,0.916270664614149
231,dt_NOF_RFC_d5_s40_l20_w0.8.pkl,5,40,20,0.8,0.8975620750535291,0.9384180347184039,0.9175354722270223,0.8872326636422554,0.9472737337392748,0.916270664614149
232,dt_NOF_RFC_d5_s40_l20_w0.9.pkl,5,40,20,0.9,0.8755292125317528,0.9746288586913833,0.9224250083633796,0.8669196865817825,0.9799335732078605,0.9199688190203975
233,dt_NOF_RFC_d5_s40_l20_w1.0.pkl,5,40,20,1.0,0.887749163392987,0.9585264315450476,0.9217811685613929,0.8762394878875361,0.9660946581787988,0.9189758441387481
234,dt_NOF_RFC_d5_s40_l30_w0.2.pkl,5,40,30,0.2,0.9533546325878595,0.7617626266593355,0.8468574671993363,0.9304192685102587,0.7216994187655688,0.8128750681942172
235,dt_NOF_RFC_d5_s40_l30_w0.3.pkl,5,40,30,0.3,0.9424558223833258,0.8169036210823973,0.8751998653538668,0.923064567940893,0.7953224467201772,0.8544454356229557
236,dt_NOF_RFC_d5_s40_l30_w0.4.pkl,5,40,30,0.4,0.9431436609492695,0.8163145078941167,0.8751578947368421,0.923916532905297,0.7965679490727927,0.8555291319857312
237,dt_NOF_RFC_d5_s40_l30_w0.5.pkl,5,40,30,0.5,0.9149714561389403,0.8938418034718404,0.9042832167832168,0.9024830073519212,0.9003598117907556,0.9014201593349498
238,dt_NOF_RFC_d5_s40_l30_w0.6.pkl,5,40,30,0.6,0.9000454855583352,0.9325661770481501,0.916017282617082,0.8909685863874346,0.9420149460282314,0.9157809767254137
239,dt_NOF_RFC_d5_s40_l30_w0.7.pkl,5,40,30,0.7,0.8976016840839035,0.9377896473175713,0.9172556853103873,0.8875778008298755,0.9472737337392748,0.9164546793412773
240,dt_NOF_RFC_d5_s40_l30_w0.8.pkl,5,40,30,0.8,0.8972327563548981,0.9384965831435079,0.9174009021979077,0.8870027212647402,0.9472737337392748,0.9161480291775413
241,dt_NOF_RFC_d5_s40_l30_w0.9.pkl,5,40,30,0.9,0.8752292283820002,0.9747074071164873,0.9222936563974878,0.8667074663402693,0.9799335732078605,0.919849311509483
242,dt_NOF_RFC_d5_s40_l30_w1.0.pkl,5,40,30,1.0,0.8870844686648501,0.9589584478831199,0.9216222847113443,0.8757997741814076,0.9660946581787988,0.9187339606501284
243,dt_NOF_RFC_d5_s40_l40_w0.2.pkl,5,40,40,0.2,0.9533546325878595,0.7617626266593355,0.8468574671993363,0.9304192685102587,0.7216994187655688,0.8128750681942172
244,dt_NOF_RFC_d5_s40_l40_w0.3.pkl,5,40,40,0.3,0.9424558223833258,0.8169036210823973,0.8751998653538668,0.923064567940893,0.7953224467201772,0.8544454356229557
245,dt_NOF_RFC_d5_s40_l40_w0.4.pkl,5,40,40,0.4,0.9423407139629463,0.8190244285602074,0.876365775760632,0.9227207408590132,0.7997508995294769,0.8568463192230706
246,dt_NOF_RFC_d5_s40_l40_w0.5.pkl,5,40,40,0.5,0.9152979066022544,0.8929384965831435,0.9039799610353465,0.9029840388619015,0.9003598117907556,0.9016700159379114
247,dt_NOF_RFC_d5_s40_l40_w0.6.pkl,5,40,40,0.6,0.9003339911947776,0.9316628701594533,0.9157305539471144,0.8914353064431639,0.9420149460282314,0.916027452563585
248,dt_NOF_RFC_d5_s40_l40_w0.7.pkl,5,40,40,0.7,0.8983076401191059,0.9360223077527295,0.9167772584771027,0.888787839417955,0.9467201771381124,0.9168397775246264
249,dt_NOF_RFC_d5_s40_l40_w0.8.pkl,5,40,40,0.8,0.8983076401191059,0.9360223077527295,0.9167772584771027,0.888787839417955,0.9467201771381124,0.9168397775246264
250,dt_NOF_RFC_d5_s40_l40_w0.9.pkl,5,40,40,0.9,0.8756405272643744,0.9731364386144058,0.9218177421455013,0.8676146114243687,0.9795184057569887,0.9201768070722829
251,dt_NOF_RFC_d5_s40_l40_w1.0.pkl,5,40,40,1.0,0.8871923510379176,0.9584478831199434,0.9214446185504729,0.8762084118016321,0.9658178798782175,0.918833519847278
252,dt_NOF_RFC_d5_s40_l50_w0.2.pkl,5,40,50,0.2,0.9533431661750246,0.7615662555965753,0.8467315837736343,0.9305852962169878,0.7216994187655688,0.8129384255650819
253,dt_NOF_RFC_d5_s40_l50_w0.3.pkl,5,40,50,0.3,0.9430857350668242,0.8147828136045873,0.87425200168563,0.9231884057971015,0.7933849986161084,0.8533789818398333
254,dt_NOF_RFC_d5_s40_l50_w0.4.pkl,5,40,50,0.4,0.9423407139629463,0.8190244285602074,0.876365775760632,0.9227207408590132,0.7997508995294769,0.8568463192230706
255,dt_NOF_RFC_d5_s40_l50_w0.5.pkl,5,40,50,0.5,0.9153108891752577,0.8926635770952792,0.9038453891120213,0.9030824770896974,0.9000830334901744,0.9015802606043803
256,dt_NOF_RFC_d5_s40_l50_w0.6.pkl,5,40,50,0.6,0.9006838905775076,0.9310344827586207,0.9156077401413618,0.8914698162729658,0.9400774979241627,0.9151286541829449
257,dt_NOF_RFC_d5_s40_l50_w0.7.pkl,5,40,50,0.7,0.8982776165529718,0.9360615819652816,0.9167804596595827,0.88862897985705,0.9463050096872405,0.9165605522418069
258,dt_NOF_RFC_d5_s40_l50_w0.8.pkl,5,40,50,0.8,0.8982776165529718,0.9360615819652816,0.9167804596595827,0.88862897985705,0.9463050096872405,0.9165605522418069
259,dt_NOF_RFC_d5_s40_l50_w0.9.pkl,5,40,50,0.9,0.8856291125895227,0.9567590919802058,0.919821027393381,0.8795256717547622,0.9648491558261832,0.9202138190457335
260,dt_NOF_RFC_d5_s40_l50_w1.0.pkl,5,40,50,1.0,0.8877439557238567,0.9575445762312466,0.9213241129123683,0.8769636797788111,0.9656794907279269,0.9191859316340644
261,dt_NOF_RFC_d5_s40_l60_w0.2.pkl,5,40,60,0.2,0.9533671110236608,0.7611735134710549,0.84649822017427,0.9309175294537665,0.7216994187655688,0.8130651699407546
262,dt_NOF_RFC_d5_s40_l60_w0.3.pkl,5,40,60,0.3,0.9430857350668242,0.8147828136045873,0.87425200168563,0.9231884057971015,0.7933849986161084,0.8533789818398333
263,dt_NOF_RFC_d5_s40_l60_w0.4.pkl,5,40,60,0.4,0.9426515185805459,0.8179247506087503,0.8758700452108086,0.92304,0.7983670080265707,0.8561887800534284
264,dt_NOF_RFC_d5_s40_l60_w0.5.pkl,5,40,60,0.5,0.9155679206483609,0.8917995444191344,0.9035274456359549,0.9032527105921602,0.8992526985884307,0.90124826629681
265,dt_NOF_RFC_d5_s40_l60_w0.6.pkl,5,40,60,0.6,0.8993679748703781,0.9333123870866389,0.9160258263467284,0.8902119863909971,0.9414613894270689,0.915119720204466
266,dt_NOF_RFC_d5_s40_l60_w0.7.pkl,5,40,60,0.7,0.8972075017852444,0.937554002042259,0.916937141101231,0.887707468879668,0.9474121228895654,0.9165885660731021
267,dt_NOF_RFC_d5_s40_l60_w0.8.pkl,5,40,60,0.8,0.8972075017852444,0.937554002042259,0.916937141101231,0.887707468879668,0.9474121228895654,0.9165885660731021
268,dt_NOF_RFC_d5_s40_l60_w0.9.pkl,5,40,60,0.9,0.8854382332643203,0.9573874793810384,0.9200083029834129,0.8793190416141236,0.9649875449764739,0.9201636315650568
269,dt_NOF_RFC_d5_s40_l60_w1.0.pkl,5,40,60,1.0,0.8875705186533211,0.9577409472940067,0.9213215709239284,0.8767433094609876,0.9656794907279269,0.9190648666447152
270,dt_NOF_RFC_d5_s60_l20_w0.2.pkl,5,60,20,0.2,0.9533546325878595,0.7617626266593355,0.8468574671993363,0.9304192685102587,0.7216994187655688,0.8128750681942172
271,dt_NOF_RFC_d5_s60_l20_w0.3.pkl,5,60,20,0.3,0.9424558223833258,0.8169036210823973,0.8751998653538668,0.923064567940893,0.7953224467201772,0.8544454356229557
272,dt_NOF_RFC_d5_s60_l20_w0.4.pkl,5,60,20,0.4,0.9429257899270139,0.8169036210823973,0.8754024536520696,0.9233237086942573,0.7965679490727927,0.8552748885586924
273,dt_NOF_RFC_d5_s60_l20_w0.5.pkl,5,60,20,0.5,0.9137903419556339,0.8962768046500668,0.9049488460623364,0.9010215350635008,0.9032659839468585,0.9021423635107119
274,dt_NOF_RFC_d5_s60_l20_w0.6.pkl,5,60,20,0.6,0.8996632741856154,0.9339015002749195,0.9164627213689708,0.8899634082592787,0.9424301134791032,0.9154456244118833
275,dt_NOF_RFC_d5_s60_l20_w0.7.pkl,5,60,20,0.7,0.8975620750535291,0.9384180347184039,0.9175354722270223,0.8872326636422554,0.9472737337392748,0.916270664614149
276,dt_NOF_RFC_d5_s60_l20_w0.8.pkl,5,60,20,0.8,0.8975620750535291,0.9384180347184039,0.9175354722270223,0.8872326636422554,0.9472737337392748,0.916270664614149
277,dt_NOF_RFC_d5_s60_l20_w0.9.pkl,5,60,20,0.9,0.8755292125317528,0.9746288586913833,0.9224250083633796,0.8669196865817825,0.9799335732078605,0.9199688190203975
278,dt_NOF_RFC_d5_s60_l20_w1.0.pkl,5,60,20,1.0,0.8873986842583506,0.9588798994580159,0.9217555450684285,0.8760195758564437,0.9660946581787988,0.9188548864758144
279,dt_NOF_RFC_d5_s60_l30_w0.2.pkl,5,60,30,0.2,0.9533546325878595,0.7617626266593355,0.8468574671993363,0.9304192685102587,0.7216994187655688,0.8128750681942172
280,dt_NOF_RFC_d5_s60_l30_w0.3.pkl,5,60,30,0.3,0.9424558223833258,0.8169036210823973,0.8751998653538668,0.923064567940893,0.7953224467201772,0.8544454356229557
281,dt_NOF_RFC_d5_s60_l30_w0.4.pkl,5,60,30,0.4,0.9431436609492695,0.8163145078941167,0.8751578947368421,0.923916532905297,0.7965679490727927,0.8555291319857312
282,dt_NOF_RFC_d5_s60_l30_w0.5.pkl,5,60,30,0.5,0.9149714561389403,0.8938418034718404,0.9042832167832168,0.9024830073519212,0.9003598117907556,0.9014201593349498
283,dt_NOF_RFC_d5_s60_l30_w0.6.pkl,5,60,30,0.6,0.9000454855583352,0.9325661770481501,0.916017282617082,0.8909685863874346,0.9420149460282314,0.9157809767254137
284,dt_NOF_RFC_d5_s60_l30_w0.7.pkl,5,60,30,0.7,0.8976016840839035,0.9377896473175713,0.9172556853103873,0.8875778008298755,0.9472737337392748,0.9164546793412773
285,dt_NOF_RFC_d5_s60_l30_w0.8.pkl,5,60,30,0.8,0.8972327563548981,0.9384965831435079,0.9174009021979077,0.8870027212647402,0.9472737337392748,0.9161480291775413
286,dt_NOF_RFC_d5_s60_l30_w0.9.pkl,5,60,30,0.9,0.8752292283820002,0.9747074071164873,0.9222936563974878,0.8667074663402693,0.9799335732078605,0.919849311509483
287,dt_NOF_RFC_d5_s60_l30_w1.0.pkl,5,60,30,1.0,0.8870844686648501,0.9589584478831199,0.9216222847113443,0.8757997741814076,0.9660946581787988,0.9187339606501284
288,dt_NOF_RFC_d5_s60_l40_w0.2.pkl,5,60,40,0.2,0.9533546325878595,0.7617626266593355,0.8468574671993363,0.9304192685102587,0.7216994187655688,0.8128750681942172
289,dt_NOF_RFC_d5_s60_l40_w0.3.pkl,5,60,40,0.3,0.9424558223833258,0.8169036210823973,0.8751998653538668,0.923064567940893,0.7953224467201772,0.8544454356229557
290,dt_NOF_RFC_d5_s60_l40_w0.4.pkl,5,60,40,0.4,0.9423407139629463,0.8190244285602074,0.876365775760632,0.9227207408590132,0.7997508995294769,0.8568463192230706
291,dt_NOF_RFC_d5_s60_l40_w0.5.pkl,5,60,40,0.5,0.9152979066022544,0.8929384965831435,0.9039799610353465,0.9029840388619015,0.9003598117907556,0.9016700159379114
292,dt_NOF_RFC_d5_s60_l40_w0.6.pkl,5,60,40,0.6,0.9003339911947776,0.9316628701594533,0.9157305539471144,0.8914353064431639,0.9420149460282314,0.916027452563585
293,dt_NOF_RFC_d5_s60_l40_w0.7.pkl,5,60,40,0.7,0.8983076401191059,0.9360223077527295,0.9167772584771027,0.888787839417955,0.9467201771381124,0.9168397775246264
294,dt_NOF_RFC_d5_s60_l40_w0.8.pkl,5,60,40,0.8,0.8983076401191059,0.9360223077527295,0.9167772584771027,0.888787839417955,0.9467201771381124,0.9168397775246264
295,dt_NOF_RFC_d5_s60_l40_w0.9.pkl,5,60,40,0.9,0.8756405272643744,0.9731364386144058,0.9218177421455013,0.8676146114243687,0.9795184057569887,0.9201768070722829
296,dt_NOF_RFC_d5_s60_l40_w1.0.pkl,5,60,40,1.0,0.8871923510379176,0.9584478831199434,0.9214446185504729,0.8762084118016321,0.9658178798782175,0.918833519847278
297,dt_NOF_RFC_d5_s60_l50_w0.2.pkl,5,60,50,0.2,0.9533431661750246,0.7615662555965753,0.8467315837736343,0.9305852962169878,0.7216994187655688,0.8129384255650819
298,dt_NOF_RFC_d5_s60_l50_w0.3.pkl,5,60,50,0.3,0.9430857350668242,0.8147828136045873,0.87425200168563,0.9231884057971015,0.7933849986161084,0.8533789818398333
299,dt_NOF_RFC_d5_s60_l50_w0.4.pkl,5,60,50,0.4,0.9423407139629463,0.8190244285602074,0.876365775760632,0.9227207408590132,0.7997508995294769,0.8568463192230706
300,dt_NOF_RFC_d5_s60_l50_w0.5.pkl,5,60,50,0.5,0.9153108891752577,0.8926635770952792,0.9038453891120213,0.9030824770896974,0.9000830334901744,0.9015802606043803
301,dt_NOF_RFC_d5_s60_l50_w0.6.pkl,5,60,50,0.6,0.9006838905775076,0.9310344827586207,0.9156077401413618,0.8914698162729658,0.9400774979241627,0.9151286541829449
302,dt_NOF_RFC_d5_s60_l50_w0.7.pkl,5,60,50,0.7,0.8982776165529718,0.9360615819652816,0.9167804596595827,0.88862897985705,0.9463050096872405,0.9165605522418069
303,dt_NOF_RFC_d5_s60_l50_w0.8.pkl,5,60,50,0.8,0.8982776165529718,0.9360615819652816,0.9167804596595827,0.88862897985705,0.9463050096872405,0.9165605522418069
304,dt_NOF_RFC_d5_s60_l50_w0.9.pkl,5,60,50,0.9,0.8856291125895227,0.9567590919802058,0.919821027393381,0.8795256717547622,0.9648491558261832,0.9202138190457335
305,dt_NOF_RFC_d5_s60_l50_w1.0.pkl,5,60,50,1.0,0.8877439557238567,0.9575445762312466,0.9213241129123683,0.8769636797788111,0.9656794907279269,0.9191859316340644
306,dt_NOF_RFC_d5_s60_l60_w0.2.pkl,5,60,60,0.2,0.9533671110236608,0.7611735134710549,0.84649822017427,0.9309175294537665,0.7216994187655688,0.8130651699407546
307,dt_NOF_RFC_d5_s60_l60_w0.3.pkl,5,60,60,0.3,0.9430857350668242,0.8147828136045873,0.87425200168563,0.9231884057971015,0.7933849986161084,0.8533789818398333
308,dt_NOF_RFC_d5_s60_l60_w0.4.pkl,5,60,60,0.4,0.9426515185805459,0.8179247506087503,0.8758700452108086,0.92304,0.7983670080265707,0.8561887800534284
309,dt_NOF_RFC_d5_s60_l60_w0.5.pkl,5,60,60,0.5,0.9155679206483609,0.8917995444191344,0.9035274456359549,0.9032527105921602,0.8992526985884307,0.90124826629681
310,dt_NOF_RFC_d5_s60_l60_w0.6.pkl,5,60,60,0.6,0.8993679748703781,0.9333123870866389,0.9160258263467284,0.8902119863909971,0.9414613894270689,0.915119720204466
311,dt_NOF_RFC_d5_s60_l60_w0.7.pkl,5,60,60,0.7,0.8972075017852444,0.937554002042259,0.916937141101231,0.887707468879668,0.9474121228895654,0.9165885660731021
312,dt_NOF_RFC_d5_s60_l60_w0.8.pkl,5,60,60,0.8,0.8972075017852444,0.937554002042259,0.916937141101231,0.887707468879668,0.9474121228895654,0.9165885660731021
313,dt_NOF_RFC_d5_s60_l60_w0.9.pkl,5,60,60,0.9,0.8854382332643203,0.9573874793810384,0.9200083029834129,0.8793190416141236,0.9649875449764739,0.9201636315650568
314,dt_NOF_RFC_d5_s60_l60_w1.0.pkl,5,60,60,1.0,0.8875705186533211,0.9577409472940067,0.9213215709239284,0.8767433094609876,0.9656794907279269,0.9190648666447152
315,dt_NOF_RFC_d5_s80_l20_w0.2.pkl,5,80,20,0.2,0.9533546325878595,0.7617626266593355,0.8468574671993363,0.9304192685102587,0.7216994187655688,0.8128750681942172
316,dt_NOF_RFC_d5_s80_l20_w0.3.pkl,5,80,20,0.3,0.9424558223833258,0.8169036210823973,0.8751998653538668,0.923064567940893,0.7953224467201772,0.8544454356229557
317,dt_NOF_RFC_d5_s80_l20_w0.4.pkl,5,80,20,0.4,0.9429257899270139,0.8169036210823973,0.8754024536520696,0.9233237086942573,0.7965679490727927,0.8552748885586924
318,dt_NOF_RFC_d5_s80_l20_w0.5.pkl,5,80,20,0.5,0.9137903419556339,0.8962768046500668,0.9049488460623364,0.9010215350635008,0.9032659839468585,0.9021423635107119
319,dt_NOF_RFC_d5_s80_l20_w0.6.pkl,5,80,20,0.6,0.8996632741856154,0.9339015002749195,0.9164627213689708,0.8899634082592787,0.9424301134791032,0.9154456244118833
320,dt_NOF_RFC_d5_s80_l20_w0.7.pkl,5,80,20,0.7,0.8975620750535291,0.9384180347184039,0.9175354722270223,0.8872326636422554,0.9472737337392748,0.916270664614149
321,dt_NOF_RFC_d5_s80_l20_w0.8.pkl,5,80,20,0.8,0.8975620750535291,0.9384180347184039,0.9175354722270223,0.8872326636422554,0.9472737337392748,0.916270664614149
322,dt_NOF_RFC_d5_s80_l20_w0.9.pkl,5,80,20,0.9,0.8755292125317528,0.9746288586913833,0.9224250083633796,0.8669196865817825,0.9799335732078605,0.9199688190203975
323,dt_NOF_RFC_d5_s80_l20_w1.0.pkl,5,80,20,1.0,0.8873986842583506,0.9588798994580159,0.9217555450684285,0.8760195758564437,0.9660946581787988,0.9188548864758144
324,dt_NOF_RFC_d5_s80_l30_w0.2.pkl,5,80,30,0.2,0.9533546325878595,0.7617626266593355,0.8468574671993363,0.9304192685102587,0.7216994187655688,0.8128750681942172
325,dt_NOF_RFC_d5_s80_l30_w0.3.pkl,5,80,30,0.3,0.9424558223833258,0.8169036210823973,0.8751998653538668,0.923064567940893,0.7953224467201772,0.8544454356229557
326,dt_NOF_RFC_d5_s80_l30_w0.4.pkl,5,80,30,0.4,0.9431436609492695,0.8163145078941167,0.8751578947368421,0.923916532905297,0.7965679490727927,0.8555291319857312
327,dt_NOF_RFC_d5_s80_l30_w0.5.pkl,5,80,30,0.5,0.9149714561389403,0.8938418034718404,0.9042832167832168,0.9024830073519212,0.9003598117907556,0.9014201593349498
328,dt_NOF_RFC_d5_s80_l30_w0.6.pkl,5,80,30,0.6,0.9000454855583352,0.9325661770481501,0.916017282617082,0.8909685863874346,0.9420149460282314,0.9157809767254137
329,dt_NOF_RFC_d5_s80_l30_w0.7.pkl,5,80,30,0.7,0.8976016840839035,0.9377896473175713,0.9172556853103873,0.8875778008298755,0.9472737337392748,0.9164546793412773
330,dt_NOF_RFC_d5_s80_l30_w0.8.pkl,5,80,30,0.8,0.8972327563548981,0.9384965831435079,0.9174009021979077,0.8870027212647402,0.9472737337392748,0.9161480291775413
331,dt_NOF_RFC_d5_s80_l30_w0.9.pkl,5,80,30,0.9,0.8752292283820002,0.9747074071164873,0.9222936563974878,0.8667074663402693,0.9799335732078605,0.919849311509483
332,dt_NOF_RFC_d5_s80_l30_w1.0.pkl,5,80,30,1.0,0.8870844686648501,0.9589584478831199,0.9216222847113443,0.8757997741814076,0.9660946581787988,0.9187339606501284
333,dt_NOF_RFC_d5_s80_l40_w0.2.pkl,5,80,40,0.2,0.9533546325878595,0.7617626266593355,0.8468574671993363,0.9304192685102587,0.7216994187655688,0.8128750681942172
334,dt_NOF_RFC_d5_s80_l40_w0.3.pkl,5,80,40,0.3,0.9424558223833258,0.8169036210823973,0.8751998653538668,0.923064567940893,0.7953224467201772,0.8544454356229557
335,dt_NOF_RFC_d5_s80_l40_w0.4.pkl,5,80,40,0.4,0.9423407139629463,0.8190244285602074,0.876365775760632,0.9227207408590132,0.7997508995294769,0.8568463192230706
336,dt_NOF_RFC_d5_s80_l40_w0.5.pkl,5,80,40,0.5,0.9152979066022544,0.8929384965831435,0.9039799610353465,0.9029840388619015,0.9003598117907556,0.9016700159379114
337,dt_NOF_RFC_d5_s80_l40_w0.6.pkl,5,80,40,0.6,0.9003339911947776,0.9316628701594533,0.9157305539471144,0.8914353064431639,0.9420149460282314,0.916027452563585
338,dt_NOF_RFC_d5_s80_l40_w0.7.pkl,5,80,40,0.7,0.8983076401191059,0.9360223077527295,0.9167772584771027,0.888787839417955,0.9467201771381124,0.9168397775246264
339,dt_NOF_RFC_d5_s80_l40_w0.8.pkl,5,80,40,0.8,0.8983076401191059,0.9360223077527295,0.9167772584771027,0.888787839417955,0.9467201771381124,0.9168397775246264
340,dt_NOF_RFC_d5_s80_l40_w0.9.pkl,5,80,40,0.9,0.8756405272643744,0.9731364386144058,0.9218177421455013,0.8676146114243687,0.9795184057569887,0.9201768070722829
341,dt_NOF_RFC_d5_s80_l40_w1.0.pkl,5,80,40,1.0,0.8871923510379176,0.9584478831199434,0.9214446185504729,0.8762084118016321,0.9658178798782175,0.918833519847278
342,dt_NOF_RFC_d5_s80_l50_w0.2.pkl,5,80,50,0.2,0.9533431661750246,0.7615662555965753,0.8467315837736343,0.9305852962169878,0.7216994187655688,0.8129384255650819
343,dt_NOF_RFC_d5_s80_l50_w0.3.pkl,5,80,50,0.3,0.9430857350668242,0.8147828136045873,0.87425200168563,0.9231884057971015,0.7933849986161084,0.8533789818398333
344,dt_NOF_RFC_d5_s80_l50_w0.4.pkl,5,80,50,0.4,0.9423407139629463,0.8190244285602074,0.876365775760632,0.9227207408590132,0.7997508995294769,0.8568463192230706
345,dt_NOF_RFC_d5_s80_l50_w0.5.pkl,5,80,50,0.5,0.9153108891752577,0.8926635770952792,0.9038453891120213,0.9030824770896974,0.9000830334901744,0.9015802606043803
346,dt_NOF_RFC_d5_s80_l50_w0.6.pkl,5,80,50,0.6,0.9006838905775076,0.9310344827586207,0.9156077401413618,0.8914698162729658,0.9400774979241627,0.9151286541829449
347,dt_NOF_RFC_d5_s80_l50_w0.7.pkl,5,80,50,0.7,0.8982776165529718,0.9360615819652816,0.9167804596595827,0.88862897985705,0.9463050096872405,0.9165605522418069
348,dt_NOF_RFC_d5_s80_l50_w0.8.pkl,5,80,50,0.8,0.8982776165529718,0.9360615819652816,0.9167804596595827,0.88862897985705,0.9463050096872405,0.9165605522418069
349,dt_NOF_RFC_d5_s80_l50_w0.9.pkl,5,80,50,0.9,0.8856291125895227,0.9567590919802058,0.919821027393381,0.8795256717547622,0.9648491558261832,0.9202138190457335
350,dt_NOF_RFC_d5_s80_l50_w1.0.pkl,5,80,50,1.0,0.8877439557238567,0.9575445762312466,0.9213241129123683,0.8769636797788111,0.9656794907279269,0.9191859316340644
351,dt_NOF_RFC_d5_s80_l60_w0.2.pkl,5,80,60,0.2,0.9533671110236608,0.7611735134710549,0.84649822017427,0.9309175294537665,0.7216994187655688,0.8130651699407546
352,dt_NOF_RFC_d5_s80_l60_w0.3.pkl,5,80,60,0.3,0.9430857350668242,0.8147828136045873,0.87425200168563,0.9231884057971015,0.7933849986161084,0.8533789818398333
353,dt_NOF_RFC_d5_s80_l60_w0.4.pkl,5,80,60,0.4,0.9426515185805459,0.8179247506087503,0.8758700452108086,0.92304,0.7983670080265707,0.8561887800534284
354,dt_NOF_RFC_d5_s80_l60_w0.5.pkl,5,80,60,0.5,0.9155679206483609,0.8917995444191344,0.9035274456359549,0.9032527105921602,0.8992526985884307,0.90124826629681
355,dt_NOF_RFC_d5_s80_l60_w0.6.pkl,5,80,60,0.6,0.8993679748703781,0.9333123870866389,0.9160258263467284,0.8902119863909971,0.9414613894270689,0.915119720204466
356,dt_NOF_RFC_d5_s80_l60_w0.7.pkl,5,80,60,0.7,0.8972075017852444,0.937554002042259,0.916937141101231,0.887707468879668,0.9474121228895654,0.9165885660731021
357,dt_NOF_RFC_d5_s80_l60_w0.8.pkl,5,80,60,0.8,0.8972075017852444,0.937554002042259,0.916937141101231,0.887707468879668,0.9474121228895654,0.9165885660731021
358,dt_NOF_RFC_d5_s80_l60_w0.9.pkl,5,80,60,0.9,0.8854382332643203,0.9573874793810384,0.9200083029834129,0.8793190416141236,0.9649875449764739,0.9201636315650568
359,dt_NOF_RFC_d5_s80_l60_w1.0.pkl,5,80,60,1.0,0.8875705186533211,0.9577409472940067,0.9213215709239284,0.8767433094609876,0.9656794907279269,0.9190648666447152
360,dt_NOF_RFC_d5_s100_l20_w0.2.pkl,5,100,20,0.2,0.9533546325878595,0.7617626266593355,0.8468574671993363,0.9304192685102587,0.7216994187655688,0.8128750681942172
361,dt_NOF_RFC_d5_s100_l20_w0.3.pkl,5,100,20,0.3,0.9424558223833258,0.8169036210823973,0.8751998653538668,0.923064567940893,0.7953224467201772,0.8544454356229557
362,dt_NOF_RFC_d5_s100_l20_w0.4.pkl,5,100,20,0.4,0.9429257899270139,0.8169036210823973,0.8754024536520696,0.9233237086942573,0.7965679490727927,0.8552748885586924
363,dt_NOF_RFC_d5_s100_l20_w0.5.pkl,5,100,20,0.5,0.9137903419556339,0.8962768046500668,0.9049488460623364,0.9010215350635008,0.9032659839468585,0.9021423635107119
364,dt_NOF_RFC_d5_s100_l20_w0.6.pkl,5,100,20,0.6,0.8996632741856154,0.9339015002749195,0.9164627213689708,0.8899634082592787,0.9424301134791032,0.9154456244118833
365,dt_NOF_RFC_d5_s100_l20_w0.7.pkl,5,100,20,0.7,0.8975620750535291,0.9384180347184039,0.9175354722270223,0.8872326636422554,0.9472737337392748,0.916270664614149
366,dt_NOF_RFC_d5_s100_l20_w0.8.pkl,5,100,20,0.8,0.8975620750535291,0.9384180347184039,0.9175354722270223,0.8872326636422554,0.9472737337392748,0.916270664614149
367,dt_NOF_RFC_d5_s100_l20_w0.9.pkl,5,100,20,0.9,0.8755292125317528,0.9746288586913833,0.9224250083633796,0.8669196865817825,0.9799335732078605,0.9199688190203975
368,dt_NOF_RFC_d5_s100_l20_w1.0.pkl,5,100,20,1.0,0.8873986842583506,0.9588798994580159,0.9217555450684285,0.8760195758564437,0.9660946581787988,0.9188548864758144
369,dt_NOF_RFC_d5_s100_l30_w0.2.pkl,5,100,30,0.2,0.9533546325878595,0.7617626266593355,0.8468574671993363,0.9304192685102587,0.7216994187655688,0.8128750681942172
370,dt_NOF_RFC_d5_s100_l30_w0.3.pkl,5,100,30,0.3,0.9424558223833258,0.8169036210823973,0.8751998653538668,0.923064567940893,0.7953224467201772,0.8544454356229557
371,dt_NOF_RFC_d5_s100_l30_w0.4.pkl,5,100,30,0.4,0.9431436609492695,0.8163145078941167,0.8751578947368421,0.923916532905297,0.7965679490727927,0.8555291319857312
372,dt_NOF_RFC_d5_s100_l30_w0.5.pkl,5,100,30,0.5,0.9149714561389403,0.8938418034718404,0.9042832167832168,0.9024830073519212,0.9003598117907556,0.9014201593349498
373,dt_NOF_RFC_d5_s100_l30_w0.6.pkl,5,100,30,0.6,0.9000454855583352,0.9325661770481501,0.916017282617082,0.8909685863874346,0.9420149460282314,0.9157809767254137
374,dt_NOF_RFC_d5_s100_l30_w0.7.pkl,5,100,30,0.7,0.8976016840839035,0.9377896473175713,0.9172556853103873,0.8875778008298755,0.9472737337392748,0.9164546793412773
375,dt_NOF_RFC_d5_s100_l30_w0.8.pkl,5,100,30,0.8,0.8972327563548981,0.9384965831435079,0.9174009021979077,0.8870027212647402,0.9472737337392748,0.9161480291775413
376,dt_NOF_RFC_d5_s100_l30_w0.9.pkl,5,100,30,0.9,0.8752292283820002,0.9747074071164873,0.9222936563974878,0.8667074663402693,0.9799335732078605,0.919849311509483
377,dt_NOF_RFC_d5_s100_l30_w1.0.pkl,5,100,30,1.0,0.8870844686648501,0.9589584478831199,0.9216222847113443,0.8757997741814076,0.9660946581787988,0.9187339606501284
378,dt_NOF_RFC_d5_s100_l40_w0.2.pkl,5,100,40,0.2,0.9533546325878595,0.7617626266593355,0.8468574671993363,0.9304192685102587,0.7216994187655688,0.8128750681942172
379,dt_NOF_RFC_d5_s100_l40_w0.3.pkl,5,100,40,0.3,0.9424558223833258,0.8169036210823973,0.8751998653538668,0.923064567940893,0.7953224467201772,0.8544454356229557
380,dt_NOF_RFC_d5_s100_l40_w0.4.pkl,5,100,40,0.4,0.9423407139629463,0.8190244285602074,0.876365775760632,0.9227207408590132,0.7997508995294769,0.8568463192230706
381,dt_NOF_RFC_d5_s100_l40_w0.5.pkl,5,100,40,0.5,0.9152979066022544,0.8929384965831435,0.9039799610353465,0.9029840388619015,0.9003598117907556,0.9016700159379114
382,dt_NOF_RFC_d5_s100_l40_w0.6.pkl,5,100,40,0.6,0.9003339911947776,0.9316628701594533,0.9157305539471144,0.8914353064431639,0.9420149460282314,0.916027452563585
383,dt_NOF_RFC_d5_s100_l40_w0.7.pkl,5,100,40,0.7,0.8983076401191059,0.9360223077527295,0.9167772584771027,0.888787839417955,0.9467201771381124,0.9168397775246264
384,dt_NOF_RFC_d5_s100_l40_w0.8.pkl,5,100,40,0.8,0.8983076401191059,0.9360223077527295,0.9167772584771027,0.888787839417955,0.9467201771381124,0.9168397775246264
385,dt_NOF_RFC_d5_s100_l40_w0.9.pkl,5,100,40,0.9,0.8756405272643744,0.9731364386144058,0.9218177421455013,0.8676146114243687,0.9795184057569887,0.9201768070722829
386,dt_NOF_RFC_d5_s100_l40_w1.0.pkl,5,100,40,1.0,0.8871923510379176,0.9584478831199434,0.9214446185504729,0.8762084118016321,0.9658178798782175,0.918833519847278
387,dt_NOF_RFC_d5_s100_l50_w0.2.pkl,5,100,50,0.2,0.9533431661750246,0.7615662555965753,0.8467315837736343,0.9305852962169878,0.7216994187655688,0.8129384255650819
388,dt_NOF_RFC_d5_s100_l50_w0.3.pkl,5,100,50,0.3,0.9430857350668242,0.8147828136045873,0.87425200168563,0.9231884057971015,0.7933849986161084,0.8533789818398333
389,dt_NOF_RFC_d5_s100_l50_w0.4.pkl,5,100,50,0.4,0.9423407139629463,0.8190244285602074,0.876365775760632,0.9227207408590132,0.7997508995294769,0.8568463192230706
390,dt_NOF_RFC_d5_s100_l50_w0.5.pkl,5,100,50,0.5,0.9153108891752577,0.8926635770952792,0.9038453891120213,0.9030824770896974,0.9000830334901744,0.9015802606043803
391,dt_NOF_RFC_d5_s100_l50_w0.6.pkl,5,100,50,0.6,0.9006838905775076,0.9310344827586207,0.9156077401413618,0.8914698162729658,0.9400774979241627,0.9151286541829449
392,dt_NOF_RFC_d5_s100_l50_w0.7.pkl,5,100,50,0.7,0.8982776165529718,0.9360615819652816,0.9167804596595827,0.88862897985705,0.9463050096872405,0.9165605522418069
393,dt_NOF_RFC_d5_s100_l50_w0.8.pkl,5,100,50,0.8,0.8982776165529718,0.9360615819652816,0.9167804596595827,0.88862897985705,0.9463050096872405,0.9165605522418069
394,dt_NOF_RFC_d5_s100_l50_w0.9.pkl,5,100,50,0.9,0.8856291125895227,0.9567590919802058,0.919821027393381,0.8795256717547622,0.9648491558261832,0.9202138190457335
395,dt_NOF_RFC_d5_s100_l50_w1.0.pkl,5,100,50,1.0,0.8877439557238567,0.9575445762312466,0.9213241129123683,0.8769636797788111,0.9656794907279269,0.9191859316340644
396,dt_NOF_RFC_d5_s100_l60_w0.2.pkl,5,100,60,0.2,0.9533671110236608,0.7611735134710549,0.84649822017427,0.9309175294537665,0.7216994187655688,0.8130651699407546
397,dt_NOF_RFC_d5_s100_l60_w0.3.pkl,5,100,60,0.3,0.9430857350668242,0.8147828136045873,0.87425200168563,0.9231884057971015,0.7933849986161084,0.8533789818398333
398,dt_NOF_RFC_d5_s100_l60_w0.4.pkl,5,100,60,0.4,0.9426515185805459,0.8179247506087503,0.8758700452108086,0.92304,0.7983670080265707,0.8561887800534284
399,dt_NOF_RFC_d5_s100_l60_w0.5.pkl,5,100,60,0.5,0.9155679206483609,0.8917995444191344,0.9035274456359549,0.9032527105921602,0.8992526985884307,0.90124826629681
400,dt_NOF_RFC_d5_s100_l60_w0.6.pkl,5,100,60,0.6,0.8993679748703781,0.9333123870866389,0.9160258263467284,0.8902119863909971,0.9414613894270689,0.915119720204466
401,dt_NOF_RFC_d5_s100_l60_w0.7.pkl,5,100,60,0.7,0.8972075017852444,0.937554002042259,0.916937141101231,0.887707468879668,0.9474121228895654,0.9165885660731021
402,dt_NOF_RFC_d5_s100_l60_w0.8.pkl,5,100,60,0.8,0.8972075017852444,0.937554002042259,0.916937141101231,0.887707468879668,0.9474121228895654,0.9165885660731021
403,dt_NOF_RFC_d5_s100_l60_w0.9.pkl,5,100,60,0.9,0.8854382332643203,0.9573874793810384,0.9200083029834129,0.8793190416141236,0.9649875449764739,0.9201636315650568
404,dt_NOF_RFC_d5_s100_l60_w1.0.pkl,5,100,60,1.0,0.8875705186533211,0.9577409472940067,0.9213215709239284,0.8767433094609876,0.9656794907279269,0.9190648666447152
405,dt_NOF_RFC_d5_s120_l20_w0.2.pkl,5,120,20,0.2,0.9533546325878595,0.7617626266593355,0.8468574671993363,0.9304192685102587,0.7216994187655688,0.8128750681942172
406,dt_NOF_RFC_d5_s120_l20_w0.3.pkl,5,120,20,0.3,0.9424558223833258,0.8169036210823973,0.8751998653538668,0.923064567940893,0.7953224467201772,0.8544454356229557
407,dt_NOF_RFC_d5_s120_l20_w0.4.pkl,5,120,20,0.4,0.9429257899270139,0.8169036210823973,0.8754024536520696,0.9233237086942573,0.7965679490727927,0.8552748885586924
408,dt_NOF_RFC_d5_s120_l20_w0.5.pkl,5,120,20,0.5,0.9137903419556339,0.8962768046500668,0.9049488460623364,0.9010215350635008,0.9032659839468585,0.9021423635107119
409,dt_NOF_RFC_d5_s120_l20_w0.6.pkl,5,120,20,0.6,0.8996632741856154,0.9339015002749195,0.9164627213689708,0.8899634082592787,0.9424301134791032,0.9154456244118833
410,dt_NOF_RFC_d5_s120_l20_w0.7.pkl,5,120,20,0.7,0.8975620750535291,0.9384180347184039,0.9175354722270223,0.8872326636422554,0.9472737337392748,0.916270664614149
411,dt_NOF_RFC_d5_s120_l20_w0.8.pkl,5,120,20,0.8,0.8975620750535291,0.9384180347184039,0.9175354722270223,0.8872326636422554,0.9472737337392748,0.916270664614149
412,dt_NOF_RFC_d5_s120_l20_w0.9.pkl,5,120,20,0.9,0.8755292125317528,0.9746288586913833,0.9224250083633796,0.8669196865817825,0.9799335732078605,0.9199688190203975
413,dt_NOF_RFC_d5_s120_l20_w1.0.pkl,5,120,20,1.0,0.8873986842583506,0.9588798994580159,0.9217555450684285,0.8760195758564437,0.9660946581787988,0.9188548864758144
414,dt_NOF_RFC_d5_s120_l30_w0.2.pkl,5,120,30,0.2,0.9533546325878595,0.7617626266593355,0.8468574671993363,0.9304192685102587,0.7216994187655688,0.8128750681942172
415,dt_NOF_RFC_d5_s120_l30_w0.3.pkl,5,120,30,0.3,0.9424558223833258,0.8169036210823973,0.8751998653538668,0.923064567940893,0.7953224467201772,0.8544454356229557
416,dt_NOF_RFC_d5_s120_l30_w0.4.pkl,5,120,30,0.4,0.9431436609492695,0.8163145078941167,0.8751578947368421,0.923916532905297,0.7965679490727927,0.8555291319857312
417,dt_NOF_RFC_d5_s120_l30_w0.5.pkl,5,120,30,0.5,0.9149714561389403,0.8938418034718404,0.9042832167832168,0.9024830073519212,0.9003598117907556,0.9014201593349498
418,dt_NOF_RFC_d5_s120_l30_w0.6.pkl,5,120,30,0.6,0.9000454855583352,0.9325661770481501,0.916017282617082,0.8909685863874346,0.9420149460282314,0.9157809767254137
419,dt_NOF_RFC_d5_s120_l30_w0.7.pkl,5,120,30,0.7,0.8976016840839035,0.9377896473175713,0.9172556853103873,0.8875778008298755,0.9472737337392748,0.9164546793412773
420,dt_NOF_RFC_d5_s120_l30_w0.8.pkl,5,120,30,0.8,0.8972327563548981,0.9384965831435079,0.9174009021979077,0.8870027212647402,0.9472737337392748,0.9161480291775413
421,dt_NOF_RFC_d5_s120_l30_w0.9.pkl,5,120,30,0.9,0.8752292283820002,0.9747074071164873,0.9222936563974878,0.8667074663402693,0.9799335732078605,0.919849311509483
422,dt_NOF_RFC_d5_s120_l30_w1.0.pkl,5,120,30,1.0,0.8870844686648501,0.9589584478831199,0.9216222847113443,0.8757997741814076,0.9660946581787988,0.9187339606501284
423,dt_NOF_RFC_d5_s120_l40_w0.2.pkl,5,120,40,0.2,0.9533546325878595,0.7617626266593355,0.8468574671993363,0.9304192685102587,0.7216994187655688,0.8128750681942172
424,dt_NOF_RFC_d5_s120_l40_w0.3.pkl,5,120,40,0.3,0.9424558223833258,0.8169036210823973,0.8751998653538668,0.923064567940893,0.7953224467201772,0.8544454356229557
425,dt_NOF_RFC_d5_s120_l40_w0.4.pkl,5,120,40,0.4,0.9423407139629463,0.8190244285602074,0.876365775760632,0.9227207408590132,0.7997508995294769,0.8568463192230706
426,dt_NOF_RFC_d5_s120_l40_w0.5.pkl,5,120,40,0.5,0.9152979066022544,0.8929384965831435,0.9039799610353465,0.9029840388619015,0.9003598117907556,0.9016700159379114
427,dt_NOF_RFC_d5_s120_l40_w0.6.pkl,5,120,40,0.6,0.9003339911947776,0.9316628701594533,0.9157305539471144,0.8914353064431639,0.9420149460282314,0.916027452563585
428,dt_NOF_RFC_d5_s120_l40_w0.7.pkl,5,120,40,0.7,0.8983076401191059,0.9360223077527295,0.9167772584771027,0.888787839417955,0.9467201771381124,0.9168397775246264
429,dt_NOF_RFC_d5_s120_l40_w0.8.pkl,5,120,40,0.8,0.8983076401191059,0.9360223077527295,0.9167772584771027,0.888787839417955,0.9467201771381124,0.9168397775246264
430,dt_NOF_RFC_d5_s120_l40_w0.9.pkl,5,120,40,0.9,0.8756405272643744,0.9731364386144058,0.9218177421455013,0.8676146114243687,0.9795184057569887,0.9201768070722829
431,dt_NOF_RFC_d5_s120_l40_w1.0.pkl,5,120,40,1.0,0.8871923510379176,0.9584478831199434,0.9214446185504729,0.8762084118016321,0.9658178798782175,0.918833519847278
432,dt_NOF_RFC_d5_s120_l50_w0.2.pkl,5,120,50,0.2,0.9533431661750246,0.7615662555965753,0.8467315837736343,0.9305852962169878,0.7216994187655688,0.8129384255650819
433,dt_NOF_RFC_d5_s120_l50_w0.3.pkl,5,120,50,0.3,0.9430857350668242,0.8147828136045873,0.87425200168563,0.9231884057971015,0.7933849986161084,0.8533789818398333
434,dt_NOF_RFC_d5_s120_l50_w0.4.pkl,5,120,50,0.4,0.9423407139629463,0.8190244285602074,0.876365775760632,0.9227207408590132,0.7997508995294769,0.8568463192230706
435,dt_NOF_RFC_d5_s120_l50_w0.5.pkl,5,120,50,0.5,0.9153108891752577,0.8926635770952792,0.9038453891120213,0.9030824770896974,0.9000830334901744,0.9015802606043803
436,dt_NOF_RFC_d5_s120_l50_w0.6.pkl,5,120,50,0.6,0.9006838905775076,0.9310344827586207,0.9156077401413618,0.8914698162729658,0.9400774979241627,0.9151286541829449
437,dt_NOF_RFC_d5_s120_l50_w0.7.pkl,5,120,50,0.7,0.8982776165529718,0.9360615819652816,0.9167804596595827,0.88862897985705,0.9463050096872405,0.9165605522418069
438,dt_NOF_RFC_d5_s120_l50_w0.8.pkl,5,120,50,0.8,0.8982776165529718,0.9360615819652816,0.9167804596595827,0.88862897985705,0.9463050096872405,0.9165605522418069
439,dt_NOF_RFC_d5_s120_l50_w0.9.pkl,5,120,50,0.9,0.8856291125895227,0.9567590919802058,0.919821027393381,0.8795256717547622,0.9648491558261832,0.9202138190457335
440,dt_NOF_RFC_d5_s120_l50_w1.0.pkl,5,120,50,1.0,0.8877439557238567,0.9575445762312466,0.9213241129123683,0.8769636797788111,0.9656794907279269,0.9191859316340644
441,dt_NOF_RFC_d5_s120_l60_w0.2.pkl,5,120,60,0.2,0.9533671110236608,0.7611735134710549,0.84649822017427,0.9309175294537665,0.7216994187655688,0.8130651699407546
442,dt_NOF_RFC_d5_s120_l60_w0.3.pkl,5,120,60,0.3,0.9430857350668242,0.8147828136045873,0.87425200168563,0.9231884057971015,0.7933849986161084,0.8533789818398333
443,dt_NOF_RFC_d5_s120_l60_w0.4.pkl,5,120,60,0.4,0.9426515185805459,0.8179247506087503,0.8758700452108086,0.92304,0.7983670080265707,0.8561887800534284
444,dt_NOF_RFC_d5_s120_l60_w0.5.pkl,5,120,60,0.5,0.9155679206483609,0.8917995444191344,0.9035274456359549,0.9032527105921602,0.8992526985884307,0.90124826629681
445,dt_NOF_RFC_d5_s120_l60_w0.6.pkl,5,120,60,0.6,0.8993679748703781,0.9333123870866389,0.9160258263467284,0.8902119863909971,0.9414613894270689,0.915119720204466
446,dt_NOF_RFC_d5_s120_l60_w0.7.pkl,5,120,60,0.7,0.8972075017852444,0.937554002042259,0.916937141101231,0.887707468879668,0.9474121228895654,0.9165885660731021
447,dt_NOF_RFC_d5_s120_l60_w0.8.pkl,5,120,60,0.8,0.8972075017852444,0.937554002042259,0.916937141101231,0.887707468879668,0.9474121228895654,0.9165885660731021
448,dt_NOF_RFC_d5_s120_l60_w0.9.pkl,5,120,60,0.9,0.8854382332643203,0.9573874793810384,0.9200083029834129,0.8793190416141236,0.9649875449764739,0.9201636315650568
449,dt_NOF_RFC_d5_s120_l60_w1.0.pkl,5,120,60,1.0,0.8875705186533211,0.9577409472940067,0.9213215709239284,0.8767433094609876,0.9656794907279269,0.9190648666447152
450,dt_NOF_RFC_d6_s40_l20_w0.2.pkl,6,40,20,0.2,0.9567375541388875,0.7721310187730736,0.8545782530264502,0.9344493392070484,0.7338776639911431,0.8221068134253159
451,dt_NOF_RFC_d6_s40_l20_w0.3.pkl,6,40,20,0.3,0.9360665632005518,0.8527609771424083,0.8924740022195734,0.9153624069290381,0.8336562413506781,0.8726008546389512
452,dt_NOF_RFC_d6_s40_l20_w0.4.pkl,6,40,20,0.4,0.9174223962286765,0.9018930170450082,0.9095914285148436,0.9051054384017758,0.9028508164959868,0.903976721629486
453,dt_NOF_RFC_d6_s40_l20_w0.5.pkl,6,40,20,0.5,0.9089958564070789,0.9218835912339958,0.9153943648240226,0.8962783823726992,0.9231940215887074,0.9095371190946895
454,dt_NOF_RFC_d6_s40_l20_w0.6.pkl,6,40,20,0.6,0.904703865930299,0.9328803707485664,0.9185760968346965,0.8926121372031662,0.9363409908663161,0.9139538025124949
455,dt_NOF_RFC_d6_s40_l20_w0.7.pkl,6,40,20,0.7,0.9015528418513493,0.9394391642447569,0.920106166096088,0.8892247043363994,0.9364793800166067,0.9122404960905904
456,dt_NOF_RFC_d6_s40_l20_w0.8.pkl,6,40,20,0.8,0.8993446920052425,0.9432487628623046,0.9207736691778328,0.8876419156988125,0.9413230002767783,0.9136946739203439
457,dt_NOF_RFC_d6_s40_l20_w0.9.pkl,6,40,20,0.9,0.8938108586603718,0.9517319927735449,0.9218625175942481,0.8846498527717321,0.956269028508165,0.9190663031189732
458,dt_NOF_RFC_d6_s40_l20_w1.0.pkl,6,40,20,1.0,0.87970004975478,0.9721545833006048,0.9236194029850746,0.871150529687115,0.9786880708552449,0.921793534932221
459,dt_NOF_RFC_d6_s40_l30_w0.2.pkl,6,40,30,0.2,0.9567190397189421,0.7700494855078156,0.8532944555661938,0.9344059405940595,0.731386659285912,0.8205247632355225
460,dt_NOF_RFC_d6_s40_l30_w0.3.pkl,6,40,30,0.3,0.9354824825686494,0.8536250098185532,0.8926811237062593,0.9148710166919575,0.8343481871021312,0.8727562246670527
461,dt_NOF_RFC_d6_s40_l30_w0.4.pkl,6,40,30,0.4,0.9169921096676497,0.903738905034954,0.9103172719360709,0.9042949868802651,0.9061721561029615,0.9052325983272275
462,dt_NOF_RFC_d6_s40_l30_w0.5.pkl,6,40,30,0.5,0.9103048234515514,0.9183489121043124,0.9143091751549395,0.8977855792600594,0.9201494602823138,0.90882996172772
463,dt_NOF_RFC_d6_s40_l30_w0.6.pkl,6,40,30,0.6,0.9053548239248339,0.9309559343335166,0.9179769189063589,0.893859184753838,0.9346803210628287,0.9138140982275741
464,dt_NOF_RFC_d6_s40_l30_w0.7.pkl,6,40,30,0.7,0.9020704246637449,0.9377110988924672,0.9195455420758714,0.890192459794358,0.9345419319125381,0.9118282473669997
465,dt_NOF_RFC_d6_s40_l30_w0.8.pkl,6,40,30,0.8,0.8994826034793041,0.9422276333359516,0.9203590746921395,0.8880167451596023,0.9393855521727097,0.9129791526563551
466,dt_NOF_RFC_d6_s40_l30_w0.9.pkl,6,40,30,0.9,0.8937599173401233,0.9512214280103684,0.9215958600483248,0.8847879020889402,0.9554386936064213,0.9187570696653137
467,dt_NOF_RFC_d6_s40_l30_w1.0.pkl,6,40,30,1.0,0.8793078945498473,0.9719974864503966,0.9233323384569467,0.8710552268244576,0.9778577359535012,0.9213717564219586
468,dt_NOF_RFC_d6_s40_l40_w0.2.pkl,6,40,40,0.2,0.9563967650784371,0.7709920666090645,0.853744455075237,0.9341919548341566,0.7327705507888181,0.821312238250349
469,dt_NOF_RFC_d6_s40_l40_w0.3.pkl,6,40,40,0.3,0.9348645869043538,0.8568062210352683,0.8941350055330136,0.9147649992443706,0.837669526709106,0.8745214187676081
470,dt_NOF_RFC_d6_s40_l40_w0.4.pkl,6,40,40,0.4,0.9174286284687563,0.9024035818081847,0.9098540796325262,0.9042214532871973,0.9040963188486023,0.904158881738288
471,dt_NOF_RFC_d6_s40_l40_w0.5.pkl,6,40,40,0.5,0.9107289107289107,0.9171314115151992,0.9139189480069663,0.8983921091744359,0.9201494602823138,0.9091406303411499
472,dt_NOF_RFC_d6_s40_l40_w0.6.pkl,6,40,40,0.6,0.9056524399571669,0.9300526274448198,0.9176903700833172,0.894332627118644,0.9346803210628287,0.9140614426850724
473,dt_NOF_RFC_d6_s40_l40_w0.7.pkl,6,40,40,0.7,0.9027988470873787,0.9349226298012725,0.9185799729886166,0.8916633637204386,0.9339883753113756,0.9123352483947279
474,dt_NOF_RFC_d6_s40_l40_w0.8.pkl,6,40,40,0.8,0.895017398386022,0.9495719110831827,0.9214879182864547,0.8827399380804953,0.9469969554386936,0.9137401522232608
475,dt_NOF_RFC_d6_s40_l40_w0.9.pkl,6,40,40,0.9,0.88888080337651,0.9594690126462965,0.9228270313149246,0.8788988508650082,0.9631884860226958,0.9191152195444041
476,dt_NOF_RFC_d6_s40_l40_w1.0.pkl,6,40,40,1.0,0.8794084186575654,0.9714869216872202,0.9231573054674379,0.8714532445102393,0.97758095765292,0.9214714322984607
477,dt_NOF_RFC_d6_s40_l50_w0.2.pkl,6,40,50,0.2,0.9564623194064819,0.7696174691697432,0.8529270946681176,0.934394341290893,0.7312482701356213,0.8204331961804208
478,dt_NOF_RFC_d6_s40_l50_w0.3.pkl,6,40,50,0.3,0.9357687502692457,0.8531144450553766,0.8925321006676938,0.9151616330247382,0.8344865762524218,0.8729641693811075
479,dt_NOF_RFC_d6_s40_l50_w0.4.pkl,6,40,50,0.4,0.9174286284687563,0.9024035818081847,0.9098540796325262,0.9042214532871973,0.9040963188486023,0.904158881738288
480,dt_NOF_RFC_d6_s40_l50_w0.5.pkl,6,40,50,0.5,0.9107867624102404,0.9165815725394706,0.9136749794464237,0.8984723536568879,0.919734292831442,0.9089790056759899
481,dt_NOF_RFC_d6_s40_l50_w0.6.pkl,6,40,50,0.6,0.9073568434411414,0.9266357709527924,0.9168949771689497,0.8955005324813632,0.930943814004982,0.9128782738499118
482,dt_NOF_RFC_d6_s40_l50_w0.7.pkl,6,40,50,0.7,0.9025211992731678,0.9363365014531458,0.9191179305293188,0.8916314677930306,0.9348187102131192,0.9127144980408053
483,dt_NOF_RFC_d6_s40_l50_w0.8.pkl,6,40,50,0.8,0.9004288293710503,0.9401068258581415,0.9198401414133651,0.8901415836392239,0.9396623304732908,0.9142318567389256
484,dt_NOF_RFC_d6_s40_l50_w0.9.pkl,6,40,50,0.9,0.8944409512889744,0.949768282145943,0.9212746909464942,0.886337395766517,0.9561306393578743,0.9199121230277612
485,dt_NOF_RFC_d6_s40_l50_w1.0.pkl,6,40,50,1.0,0.8799814808219666,0.9704265179483151,0.9229935936945518,0.8721906643615708,0.9774425685026293,0.921821978595667
486,dt_NOF_RFC_d6_s40_l60_w0.2.pkl,6,40,60,0.2,0.9568610129564193,0.7657293221270913,0.8506915659496488,0.935950044603033,0.725989482424578,0.817707115579456
487,dt_NOF_RFC_d6_s40_l60_w0.3.pkl,6,40,60,0.3,0.9357687502692457,0.8531144450553766,0.8925321006676938,0.9151616330247382,0.8344865762524218,0.8729641693811075
488,dt_NOF_RFC_d6_s40_l60_w0.4.pkl,6,40,60,0.4,0.9176898772147343,0.9011468070065195,0.9093431090855048,0.9044382801664355,0.9024356490451149,0.9034358548074258
489,dt_NOF_RFC_d6_s40_l60_w0.5.pkl,6,40,60,0.5,0.9110199296600234,0.9155997172256696,0.913304082112356,0.8986193827828912,0.9187655687794077,0.9085808129191186
490,dt_NOF_RFC_d6_s40_l60_w0.6.pkl,6,40,60,0.6,0.9058584620100387,0.9285209331552903,0.9170497081127209,0.8941223298394587,0.9326044838084694,0.9129580708528077
491,dt_NOF_RFC_d6_s40_l60_w0.7.pkl,6,40,60,0.7,0.9014270613107822,0.9377503731050193,0.9192300288739172,0.8906887923087053,0.9359258234154443,0.9127471489304272
492,dt_NOF_RFC_d6_s40_l60_w0.8.pkl,6,40,60,0.8,0.8993434627649597,0.9414814232974629,0.9199301571464206,0.8892086330935252,0.9407694436756159,0.9142626588662498
493,dt_NOF_RFC_d6_s40_l60_w0.9.pkl,6,40,60,0.9,0.8943359952676723,0.9500432016338073,0.9213483146067416,0.8862644415917843,0.9554386936064213,0.9195524773574854
494,dt_NOF_RFC_d6_s40_l60_w1.0.pkl,6,40,60,1.0,0.8804878918649025,0.9696017594847224,0.9228986374086465,0.8719723183391004,0.976473844450595,0.9212690951821386
495,dt_NOF_RFC_d6_s60_l20_w0.2.pkl,6,60,20,0.2,0.9566932969602494,0.7713062603094808,0.8540552293976952,0.9344493392070484,0.7338776639911431,0.8221068134253159
496,dt_NOF_RFC_d6_s60_l20_w0.3.pkl,6,60,20,0.3,0.9360086299892125,0.8519362186788155,0.8919958056623558,0.9153624069290381,0.8336562413506781,0.8726008546389512
497,dt_NOF_RFC_d6_s60_l20_w0.4.pkl,6,60,20,0.4,0.9174223962286765,0.9018930170450082,0.9095914285148436,0.9051054384017758,0.9028508164959868,0.903976721629486
498,dt_NOF_RFC_d6_s60_l20_w0.5.pkl,6,60,20,0.5,0.9089958564070789,0.9218835912339958,0.9153943648240226,0.8962783823726992,0.9231940215887074,0.9095371190946895
499,dt_NOF_RFC_d6_s60_l20_w0.6.pkl,6,60,20,0.6,0.904703865930299,0.9328803707485664,0.9185760968346965,0.8926121372031662,0.9363409908663161,0.9139538025124949
500,dt_NOF_RFC_d6_s60_l20_w0.7.pkl,6,60,20,0.7,0.9017766210252348,0.9389285994815804,0.9199776807188348,0.8896197868701486,0.9357874342651537,0.9121197814797329
501,dt_NOF_RFC_d6_s60_l20_w0.8.pkl,6,60,20,0.8,0.8995652825663318,0.9427381980991281,0.9206458788785333,0.8880324013587667,0.9406310545253252,0.9135752688172043
502,dt_NOF_RFC_d6_s60_l20_w0.9.pkl,6,60,20,0.9,0.8940820319710562,0.9511428795852643,0.9217301946754458,0.8850147416997821,0.9554386936064213,0.918879350502429
503,dt_NOF_RFC_d6_s60_l20_w1.0.pkl,6,60,20,1.0,0.8796118575389209,0.9719189380252926,0.9234644376446003,0.8712700369913687,0.9778577359535012,0.9214919144496609
504,dt_NOF_RFC_d6_s60_l30_w0.2.pkl,6,60,30,0.2,0.9567190397189421,0.7700494855078156,0.8532944555661938,0.9344059405940595,0.731386659285912,0.8205247632355225
505,dt_NOF_RFC_d6_s60_l30_w0.3.pkl,6,60,30,0.3,0.9354824825686494,0.8536250098185532,0.8926811237062593,0.9148710166919575,0.8343481871021312,0.8727562246670527
506,dt_NOF_RFC_d6_s60_l30_w0.4.pkl,6,60,30,0.4,0.9169921096676497,0.903738905034954,0.9103172719360709,0.9042949868802651,0.9061721561029615,0.9052325983272275
507,dt_NOF_RFC_d6_s60_l30_w0.5.pkl,6,60,30,0.5,0.9103048234515514,0.9183489121043124,0.9143091751549395,0.8977855792600594,0.9201494602823138,0.90882996172772
508,dt_NOF_RFC_d6_s60_l30_w0.6.pkl,6,60,30,0.6,0.9053548239248339,0.9309559343335166,0.9179769189063589,0.893859184753838,0.9346803210628287,0.9138140982275741
509,dt_NOF_RFC_d6_s60_l30_w0.7.pkl,6,60,30,0.7,0.9020704246637449,0.9377110988924672,0.9195455420758714,0.890192459794358,0.9345419319125381,0.9118282473669997
510,dt_NOF_RFC_d6_s60_l30_w0.8.pkl,6,60,30,0.8,0.8994826034793041,0.9422276333359516,0.9203590746921395,0.8880167451596023,0.9393855521727097,0.9129791526563551
511,dt_NOF_RFC_d6_s60_l30_w0.9.pkl,6,60,30,0.9,0.8937599173401233,0.9512214280103684,0.9215958600483248,0.8847879020889402,0.9554386936064213,0.9187570696653137
512,dt_NOF_RFC_d6_s60_l30_w1.0.pkl,6,60,30,1.0,0.8793078945498473,0.9719974864503966,0.9233323384569467,0.8710552268244576,0.9778577359535012,0.9213717564219586
513,dt_NOF_RFC_d6_s60_l40_w0.2.pkl,6,60,40,0.2,0.9563967650784371,0.7709920666090645,0.853744455075237,0.9341919548341566,0.7327705507888181,0.821312238250349
514,dt_NOF_RFC_d6_s60_l40_w0.3.pkl,6,60,40,0.3,0.9348645869043538,0.8568062210352683,0.8941350055330136,0.9147649992443706,0.837669526709106,0.8745214187676081
515,dt_NOF_RFC_d6_s60_l40_w0.4.pkl,6,60,40,0.4,0.9174286284687563,0.9024035818081847,0.9098540796325262,0.9042214532871973,0.9040963188486023,0.904158881738288
516,dt_NOF_RFC_d6_s60_l40_w0.5.pkl,6,60,40,0.5,0.9107289107289107,0.9171314115151992,0.9139189480069663,0.8983921091744359,0.9201494602823138,0.9091406303411499
517,dt_NOF_RFC_d6_s60_l40_w0.6.pkl,6,60,40,0.6,0.9056524399571669,0.9300526274448198,0.9176903700833172,0.894332627118644,0.9346803210628287,0.9140614426850724
518,dt_NOF_RFC_d6_s60_l40_w0.7.pkl,6,60,40,0.7,0.9027988470873787,0.9349226298012725,0.9185799729886166,0.8916633637204386,0.9339883753113756,0.9123352483947279
519,dt_NOF_RFC_d6_s60_l40_w0.8.pkl,6,60,40,0.8,0.895017398386022,0.9495719110831827,0.9214879182864547,0.8827399380804953,0.9469969554386936,0.9137401522232608
520,dt_NOF_RFC_d6_s60_l40_w0.9.pkl,6,60,40,0.9,0.88888080337651,0.9594690126462965,0.9228270313149246,0.8788988508650082,0.9631884860226958,0.9191152195444041
521,dt_NOF_RFC_d6_s60_l40_w1.0.pkl,6,60,40,1.0,0.8794084186575654,0.9714869216872202,0.9231573054674379,0.8714532445102393,0.97758095765292,0.9214714322984607
522,dt_NOF_RFC_d6_s60_l50_w0.2.pkl,6,60,50,0.2,0.9564623194064819,0.7696174691697432,0.8529270946681176,0.934394341290893,0.7312482701356213,0.8204331961804208
523,dt_NOF_RFC_d6_s60_l50_w0.3.pkl,6,60,50,0.3,0.9357687502692457,0.8531144450553766,0.8925321006676938,0.9151616330247382,0.8344865762524218,0.8729641693811075
524,dt_NOF_RFC_d6_s60_l50_w0.4.pkl,6,60,50,0.4,0.9174286284687563,0.9024035818081847,0.9098540796325262,0.9042214532871973,0.9040963188486023,0.904158881738288
525,dt_NOF_RFC_d6_s60_l50_w0.5.pkl,6,60,50,0.5,0.9107867624102404,0.9165815725394706,0.9136749794464237,0.8984723536568879,0.919734292831442,0.9089790056759899
526,dt_NOF_RFC_d6_s60_l50_w0.6.pkl,6,60,50,0.6,0.9073568434411414,0.9266357709527924,0.9168949771689497,0.8955005324813632,0.930943814004982,0.9128782738499118
527,dt_NOF_RFC_d6_s60_l50_w0.7.pkl,6,60,50,0.7,0.9025211992731678,0.9363365014531458,0.9191179305293188,0.8916314677930306,0.9348187102131192,0.9127144980408053
528,dt_NOF_RFC_d6_s60_l50_w0.8.pkl,6,60,50,0.8,0.9004288293710503,0.9401068258581415,0.9198401414133651,0.8901415836392239,0.9396623304732908,0.9142318567389256
529,dt_NOF_RFC_d6_s60_l50_w0.9.pkl,6,60,50,0.9,0.8944409512889744,0.949768282145943,0.9212746909464942,0.886337395766517,0.9561306393578743,0.9199121230277612
530,dt_NOF_RFC_d6_s60_l50_w1.0.pkl,6,60,50,1.0,0.8799814808219666,0.9704265179483151,0.9229935936945518,0.8721906643615708,0.9774425685026293,0.921821978595667
531,dt_NOF_RFC_d6_s60_l60_w0.2.pkl,6,60,60,0.2,0.9568610129564193,0.7657293221270913,0.8506915659496488,0.935950044603033,0.725989482424578,0.817707115579456
532,dt_NOF_RFC_d6_s60_l60_w0.3.pkl,6,60,60,0.3,0.9357687502692457,0.8531144450553766,0.8925321006676938,0.9151616330247382,0.8344865762524218,0.8729641693811075
533,dt_NOF_RFC_d6_s60_l60_w0.4.pkl,6,60,60,0.4,0.9176898772147343,0.9011468070065195,0.9093431090855048,0.9044382801664355,0.9024356490451149,0.9034358548074258
534,dt_NOF_RFC_d6_s60_l60_w0.5.pkl,6,60,60,0.5,0.9110199296600234,0.9155997172256696,0.913304082112356,0.8986193827828912,0.9187655687794077,0.9085808129191186
535,dt_NOF_RFC_d6_s60_l60_w0.6.pkl,6,60,60,0.6,0.9058584620100387,0.9285209331552903,0.9170497081127209,0.8941223298394587,0.9326044838084694,0.9129580708528077
536,dt_NOF_RFC_d6_s60_l60_w0.7.pkl,6,60,60,0.7,0.9014270613107822,0.9377503731050193,0.9192300288739172,0.8906887923087053,0.9359258234154443,0.9127471489304272
537,dt_NOF_RFC_d6_s60_l60_w0.8.pkl,6,60,60,0.8,0.8993434627649597,0.9414814232974629,0.9199301571464206,0.8892086330935252,0.9407694436756159,0.9142626588662498
538,dt_NOF_RFC_d6_s60_l60_w0.9.pkl,6,60,60,0.9,0.8943359952676723,0.9500432016338073,0.9213483146067416,0.8862644415917843,0.9554386936064213,0.9195524773574854
539,dt_NOF_RFC_d6_s60_l60_w1.0.pkl,6,60,60,1.0,0.8804878918649025,0.9696017594847224,0.9228986374086465,0.8719723183391004,0.976473844450595,0.9212690951821386
540,dt_NOF_RFC_d6_s80_l20_w0.2.pkl,6,80,20,0.2,0.9566932969602494,0.7713062603094808,0.8540552293976952,0.9344493392070484,0.7338776639911431,0.8221068134253159
541,dt_NOF_RFC_d6_s80_l20_w0.3.pkl,6,80,20,0.3,0.9360086299892125,0.8519362186788155,0.8919958056623558,0.9153624069290381,0.8336562413506781,0.8726008546389512
542,dt_NOF_RFC_d6_s80_l20_w0.4.pkl,6,80,20,0.4,0.9171290567242825,0.9023250333830807,0.9096668184427771,0.9047288864235197,0.9028508164959868,0.9037888758052227
543,dt_NOF_RFC_d6_s80_l20_w0.5.pkl,6,80,20,0.5,0.9089958564070789,0.9218835912339958,0.9153943648240226,0.8962783823726992,0.9231940215887074,0.9095371190946895
544,dt_NOF_RFC_d6_s80_l20_w0.6.pkl,6,80,20,0.6,0.904703865930299,0.9328803707485664,0.9185760968346965,0.8926121372031662,0.9363409908663161,0.9139538025124949
545,dt_NOF_RFC_d6_s80_l20_w0.7.pkl,6,80,20,0.7,0.9017766210252348,0.9389285994815804,0.9199776807188348,0.8896197868701486,0.9357874342651537,0.9121197814797329
546,dt_NOF_RFC_d6_s80_l20_w0.8.pkl,6,80,20,0.8,0.8995652825663318,0.9427381980991281,0.9206458788785333,0.8880324013587667,0.9406310545253252,0.9135752688172043
547,dt_NOF_RFC_d6_s80_l20_w0.9.pkl,6,80,20,0.9,0.8940820319710562,0.9511428795852643,0.9217301946754458,0.8850147416997821,0.9554386936064213,0.918879350502429
548,dt_NOF_RFC_d6_s80_l20_w1.0.pkl,6,80,20,1.0,0.8796118575389209,0.9719189380252926,0.9234644376446003,0.8712700369913687,0.9778577359535012,0.9214919144496609
549,dt_NOF_RFC_d6_s80_l30_w0.2.pkl,6,80,30,0.2,0.9567190397189421,0.7700494855078156,0.8532944555661938,0.9344059405940595,0.731386659285912,0.8205247632355225
550,dt_NOF_RFC_d6_s80_l30_w0.3.pkl,6,80,30,0.3,0.9354824825686494,0.8536250098185532,0.8926811237062593,0.9148710166919575,0.8343481871021312,0.8727562246670527
551,dt_NOF_RFC_d6_s80_l30_w0.4.pkl,6,80,30,0.4,0.9166932017194714,0.9045243892859948,0.9105681413829914,0.9039337474120083,0.9063105452532522,0.9051205859995853
552,dt_NOF_RFC_d6_s80_l30_w0.5.pkl,6,80,30,0.5,0.9103048234515514,0.9183489121043124,0.9143091751549395,0.8977855792600594,0.9201494602823138,0.90882996172772
553,dt_NOF_RFC_d6_s80_l30_w0.6.pkl,6,80,30,0.6,0.9053548239248339,0.9309559343335166,0.9179769189063589,0.893859184753838,0.9346803210628287,0.9138140982275741
554,dt_NOF_RFC_d6_s80_l30_w0.7.pkl,6,80,30,0.7,0.9020704246637449,0.9377110988924672,0.9195455420758714,0.890192459794358,0.9345419319125381,0.9118282473669997
555,dt_NOF_RFC_d6_s80_l30_w0.8.pkl,6,80,30,0.8,0.8994826034793041,0.9422276333359516,0.9203590746921395,0.8880167451596023,0.9393855521727097,0.9129791526563551
556,dt_NOF_RFC_d6_s80_l30_w0.9.pkl,6,80,30,0.9,0.8937599173401233,0.9512214280103684,0.9215958600483248,0.8847879020889402,0.9554386936064213,0.9187570696653137
557,dt_NOF_RFC_d6_s80_l30_w1.0.pkl,6,80,30,1.0,0.8793078945498473,0.9719974864503966,0.9233323384569467,0.8710552268244576,0.9778577359535012,0.9213717564219586
558,dt_NOF_RFC_d6_s80_l40_w0.2.pkl,6,80,40,0.2,0.9563967650784371,0.7709920666090645,0.853744455075237,0.9341919548341566,0.7327705507888181,0.821312238250349
559,dt_NOF_RFC_d6_s80_l40_w0.3.pkl,6,80,40,0.3,0.9348645869043538,0.8568062210352683,0.8941350055330136,0.9147649992443706,0.837669526709106,0.8745214187676081
560,dt_NOF_RFC_d6_s80_l40_w0.4.pkl,6,80,40,0.4,0.9174286284687563,0.9024035818081847,0.9098540796325262,0.9042214532871973,0.9040963188486023,0.904158881738288
561,dt_NOF_RFC_d6_s80_l40_w0.5.pkl,6,80,40,0.5,0.9107289107289107,0.9171314115151992,0.9139189480069663,0.8983921091744359,0.9201494602823138,0.9091406303411499
562,dt_NOF_RFC_d6_s80_l40_w0.6.pkl,6,80,40,0.6,0.9056524399571669,0.9300526274448198,0.9176903700833172,0.894332627118644,0.9346803210628287,0.9140614426850724
563,dt_NOF_RFC_d6_s80_l40_w0.7.pkl,6,80,40,0.7,0.9027988470873787,0.9349226298012725,0.9185799729886166,0.8916633637204386,0.9339883753113756,0.9123352483947279
564,dt_NOF_RFC_d6_s80_l40_w0.8.pkl,6,80,40,0.8,0.895017398386022,0.9495719110831827,0.9214879182864547,0.8827399380804953,0.9469969554386936,0.9137401522232608
565,dt_NOF_RFC_d6_s80_l40_w0.9.pkl,6,80,40,0.9,0.88888080337651,0.9594690126462965,0.9228270313149246,0.8788988508650082,0.9631884860226958,0.9191152195444041
566,dt_NOF_RFC_d6_s80_l40_w1.0.pkl,6,80,40,1.0,0.8794084186575654,0.9714869216872202,0.9231573054674379,0.8714532445102393,0.97758095765292,0.9214714322984607
567,dt_NOF_RFC_d6_s80_l50_w0.2.pkl,6,80,50,0.2,0.9564623194064819,0.7696174691697432,0.8529270946681176,0.934394341290893,0.7312482701356213,0.8204331961804208
568,dt_NOF_RFC_d6_s80_l50_w0.3.pkl,6,80,50,0.3,0.9357687502692457,0.8531144450553766,0.8925321006676938,0.9151616330247382,0.8344865762524218,0.8729641693811075
569,dt_NOF_RFC_d6_s80_l50_w0.4.pkl,6,80,50,0.4,0.9174286284687563,0.9024035818081847,0.9098540796325262,0.9042214532871973,0.9040963188486023,0.904158881738288
570,dt_NOF_RFC_d6_s80_l50_w0.5.pkl,6,80,50,0.5,0.9107867624102404,0.9165815725394706,0.9136749794464237,0.8984723536568879,0.919734292831442,0.9089790056759899
571,dt_NOF_RFC_d6_s80_l50_w0.6.pkl,6,80,50,0.6,0.9073568434411414,0.9266357709527924,0.9168949771689497,0.8955005324813632,0.930943814004982,0.9128782738499118
572,dt_NOF_RFC_d6_s80_l50_w0.7.pkl,6,80,50,0.7,0.9025211992731678,0.9363365014531458,0.9191179305293188,0.8916314677930306,0.9348187102131192,0.9127144980408053
573,dt_NOF_RFC_d6_s80_l50_w0.8.pkl,6,80,50,0.8,0.9004288293710503,0.9401068258581415,0.9198401414133651,0.8901415836392239,0.9396623304732908,0.9142318567389256
574,dt_NOF_RFC_d6_s80_l50_w0.9.pkl,6,80,50,0.9,0.8944409512889744,0.949768282145943,0.9212746909464942,0.886337395766517,0.9561306393578743,0.9199121230277612
575,dt_NOF_RFC_d6_s80_l50_w1.0.pkl,6,80,50,1.0,0.8799814808219666,0.9704265179483151,0.9229935936945518,0.8721906643615708,0.9774425685026293,0.921821978595667
576,dt_NOF_RFC_d6_s80_l60_w0.2.pkl,6,80,60,0.2,0.9568610129564193,0.7657293221270913,0.8506915659496488,0.935950044603033,0.725989482424578,0.817707115579456
577,dt_NOF_RFC_d6_s80_l60_w0.3.pkl,6,80,60,0.3,0.9357687502692457,0.8531144450553766,0.8925321006676938,0.9151616330247382,0.8344865762524218,0.8729641693811075
578,dt_NOF_RFC_d6_s80_l60_w0.4.pkl,6,80,60,0.4,0.9176898772147343,0.9011468070065195,0.9093431090855048,0.9044382801664355,0.9024356490451149,0.9034358548074258
579,dt_NOF_RFC_d6_s80_l60_w0.5.pkl,6,80,60,0.5,0.9110199296600234,0.9155997172256696,0.913304082112356,0.8986193827828912,0.9187655687794077,0.9085808129191186
580,dt_NOF_RFC_d6_s80_l60_w0.6.pkl,6,80,60,0.6,0.9058584620100387,0.9285209331552903,0.9170497081127209,0.8941223298394587,0.9326044838084694,0.9129580708528077
581,dt_NOF_RFC_d6_s80_l60_w0.7.pkl,6,80,60,0.7,0.9014270613107822,0.9377503731050193,0.9192300288739172,0.8906887923087053,0.9359258234154443,0.9127471489304272
582,dt_NOF_RFC_d6_s80_l60_w0.8.pkl,6,80,60,0.8,0.8993434627649597,0.9414814232974629,0.9199301571464206,0.8892086330935252,0.9407694436756159,0.9142626588662498
583,dt_NOF_RFC_d6_s80_l60_w0.9.pkl,6,80,60,0.9,0.8943359952676723,0.9500432016338073,0.9213483146067416,0.8862644415917843,0.9554386936064213,0.9195524773574854
584,dt_NOF_RFC_d6_s80_l60_w1.0.pkl,6,80,60,1.0,0.8804878918649025,0.9696017594847224,0.9228986374086465,0.8719723183391004,0.976473844450595,0.9212690951821386
585,dt_NOF_RFC_d6_s100_l20_w0.2.pkl,6,100,20,0.2,0.956695601287428,0.770481501845888,0.8535502958579881,0.9344754503708936,0.7322169941876557,0.8210738671632526
586,dt_NOF_RFC_d6_s100_l20_w0.3.pkl,6,100,20,0.3,0.9359965450226733,0.8511900086403268,0.8915811341711747,0.9153729071537291,0.832272349847772,0.8718469121484488
587,dt_NOF_RFC_d6_s100_l20_w0.4.pkl,6,100,20,0.4,0.9171290567242825,0.9023250333830807,0.9096668184427771,0.9047288864235197,0.9028508164959868,0.9037888758052227
588,dt_NOF_RFC_d6_s100_l20_w0.5.pkl,6,100,20,0.5,0.9089958564070789,0.9218835912339958,0.9153943648240226,0.8962783823726992,0.9231940215887074,0.9095371190946895
589,dt_NOF_RFC_d6_s100_l20_w0.6.pkl,6,100,20,0.6,0.904703865930299,0.9328803707485664,0.9185760968346965,0.8926121372031662,0.9363409908663161,0.9139538025124949
590,dt_NOF_RFC_d6_s100_l20_w0.7.pkl,6,100,20,0.7,0.9017766210252348,0.9389285994815804,0.9199776807188348,0.8896197868701486,0.9357874342651537,0.9121197814797329
591,dt_NOF_RFC_d6_s100_l20_w0.8.pkl,6,100,20,0.8,0.8995652825663318,0.9427381980991281,0.9206458788785333,0.8880324013587667,0.9406310545253252,0.9135752688172043
592,dt_NOF_RFC_d6_s100_l20_w0.9.pkl,6,100,20,0.9,0.8940820319710562,0.9511428795852643,0.9217301946754458,0.8850147416997821,0.9554386936064213,0.918879350502429
593,dt_NOF_RFC_d6_s100_l20_w1.0.pkl,6,100,20,1.0,0.8796118575389209,0.9719189380252926,0.9234644376446003,0.8712700369913687,0.9778577359535012,0.9214919144496609
594,dt_NOF_RFC_d6_s100_l30_w0.2.pkl,6,100,30,0.2,0.9567190397189421,0.7700494855078156,0.8532944555661938,0.9344059405940595,0.731386659285912,0.8205247632355225
595,dt_NOF_RFC_d6_s100_l30_w0.3.pkl,6,100,30,0.3,0.9359461325966851,0.8516220249783992,0.8917951881554596,0.9152336021914472,0.832272349847772,0.8717837210987895
596,dt_NOF_RFC_d6_s100_l30_w0.4.pkl,6,100,30,0.4,0.9166932017194714,0.9045243892859948,0.9105681413829914,0.9039337474120083,0.9063105452532522,0.9051205859995853
597,dt_NOF_RFC_d6_s100_l30_w0.5.pkl,6,100,30,0.5,0.9103048234515514,0.9183489121043124,0.9143091751549395,0.8977855792600594,0.9201494602823138,0.90882996172772
598,dt_NOF_RFC_d6_s100_l30_w0.6.pkl,6,100,30,0.6,0.9053548239248339,0.9309559343335166,0.9179769189063589,0.893859184753838,0.9346803210628287,0.9138140982275741
599,dt_NOF_RFC_d6_s100_l30_w0.7.pkl,6,100,30,0.7,0.9020704246637449,0.9377110988924672,0.9195455420758714,0.890192459794358,0.9345419319125381,0.9118282473669997
600,dt_NOF_RFC_d6_s100_l30_w0.8.pkl,6,100,30,0.8,0.8994826034793041,0.9422276333359516,0.9203590746921395,0.8880167451596023,0.9393855521727097,0.9129791526563551
601,dt_NOF_RFC_d6_s100_l30_w0.9.pkl,6,100,30,0.9,0.8937599173401233,0.9512214280103684,0.9215958600483248,0.8847879020889402,0.9554386936064213,0.9187570696653137
602,dt_NOF_RFC_d6_s100_l30_w1.0.pkl,6,100,30,1.0,0.8793078945498473,0.9719974864503966,0.9233323384569467,0.8710552268244576,0.9778577359535012,0.9213717564219586
603,dt_NOF_RFC_d6_s100_l40_w0.2.pkl,6,100,40,0.2,0.9563967650784371,0.7709920666090645,0.853744455075237,0.9341919548341566,0.7327705507888181,0.821312238250349
604,dt_NOF_RFC_d6_s100_l40_w0.3.pkl,6,100,40,0.3,0.9351943311144514,0.8552352525331867,0.8934293392413892,0.9150643451930356,0.8364240243564904,0.8739787434025016
605,dt_NOF_RFC_d6_s100_l40_w0.4.pkl,6,100,40,0.4,0.9174286284687563,0.9024035818081847,0.9098540796325262,0.9042214532871973,0.9040963188486023,0.904158881738288
606,dt_NOF_RFC_d6_s100_l40_w0.5.pkl,6,100,40,0.5,0.9107289107289107,0.9171314115151992,0.9139189480069663,0.8983921091744359,0.9201494602823138,0.9091406303411499
607,dt_NOF_RFC_d6_s100_l40_w0.6.pkl,6,100,40,0.6,0.9056524399571669,0.9300526274448198,0.9176903700833172,0.894332627118644,0.9346803210628287,0.9140614426850724
608,dt_NOF_RFC_d6_s100_l40_w0.7.pkl,6,100,40,0.7,0.9027988470873787,0.9349226298012725,0.9185799729886166,0.8916633637204386,0.9339883753113756,0.9123352483947279
609,dt_NOF_RFC_d6_s100_l40_w0.8.pkl,6,100,40,0.8,0.895017398386022,0.9495719110831827,0.9214879182864547,0.8827399380804953,0.9469969554386936,0.9137401522232608
610,dt_NOF_RFC_d6_s100_l40_w0.9.pkl,6,100,40,0.9,0.88888080337651,0.9594690126462965,0.9228270313149246,0.8788988508650082,0.9631884860226958,0.9191152195444041
611,dt_NOF_RFC_d6_s100_l40_w1.0.pkl,6,100,40,1.0,0.8794084186575654,0.9714869216872202,0.9231573054674379,0.8714532445102393,0.97758095765292,0.9214714322984607
612,dt_NOF_RFC_d6_s100_l50_w0.2.pkl,6,100,50,0.2,0.9564623194064819,0.7696174691697432,0.8529270946681176,0.934394341290893,0.7312482701356213,0.8204331961804208
613,dt_NOF_RFC_d6_s100_l50_w0.3.pkl,6,100,50,0.3,0.9357687502692457,0.8531144450553766,0.8925321006676938,0.9151616330247382,0.8344865762524218,0.8729641693811075
614,dt_NOF_RFC_d6_s100_l50_w0.4.pkl,6,100,50,0.4,0.9174286284687563,0.9024035818081847,0.9098540796325262,0.9042214532871973,0.9040963188486023,0.904158881738288
615,dt_NOF_RFC_d6_s100_l50_w0.5.pkl,6,100,50,0.5,0.9107867624102404,0.9165815725394706,0.9136749794464237,0.8984723536568879,0.919734292831442,0.9089790056759899
616,dt_NOF_RFC_d6_s100_l50_w0.6.pkl,6,100,50,0.6,0.9073568434411414,0.9266357709527924,0.9168949771689497,0.8955005324813632,0.930943814004982,0.9128782738499118
617,dt_NOF_RFC_d6_s100_l50_w0.7.pkl,6,100,50,0.7,0.9025211992731678,0.9363365014531458,0.9191179305293188,0.8916314677930306,0.9348187102131192,0.9127144980408053
618,dt_NOF_RFC_d6_s100_l50_w0.8.pkl,6,100,50,0.8,0.9004288293710503,0.9401068258581415,0.9198401414133651,0.8901415836392239,0.9396623304732908,0.9142318567389256
619,dt_NOF_RFC_d6_s100_l50_w0.9.pkl,6,100,50,0.9,0.8944409512889744,0.949768282145943,0.9212746909464942,0.886337395766517,0.9561306393578743,0.9199121230277612
620,dt_NOF_RFC_d6_s100_l50_w1.0.pkl,6,100,50,1.0,0.8799814808219666,0.9704265179483151,0.9229935936945518,0.8721906643615708,0.9774425685026293,0.921821978595667
621,dt_NOF_RFC_d6_s100_l60_w0.2.pkl,6,100,60,0.2,0.9568610129564193,0.7657293221270913,0.8506915659496488,0.935950044603033,0.725989482424578,0.817707115579456
622,dt_NOF_RFC_d6_s100_l60_w0.3.pkl,6,100,60,0.3,0.9357687502692457,0.8531144450553766,0.8925321006676938,0.9151616330247382,0.8344865762524218,0.8729641693811075
623,dt_NOF_RFC_d6_s100_l60_w0.4.pkl,6,100,60,0.4,0.9176898772147343,0.9011468070065195,0.9093431090855048,0.9044382801664355,0.9024356490451149,0.9034358548074258
624,dt_NOF_RFC_d6_s100_l60_w0.5.pkl,6,100,60,0.5,0.9110199296600234,0.9155997172256696,0.913304082112356,0.8986193827828912,0.9187655687794077,0.9085808129191186
625,dt_NOF_RFC_d6_s100_l60_w0.6.pkl,6,100,60,0.6,0.9058584620100387,0.9285209331552903,0.9170497081127209,0.8941223298394587,0.9326044838084694,0.9129580708528077
626,dt_NOF_RFC_d6_s100_l60_w0.7.pkl,6,100,60,0.7,0.9014270613107822,0.9377503731050193,0.9192300288739172,0.8906887923087053,0.9359258234154443,0.9127471489304272
627,dt_NOF_RFC_d6_s100_l60_w0.8.pkl,6,100,60,0.8,0.8993434627649597,0.9414814232974629,0.9199301571464206,0.8892086330935252,0.9407694436756159,0.9142626588662498
628,dt_NOF_RFC_d6_s100_l60_w0.9.pkl,6,100,60,0.9,0.8943359952676723,0.9500432016338073,0.9213483146067416,0.8862644415917843,0.9554386936064213,0.9195524773574854
629,dt_NOF_RFC_d6_s100_l60_w1.0.pkl,6,100,60,1.0,0.8804878918649025,0.9696017594847224,0.9228986374086465,0.8719723183391004,0.976473844450595,0.9212690951821386
630,dt_NOF_RFC_d6_s120_l20_w0.2.pkl,6,120,20,0.2,0.956695601287428,0.770481501845888,0.8535502958579881,0.9344754503708936,0.7322169941876557,0.8210738671632526
631,dt_NOF_RFC_d6_s120_l20_w0.3.pkl,6,120,20,0.3,0.9359965450226733,0.8511900086403268,0.8915811341711747,0.9153729071537291,0.832272349847772,0.8718469121484488
632,dt_NOF_RFC_d6_s120_l20_w0.4.pkl,6,120,20,0.4,0.9171290567242825,0.9023250333830807,0.9096668184427771,0.9047288864235197,0.9028508164959868,0.9037888758052227
633,dt_NOF_RFC_d6_s120_l20_w0.5.pkl,6,120,20,0.5,0.9089958564070789,0.9218835912339958,0.9153943648240226,0.8962783823726992,0.9231940215887074,0.9095371190946895
634,dt_NOF_RFC_d6_s120_l20_w0.6.pkl,6,120,20,0.6,0.904703865930299,0.9328803707485664,0.9185760968346965,0.8926121372031662,0.9363409908663161,0.9139538025124949
635,dt_NOF_RFC_d6_s120_l20_w0.7.pkl,6,120,20,0.7,0.9017766210252348,0.9389285994815804,0.9199776807188348,0.8896197868701486,0.9357874342651537,0.9121197814797329
636,dt_NOF_RFC_d6_s120_l20_w0.8.pkl,6,120,20,0.8,0.8995652825663318,0.9427381980991281,0.9206458788785333,0.8880324013587667,0.9406310545253252,0.9135752688172043
637,dt_NOF_RFC_d6_s120_l20_w0.9.pkl,6,120,20,0.9,0.8940820319710562,0.9511428795852643,0.9217301946754458,0.8850147416997821,0.9554386936064213,0.918879350502429
638,dt_NOF_RFC_d6_s120_l20_w1.0.pkl,6,120,20,1.0,0.8796118575389209,0.9719189380252926,0.9234644376446003,0.8710552268244576,0.9778577359535012,0.9213717564219586
639,dt_NOF_RFC_d6_s120_l30_w0.2.pkl,6,120,30,0.2,0.9567190397189421,0.7700494855078156,0.8532944555661938,0.9344059405940595,0.731386659285912,0.8205247632355225
640,dt_NOF_RFC_d6_s120_l30_w0.3.pkl,6,120,30,0.3,0.9359461325966851,0.8516220249783992,0.8917951881554596,0.9152336021914472,0.832272349847772,0.8717837210987895
641,dt_NOF_RFC_d6_s120_l30_w0.4.pkl,6,120,30,0.4,0.9166932017194714,0.9045243892859948,0.9105681413829914,0.9039337474120083,0.9063105452532522,0.9051205859995853
642,dt_NOF_RFC_d6_s120_l30_w0.5.pkl,6,120,30,0.5,0.9103048234515514,0.9183489121043124,0.9143091751549395,0.8977855792600594,0.9201494602823138,0.90882996172772
643,dt_NOF_RFC_d6_s120_l30_w0.6.pkl,6,120,30,0.6,0.9053548239248339,0.9309559343335166,0.9179769189063589,0.893859184753838,0.9346803210628287,0.9138140982275741
644,dt_NOF_RFC_d6_s120_l30_w0.7.pkl,6,120,30,0.7,0.9020704246637449,0.9377110988924672,0.9195455420758714,0.890192459794358,0.9345419319125381,0.9118282473669997
645,dt_NOF_RFC_d6_s120_l30_w0.8.pkl,6,120,30,0.8,0.8994826034793041,0.9422276333359516,0.9203590746921395,0.8880167451596023,0.9393855521727097,0.9129791526563551
646,dt_NOF_RFC_d6_s120_l30_w0.9.pkl,6,120,30,0.9,0.8937599173401233,0.9512214280103684,0.9215958600483248,0.8847879020889402,0.9554386936064213,0.9187570696653137
647,dt_NOF_RFC_d6_s120_l30_w1.0.pkl,6,120,30,1.0,0.8793078945498473,0.9719974864503966,0.9233323384569467,0.870840522553611,0.9778577359535012,0.921251629726206
648,dt_NOF_RFC_d6_s120_l40_w0.2.pkl,6,120,40,0.2,0.9563967650784371,0.7709920666090645,0.853744455075237,0.9341919548341566,0.7327705507888181,0.821312238250349
649,dt_NOF_RFC_d6_s120_l40_w0.3.pkl,6,120,40,0.3,0.9351943311144514,0.8552352525331867,0.8934293392413892,0.9150643451930356,0.8364240243564904,0.8739787434025016
650,dt_NOF_RFC_d6_s120_l40_w0.4.pkl,6,120,40,0.4,0.9174286284687563,0.9024035818081847,0.9098540796325262,0.9042214532871973,0.9040963188486023,0.904158881738288
651,dt_NOF_RFC_d6_s120_l40_w0.5.pkl,6,120,40,0.5,0.9107289107289107,0.9171314115151992,0.9139189480069663,0.8983921091744359,0.9201494602823138,0.9091406303411499
652,dt_NOF_RFC_d6_s120_l40_w0.6.pkl,6,120,40,0.6,0.9056524399571669,0.9300526274448198,0.9176903700833172,0.894332627118644,0.9346803210628287,0.9140614426850724
653,dt_NOF_RFC_d6_s120_l40_w0.7.pkl,6,120,40,0.7,0.9027988470873787,0.9349226298012725,0.9185799729886166,0.8916633637204386,0.9339883753113756,0.9123352483947279
654,dt_NOF_RFC_d6_s120_l40_w0.8.pkl,6,120,40,0.8,0.895017398386022,0.9495719110831827,0.9214879182864547,0.8827399380804953,0.9469969554386936,0.9137401522232608
655,dt_NOF_RFC_d6_s120_l40_w0.9.pkl,6,120,40,0.9,0.88888080337651,0.9594690126462965,0.9228270313149246,0.8788988508650082,0.9631884860226958,0.9191152195444041
656,dt_NOF_RFC_d6_s120_l40_w1.0.pkl,6,120,40,1.0,0.8794084186575654,0.9714869216872202,0.9231573054674379,0.871238283177109,0.97758095765292,0.9213512455980175
657,dt_NOF_RFC_d6_s120_l50_w0.2.pkl,6,120,50,0.2,0.9564623194064819,0.7696174691697432,0.8529270946681176,0.934394341290893,0.7312482701356213,0.8204331961804208
658,dt_NOF_RFC_d6_s120_l50_w0.3.pkl,6,120,50,0.3,0.9357687502692457,0.8531144450553766,0.8925321006676938,0.9151616330247382,0.8344865762524218,0.8729641693811075
659,dt_NOF_RFC_d6_s120_l50_w0.4.pkl,6,120,50,0.4,0.9174286284687563,0.9024035818081847,0.9098540796325262,0.9042214532871973,0.9040963188486023,0.904158881738288
660,dt_NOF_RFC_d6_s120_l50_w0.5.pkl,6,120,50,0.5,0.9107867624102404,0.9165815725394706,0.9136749794464237,0.8984723536568879,0.919734292831442,0.9089790056759899
661,dt_NOF_RFC_d6_s120_l50_w0.6.pkl,6,120,50,0.6,0.9073568434411414,0.9266357709527924,0.9168949771689497,0.8955005324813632,0.930943814004982,0.9128782738499118
662,dt_NOF_RFC_d6_s120_l50_w0.7.pkl,6,120,50,0.7,0.9025211992731678,0.9363365014531458,0.9191179305293188,0.8916314677930306,0.9348187102131192,0.9127144980408053
663,dt_NOF_RFC_d6_s120_l50_w0.8.pkl,6,120,50,0.8,0.9004288293710503,0.9401068258581415,0.9198401414133651,0.8901415836392239,0.9396623304732908,0.9142318567389256
664,dt_NOF_RFC_d6_s120_l50_w0.9.pkl,6,120,50,0.9,0.8944409512889744,0.949768282145943,0.9212746909464942,0.886337395766517,0.9561306393578743,0.9199121230277612
665,dt_NOF_RFC_d6_s120_l50_w1.0.pkl,6,120,50,1.0,0.8799814808219666,0.9704265179483151,0.9229935936945518,0.8719753086419753,0.9774425685026293,0.9217016834138066
666,dt_NOF_RFC_d6_s120_l60_w0.2.pkl,6,120,60,0.2,0.9568610129564193,0.7657293221270913,0.8506915659496488,0.935950044603033,0.725989482424578,0.817707115579456
667,dt_NOF_RFC_d6_s120_l60_w0.3.pkl,6,120,60,0.3,0.9357687502692457,0.8531144450553766,0.8925321006676938,0.9151616330247382,0.8344865762524218,0.8729641693811075
668,dt_NOF_RFC_d6_s120_l60_w0.4.pkl,6,120,60,0.4,0.9176898772147343,0.9011468070065195,0.9093431090855048,0.9044382801664355,0.9024356490451149,0.9034358548074258
669,dt_NOF_RFC_d6_s120_l60_w0.5.pkl,6,120,60,0.5,0.9110199296600234,0.9155997172256696,0.913304082112356,0.8986193827828912,0.9187655687794077,0.9085808129191186
670,dt_NOF_RFC_d6_s120_l60_w0.6.pkl,6,120,60,0.6,0.9058584620100387,0.9285209331552903,0.9170497081127209,0.8941223298394587,0.9326044838084694,0.9129580708528077
671,dt_NOF_RFC_d6_s120_l60_w0.7.pkl,6,120,60,0.7,0.9014270613107822,0.9377503731050193,0.9192300288739172,0.8906887923087053,0.9359258234154443,0.9127471489304272
672,dt_NOF_RFC_d6_s120_l60_w0.8.pkl,6,120,60,0.8,0.8993434627649597,0.9414814232974629,0.9199301571464206,0.8892086330935252,0.9407694436756159,0.9142626588662498
673,dt_NOF_RFC_d6_s120_l60_w0.9.pkl,6,120,60,0.9,0.8943359952676723,0.9500432016338073,0.9213483146067416,0.8862644415917843,0.9554386936064213,0.9195524773574854
674,dt_NOF_RFC_d6_s120_l60_w1.0.pkl,6,120,60,1.0,0.8804878918649025,0.9696017594847224,0.9228986374086465,0.8719723183391004,0.976473844450595,0.9212690951821386
675,dt_NOF_RFC_d7_s40_l20_w0.2.pkl,7,40,20,0.2,0.9526068533529846,0.8123085382138088,0.8768813329376351,0.927189242374549,0.7824522557431497,0.8486940858601021
676,dt_NOF_RFC_d7_s40_l20_w0.3.pkl,7,40,20,0.3,0.9468683866900806,0.8258974157568141,0.8822554592939104,0.9242786545512514,0.8023802933849986,0.8590265945625601
677,dt_NOF_RFC_d7_s40_l20_w0.4.pkl,7,40,20,0.4,0.9318439032569057,0.8731050192443641,0.9015186844826537,0.91303074670571,0.8629947412122889,0.8873079112122937
678,dt_NOF_RFC_d7_s40_l20_w0.5.pkl,7,40,20,0.5,0.9123424329131544,0.9266750451653444,0.9194528875379939,0.8958779443254818,0.9263769720453916,0.9108722275139475
679,dt_NOF_RFC_d7_s40_l20_w0.6.pkl,7,40,20,0.6,0.904377358490566,0.9412457780221507,0.9224433239675147,0.8895577074064381,0.9407694436756159,0.9144471347861178
680,dt_NOF_RFC_d7_s40_l20_w0.7.pkl,7,40,20,0.7,0.9040822474956692,0.9428560207367842,0.9230621347277761,0.8890199161425576,0.9389703847218378,0.913312693498452
681,dt_NOF_RFC_d7_s40_l20_w0.8.pkl,7,40,20,0.8,0.9001528083187358,0.9485507815568298,0.9237182796932668,0.88640475575084,0.9492111818433435,0.9167334937182572
682,dt_NOF_RFC_d7_s40_l20_w0.9.pkl,7,40,20,0.9,0.8934069550590559,0.9595475610714005,0.925296824404931,0.8785841157066734,0.9583448657625242,0.916732856764628
683,dt_NOF_RFC_d7_s40_l20_w1.0.pkl,7,40,20,1.0,0.8922550340458071,0.9623753043751473,0.9259896079357581,0.8774763406940063,0.9623581511209521,0.9179592106131609
684,dt_NOF_RFC_d7_s40_l30_w0.2.pkl,7,40,30,0.2,0.9527208677111337,0.8072421647945959,0.8739688749043286,0.9287956385263506,0.77802380293385,0.8467505083214097
685,dt_NOF_RFC_d7_s40_l30_w0.3.pkl,7,40,30,0.3,0.9475326789995024,0.822755478752651,0.880746673393454,0.9243684042212984,0.8000276778300581,0.8577151335311572
686,dt_NOF_RFC_d7_s40_l30_w0.4.pkl,7,40,30,0.4,0.9327858496525584,0.869884533815097,0.9002377710488345,0.9141428991473096,0.8605037365070578,0.8865126889078985
687,dt_NOF_RFC_d7_s40_l30_w0.5.pkl,7,40,30,0.5,0.9128933379893687,0.9240436729243579,0.9184346638040402,0.8963112005365527,0.9247163022419043,0.9102922144268102
688,dt_NOF_RFC_d7_s40_l30_w0.6.pkl,7,40,30,0.6,0.9046106131094217,0.9393213416071008,0.9216392747731258,0.8911216180719727,0.9389703847218378,0.9144204851752021
689,dt_NOF_RFC_d7_s40_l30_w0.7.pkl,7,40,30,0.7,0.9045262203415445,0.9402639227083497,0.922048911996919,0.8906743940990516,0.9357874342651537,0.9126737751383452
690,dt_NOF_RFC_d7_s40_l30_w0.8.pkl,7,40,30,0.8,0.8992896723567257,0.9496897337208389,0.9238027926878187,0.8868217054263566,0.9499031275947966,0.9172791661098489
691,dt_NOF_RFC_d7_s40_l30_w0.9.pkl,7,40,30,0.9,0.9020092041755529,0.9468227162045401,0.9238728467684761,0.8893517313199688,0.9454746747854968,0.916554869868527
692,dt_NOF_RFC_d7_s40_l30_w1.0.pkl,7,40,30,1.0,0.8929471492749917,0.9601759484722331,0.925342063927632,0.8792753990372435,0.9605590921671741,0.9181216931216931
693,dt_NOF_RFC_d7_s40_l40_w0.2.pkl,7,40,40,0.2,0.9542790152403282,0.79923022543398,0.8698997584799196,0.9289672544080605,0.7655687794076944,0.8393900311053789
694,dt_NOF_RFC_d7_s40_l40_w0.3.pkl,7,40,40,0.3,0.9468113853359755,0.8256617704815018,0.8820962530944488,0.9234327643962355,0.801134791032383,0.8579473879214524
695,dt_NOF_RFC_d7_s40_l40_w0.4.pkl,7,40,40,0.4,0.9332685728766313,0.8678422747623911,0.8993671014876168,0.9141086186540732,0.857182396900083,0.8847307527496072
696,dt_NOF_RFC_d7_s40_l40_w0.5.pkl,7,40,40,0.5,0.9139264234944935,0.9190951221428011,0.9165034855486802,0.8982730706961684,0.9213949626349294,0.9096871157261921
697,dt_NOF_RFC_d7_s40_l40_w0.6.pkl,7,40,40,0.6,0.9042593433197156,0.9388500510564763,0.9212301052063663,0.8918209268740974,0.9400774979241627,0.9153136158458532
698,dt_NOF_RFC_d7_s40_l40_w0.7.pkl,7,40,40,0.7,0.9039035634659713,0.9394391642447569,0.9213288396726047,0.8909927679158448,0.9377248823692222,0.9137617153260064
699,dt_NOF_RFC_d7_s40_l40_w0.8.pkl,7,40,40,0.8,0.8949808654695319,0.9552273976906763,0.9241232569626505,0.8821574642126789,0.95516191530584,0.9172093023255814
700,dt_NOF_RFC_d7_s40_l40_w0.9.pkl,7,40,40,0.9,0.8966891817074522,0.9541277197392193,0.9245171724859671,0.883485179006801,0.9528092997508996,0.9168386710167121
701,dt_NOF_RFC_d7_s40_l40_w1.0.pkl,7,40,40,1.0,0.8928258328462887,0.9599403031969209,0.9251674930920928,0.8796401875079184,0.9608358704677553,0.9184469872346055
702,dt_NOF_RFC_d7_s40_l50_w0.2.pkl,7,40,50,0.2,0.9542695836273818,0.7965988531929935,0.8683348673930261,0.9290899881816647,0.7615554940492666,0.8370218267548863
703,dt_NOF_RFC_d7_s40_l50_w0.3.pkl,7,40,50,0.3,0.9473731761304603,0.8236587856413479,0.88119498308788,0.9246881995522865,0.8003044561306394,0.8580118694362018
704,dt_NOF_RFC_d7_s40_l50_w0.4.pkl,7,40,50,0.4,0.931799092894339,0.8714162281046265,0.9005966635548159,0.9128077373974208,0.8620260171602546,0.8866903914590747
705,dt_NOF_RFC_d7_s40_l50_w0.5.pkl,7,40,50,0.5,0.9142845955047381,0.917013588877543,0.9156470588235294,0.8982019737731513,0.9194575145308608,0.9087054639950762
706,dt_NOF_RFC_d7_s40_l50_w0.6.pkl,7,40,50,0.6,0.9050315421448658,0.9353153719267928,0.9199242892459827,0.89228740936058,0.9366177691668973,0.9139153331982985
707,dt_NOF_RFC_d7_s40_l50_w0.7.pkl,7,40,50,0.7,0.901915852742299,0.9429345691618883,0.9219692024115818,0.889453125,0.9453362856352062,0.9165436736884476
708,dt_NOF_RFC_d7_s40_l50_w0.8.pkl,7,40,50,0.8,0.8997086508292246,0.9459979577409473,0.9222728491021174,0.8875242404654169,0.9500415167450872,0.9177194037831696
709,dt_NOF_RFC_d7_s40_l50_w0.9.pkl,7,40,50,0.9,0.8951746475762818,0.9551881234781243,0.9242081662898292,0.8809523809523809,0.9575145308607805,0.9176392572944297
710,dt_NOF_RFC_d7_s40_l50_w1.0.pkl,7,40,50,1.0,0.8934705386897133,0.9582122378446312,0.924709583278061,0.8802638254693049,0.9604207030168834,0.9185969556585043
711,dt_NOF_RFC_d7_s40_l60_w0.2.pkl,7,40,60,0.2,0.9545927537602876,0.7926321577252377,0.8661059136554802,0.9298930572059073,0.7580957652920011,0.8352519631013189
712,dt_NOF_RFC_d7_s40_l60_w0.3.pkl,7,40,60,0.3,0.9478892419428052,0.8201241065116645,0.8793902130885202,0.9244036105738234,0.7936617769166897,0.8540580789277736
713,dt_NOF_RFC_d7_s40_l60_w0.4.pkl,7,40,60,0.4,0.9330939809926082,0.8676066294870788,0.8991594928465311,0.9141592920353983,0.8577359535012455,0.8850492646008853
714,dt_NOF_RFC_d7_s40_l60_w0.5.pkl,7,40,60,0.5,0.9164073271617097,0.9136360065980678,0.9150195685094499,0.9006532389765922,0.9158593966233047,0.9081926718814327
715,dt_NOF_RFC_d7_s40_l60_w0.6.pkl,7,40,60,0.6,0.9078750718528453,0.9304453695703401,0.9190216653412727,0.8938770088989242,0.9313589814558538,0.9122331413080311
716,dt_NOF_RFC_d7_s40_l60_w0.7.pkl,7,40,60,0.7,0.9022975517890772,0.9408530358966303,0.9211720372221796,0.8894117647058823,0.9415997785773595,0.9147620328045173
717,dt_NOF_RFC_d7_s40_l60_w0.8.pkl,7,40,60,0.8,0.8988030873634364,0.946704893566884,0.9221323234062088,0.8866778653572813,0.9496263492942153,0.9170731707317074
718,dt_NOF_RFC_d7_s40_l60_w0.9.pkl,7,40,60,0.9,0.8957910656977388,0.9537349776136989,0.9238553575165015,0.8814663430834079,0.9550235261555494,0.9167718365991365
719,dt_NOF_RFC_d7_s40_l60_w1.0.pkl,7,40,60,1.0,0.8926311940025599,0.9586442541827036,0.9244607722461038,0.8787955465587044,0.9612510379186272,0.9181758096497026
720,dt_NOF_RFC_d7_s60_l20_w0.2.pkl,7,60,20,0.2,0.952636199805924,0.8096771659728222,0.8753582574358321,0.9277841750287876,0.7805148076390811,0.8478015783540023
721,dt_NOF_RFC_d7_s60_l20_w0.3.pkl,7,60,20,0.3,0.9468180998738056,0.8250726572932213,0.8817628541448059,0.9242786545512514,0.8023802933849986,0.8590265945625601
722,dt_NOF_RFC_d7_s60_l20_w0.4.pkl,7,60,20,0.4,0.9318439032569057,0.8731050192443641,0.9015186844826537,0.91303074670571,0.8629947412122889,0.8873079112122937
723,dt_NOF_RFC_d7_s60_l20_w0.5.pkl,7,60,20,0.5,0.9123424329131544,0.9266750451653444,0.9194528875379939,0.8958779443254818,0.9263769720453916,0.9108722275139475
724,dt_NOF_RFC_d7_s60_l20_w0.6.pkl,7,60,20,0.6,0.9045586735657363,0.940617390621318,0.9222356995706502,0.8897771952817825,0.9395239413230003,0.9139741518578353
725,dt_NOF_RFC_d7_s60_l20_w0.7.pkl,7,60,20,0.7,0.9044888721237269,0.9417170685727752,0.922727622565997,0.889633425305479,0.9370329366177692,0.912718204488778
726,dt_NOF_RFC_d7_s60_l20_w0.8.pkl,7,60,20,0.8,0.900630855948337,0.9475689262430288,0.9235038563855237,0.8869047619047619,0.9485192360918904,0.9166778119566671
727,dt_NOF_RFC_d7_s60_l20_w0.9.pkl,7,60,20,0.9,0.8939849073192175,0.9584478831199434,0.9250947687642154,0.8796896858705329,0.9572377525601993,0.9168268274902247
728,dt_NOF_RFC_d7_s60_l20_w1.0.pkl,7,60,20,1.0,0.8928154205607477,0.9604901421726494,0.9254171869678738,0.8786727456940223,0.9601439247163023,0.91760349160164
729,dt_NOF_RFC_d7_s60_l30_w0.2.pkl,7,60,30,0.2,0.9527208677111337,0.8072421647945959,0.8739688749043286,0.9287956385263506,0.77802380293385,0.8467505083214097
730,dt_NOF_RFC_d7_s60_l30_w0.3.pkl,7,60,30,0.3,0.9475326789995024,0.822755478752651,0.880746673393454,0.9243684042212984,0.8000276778300581,0.8577151335311572
731,dt_NOF_RFC_d7_s60_l30_w0.4.pkl,7,60,30,0.4,0.9327858496525584,0.869884533815097,0.9002377710488345,0.9141428991473096,0.8605037365070578,0.8865126889078985
732,dt_NOF_RFC_d7_s60_l30_w0.5.pkl,7,60,30,0.5,0.9128933379893687,0.9240436729243579,0.9184346638040402,0.8963112005365527,0.9247163022419043,0.9102922144268102
733,dt_NOF_RFC_d7_s60_l30_w0.6.pkl,7,60,30,0.6,0.9046106131094217,0.9393213416071008,0.9216392747731258,0.8911216180719727,0.9389703847218378,0.9144204851752021
734,dt_NOF_RFC_d7_s60_l30_w0.7.pkl,7,60,30,0.7,0.9045262203415445,0.9402639227083497,0.922048911996919,0.8906743940990516,0.9357874342651537,0.9126737751383452
735,dt_NOF_RFC_d7_s60_l30_w0.8.pkl,7,60,30,0.8,0.8992896723567257,0.9496897337208389,0.9238027926878187,0.8868217054263566,0.9499031275947966,0.9172791661098489
736,dt_NOF_RFC_d7_s60_l30_w0.9.pkl,7,60,30,0.9,0.9020092041755529,0.9468227162045401,0.9238728467684761,0.8893517313199688,0.9454746747854968,0.916554869868527
737,dt_NOF_RFC_d7_s60_l30_w1.0.pkl,7,60,30,1.0,0.8929471492749917,0.9601759484722331,0.925342063927632,0.8792753990372435,0.9605590921671741,0.9181216931216931
738,dt_NOF_RFC_d7_s60_l40_w0.2.pkl,7,60,40,0.2,0.9542790152403282,0.79923022543398,0.8698997584799196,0.9289672544080605,0.7655687794076944,0.8393900311053789
739,dt_NOF_RFC_d7_s60_l40_w0.3.pkl,7,60,40,0.3,0.9468113853359755,0.8256617704815018,0.8820962530944488,0.9234327643962355,0.801134791032383,0.8579473879214524
740,dt_NOF_RFC_d7_s60_l40_w0.4.pkl,7,60,40,0.4,0.9332685728766313,0.8678422747623911,0.8993671014876168,0.9141086186540732,0.857182396900083,0.8847307527496072
741,dt_NOF_RFC_d7_s60_l40_w0.5.pkl,7,60,40,0.5,0.9139264234944935,0.9190951221428011,0.9165034855486802,0.8982730706961684,0.9213949626349294,0.9096871157261921
742,dt_NOF_RFC_d7_s60_l40_w0.6.pkl,7,60,40,0.6,0.9042593433197156,0.9388500510564763,0.9212301052063663,0.8918209268740974,0.9400774979241627,0.9153136158458532
743,dt_NOF_RFC_d7_s60_l40_w0.7.pkl,7,60,40,0.7,0.9039035634659713,0.9394391642447569,0.9213288396726047,0.8909927679158448,0.9377248823692222,0.9137617153260064
744,dt_NOF_RFC_d7_s60_l40_w0.8.pkl,7,60,40,0.8,0.8949808654695319,0.9552273976906763,0.9241232569626505,0.8821574642126789,0.95516191530584,0.9172093023255814
745,dt_NOF_RFC_d7_s60_l40_w0.9.pkl,7,60,40,0.9,0.8966891817074522,0.9541277197392193,0.9245171724859671,0.883485179006801,0.9528092997508996,0.9168386710167121
746,dt_NOF_RFC_d7_s60_l40_w1.0.pkl,7,60,40,1.0,0.8928258328462887,0.9599403031969209,0.9251674930920928,0.8796401875079184,0.9608358704677553,0.9184469872346055
747,dt_NOF_RFC_d7_s60_l50_w0.2.pkl,7,60,50,0.2,0.9542695836273818,0.7965988531929935,0.8683348673930261,0.9290899881816647,0.7615554940492666,0.8370218267548863
748,dt_NOF_RFC_d7_s60_l50_w0.3.pkl,7,60,50,0.3,0.9473731761304603,0.8236587856413479,0.88119498308788,0.9246881995522865,0.8003044561306394,0.8580118694362018
749,dt_NOF_RFC_d7_s60_l50_w0.4.pkl,7,60,50,0.4,0.931799092894339,0.8714162281046265,0.9005966635548159,0.9128077373974208,0.8620260171602546,0.8866903914590747
750,dt_NOF_RFC_d7_s60_l50_w0.5.pkl,7,60,50,0.5,0.9142845955047381,0.917013588877543,0.9156470588235294,0.8982019737731513,0.9194575145308608,0.9087054639950762
751,dt_NOF_RFC_d7_s60_l50_w0.6.pkl,7,60,50,0.6,0.9050315421448658,0.9353153719267928,0.9199242892459827,0.89228740936058,0.9366177691668973,0.9139153331982985
752,dt_NOF_RFC_d7_s60_l50_w0.7.pkl,7,60,50,0.7,0.901915852742299,0.9429345691618883,0.9219692024115818,0.889453125,0.9453362856352062,0.9165436736884476
753,dt_NOF_RFC_d7_s60_l50_w0.8.pkl,7,60,50,0.8,0.8997086508292246,0.9459979577409473,0.9222728491021174,0.8875242404654169,0.9500415167450872,0.9177194037831696
754,dt_NOF_RFC_d7_s60_l50_w0.9.pkl,7,60,50,0.9,0.8951746475762818,0.9551881234781243,0.9242081662898292,0.8809523809523809,0.9575145308607805,0.9176392572944297
755,dt_NOF_RFC_d7_s60_l50_w1.0.pkl,7,60,50,1.0,0.8934705386897133,0.9582122378446312,0.924709583278061,0.8802638254693049,0.9604207030168834,0.9185969556585043
756,dt_NOF_RFC_d7_s60_l60_w0.2.pkl,7,60,60,0.2,0.9545927537602876,0.7926321577252377,0.8661059136554802,0.9298930572059073,0.7580957652920011,0.8352519631013189
757,dt_NOF_RFC_d7_s60_l60_w0.3.pkl,7,60,60,0.3,0.9478892419428052,0.8201241065116645,0.8793902130885202,0.9244036105738234,0.7936617769166897,0.8540580789277736
758,dt_NOF_RFC_d7_s60_l60_w0.4.pkl,7,60,60,0.4,0.9330939809926082,0.8676066294870788,0.8991594928465311,0.9141592920353983,0.8577359535012455,0.8850492646008853
759,dt_NOF_RFC_d7_s60_l60_w0.5.pkl,7,60,60,0.5,0.9164073271617097,0.9136360065980678,0.9150195685094499,0.9006532389765922,0.9158593966233047,0.9081926718814327
760,dt_NOF_RFC_d7_s60_l60_w0.6.pkl,7,60,60,0.6,0.9078750718528453,0.9304453695703401,0.9190216653412727,0.8938770088989242,0.9313589814558538,0.9122331413080311
761,dt_NOF_RFC_d7_s60_l60_w0.7.pkl,7,60,60,0.7,0.9022975517890772,0.9408530358966303,0.9211720372221796,0.8894117647058823,0.9415997785773595,0.9147620328045173
762,dt_NOF_RFC_d7_s60_l60_w0.8.pkl,7,60,60,0.8,0.8988030873634364,0.946704893566884,0.9221323234062088,0.8866778653572813,0.9496263492942153,0.9170731707317074
763,dt_NOF_RFC_d7_s60_l60_w0.9.pkl,7,60,60,0.9,0.8957910656977388,0.9537349776136989,0.9238553575165015,0.8814663430834079,0.9550235261555494,0.9167718365991365
764,dt_NOF_RFC_d7_s60_l60_w1.0.pkl,7,60,60,1.0,0.8926311940025599,0.9586442541827036,0.9244607722461038,0.8787955465587044,0.9612510379186272,0.9181758096497026
765,dt_NOF_RFC_d7_s80_l20_w0.2.pkl,7,80,20,0.2,0.952693945565636,0.8083418427460529,0.874601623252454,0.927959116386416,0.7789925269858843,0.8469756244357508
766,dt_NOF_RFC_d7_s80_l20_w0.3.pkl,7,80,20,0.3,0.946512989059475,0.8256617704815018,0.8819667316929919,0.9242907236212943,0.8025186825352892,0.8591111111111112
767,dt_NOF_RFC_d7_s80_l20_w0.4.pkl,7,80,20,0.4,0.9315240608116597,0.8735370355824366,0.901599140639251,0.9126298843846041,0.8629947412122889,0.8871185717334092
768,dt_NOF_RFC_d7_s80_l20_w0.5.pkl,7,80,20,0.5,0.9125958039792521,0.9259288351268558,0.9192139737991266,0.8962972900456131,0.9245779130916136,0.9102179836512262
769,dt_NOF_RFC_d7_s80_l20_w0.6.pkl,7,80,20,0.6,0.9048249262648416,0.9397926321577252,0.9219773445326347,0.8903175019679874,0.9391087738721284,0.9140625
770,dt_NOF_RFC_d7_s80_l20_w0.7.pkl,7,80,20,0.7,0.9044888721237269,0.9417170685727752,0.922727622565997,0.889633425305479,0.9370329366177692,0.912718204488778
771,dt_NOF_RFC_d7_s80_l20_w0.8.pkl,7,80,20,0.8,0.9008631964425844,0.9468227162045401,0.9232713555330027,0.8872892347600518,0.9467201771381124,0.9160417782538832
772,dt_NOF_RFC_d7_s80_l20_w0.9.pkl,7,80,20,0.9,0.8939849073192175,0.9584478831199434,0.9250947687642154,0.8796896858705329,0.9572377525601993,0.9168268274902247
773,dt_NOF_RFC_d7_s80_l20_w1.0.pkl,7,80,20,1.0,0.8927555263733858,0.9611970779985861,0.9257129888796429,0.8785271415918006,0.9608358704677553,0.9178399101064182
774,dt_NOF_RFC_d7_s80_l30_w0.2.pkl,7,80,30,0.2,0.9527789385708316,0.8059068415678265,0.8732100682993256,0.9289735099337748,0.7765015222806532,0.8459219056233982
775,dt_NOF_RFC_d7_s80_l30_w0.3.pkl,7,80,30,0.3,0.9468200270635995,0.8244049956798366,0.8813822640241854,0.9238384160945234,0.8007196235815112,0.8578842019423234
776,dt_NOF_RFC_d7_s80_l30_w0.4.pkl,7,80,30,0.4,0.9324500525762356,0.8706700180661378,0.9005016552592563,0.9137525712606523,0.8606421256573484,0.8864025085518814
777,dt_NOF_RFC_d7_s80_l30_w0.5.pkl,7,80,30,0.5,0.9131313131313131,0.923101091823109,0.9180891371430804,0.8968947439171931,0.9233324107389981,0.9099215819979544
778,dt_NOF_RFC_d7_s80_l30_w0.6.pkl,7,80,30,0.6,0.9048773099060891,0.9384965831435079,0.9213803740119529,0.8916644754141467,0.9385552172709659,0.9145091693635383
779,dt_NOF_RFC_d7_s80_l30_w0.7.pkl,7,80,30,0.7,0.9045262203415445,0.9402639227083497,0.922048911996919,0.8906743940990516,0.9357874342651537,0.9126737751383452
780,dt_NOF_RFC_d7_s80_l30_w0.8.pkl,7,80,30,0.8,0.8997020484171322,0.94874715261959,0.9235739409695672,0.8871907783965808,0.947965679490728,0.9165718873352512
781,dt_NOF_RFC_d7_s80_l30_w0.9.pkl,7,80,30,0.9,0.9020092041755529,0.9468227162045401,0.9238728467684761,0.8893517313199688,0.9454746747854968,0.916554869868527
782,dt_NOF_RFC_d7_s80_l30_w1.0.pkl,7,80,30,1.0,0.8929471492749917,0.9601759484722331,0.925342063927632,0.8792753990372435,0.9605590921671741,0.9181216931216931
783,dt_NOF_RFC_d7_s80_l40_w0.2.pkl,7,80,40,0.2,0.9542790152403282,0.79923022543398,0.8698997584799196,0.9289672544080605,0.7655687794076944,0.8393900311053789
784,dt_NOF_RFC_d7_s80_l40_w0.3.pkl,7,80,40,0.3,0.9468113853359755,0.8256617704815018,0.8820962530944488,0.9234327643962355,0.801134791032383,0.8579473879214524
785,dt_NOF_RFC_d7_s80_l40_w0.4.pkl,7,80,40,0.4,0.9332685728766313,0.8678422747623911,0.8993671014876168,0.9141086186540732,0.857182396900083,0.8847307527496072
786,dt_NOF_RFC_d7_s80_l40_w0.5.pkl,7,80,40,0.5,0.9139264234944935,0.9190951221428011,0.9165034855486802,0.8982730706961684,0.9213949626349294,0.9096871157261921
787,dt_NOF_RFC_d7_s80_l40_w0.6.pkl,7,80,40,0.6,0.9042593433197156,0.9388500510564763,0.9212301052063663,0.8918209268740974,0.9400774979241627,0.9153136158458532
788,dt_NOF_RFC_d7_s80_l40_w0.7.pkl,7,80,40,0.7,0.9039035634659713,0.9394391642447569,0.9213288396726047,0.8909927679158448,0.9377248823692222,0.9137617153260064
789,dt_NOF_RFC_d7_s80_l40_w0.8.pkl,7,80,40,0.8,0.8949808654695319,0.9552273976906763,0.9241232569626505,0.8821574642126789,0.95516191530584,0.9172093023255814
790,dt_NOF_RFC_d7_s80_l40_w0.9.pkl,7,80,40,0.9,0.8966891817074522,0.9541277197392193,0.9245171724859671,0.883485179006801,0.9528092997508996,0.9168386710167121
791,dt_NOF_RFC_d7_s80_l40_w1.0.pkl,7,80,40,1.0,0.8928258328462887,0.9599403031969209,0.9251674930920928,0.8796401875079184,0.9608358704677553,0.9184469872346055
792,dt_NOF_RFC_d7_s80_l50_w0.2.pkl,7,80,50,0.2,0.9542695836273818,0.7965988531929935,0.8683348673930261,0.9290899881816647,0.7615554940492666,0.8370218267548863
793,dt_NOF_RFC_d7_s80_l50_w0.3.pkl,7,80,50,0.3,0.9473731761304603,0.8236587856413479,0.88119498308788,0.9246881995522865,0.8003044561306394,0.8580118694362018
794,dt_NOF_RFC_d7_s80_l50_w0.4.pkl,7,80,50,0.4,0.931799092894339,0.8714162281046265,0.9005966635548159,0.9128077373974208,0.8620260171602546,0.8866903914590747
795,dt_NOF_RFC_d7_s80_l50_w0.5.pkl,7,80,50,0.5,0.9142845955047381,0.917013588877543,0.9156470588235294,0.8982019737731513,0.9194575145308608,0.9087054639950762
796,dt_NOF_RFC_d7_s80_l50_w0.6.pkl,7,80,50,0.6,0.9050315421448658,0.9353153719267928,0.9199242892459827,0.89228740936058,0.9366177691668973,0.9139153331982985
797,dt_NOF_RFC_d7_s80_l50_w0.7.pkl,7,80,50,0.7,0.901915852742299,0.9429345691618883,0.9219692024115818,0.889453125,0.9453362856352062,0.9165436736884476
798,dt_NOF_RFC_d7_s80_l50_w0.8.pkl,7,80,50,0.8,0.8997086508292246,0.9459979577409473,0.9222728491021174,0.8875242404654169,0.9500415167450872,0.9177194037831696
799,dt_NOF_RFC_d7_s80_l50_w0.9.pkl,7,80,50,0.9,0.8951746475762818,0.9551881234781243,0.9242081662898292,0.8809523809523809,0.9575145308607805,0.9176392572944297
800,dt_NOF_RFC_d7_s80_l50_w1.0.pkl,7,80,50,1.0,0.8934705386897133,0.9582122378446312,0.924709583278061,0.8802638254693049,0.9604207030168834,0.9185969556585043
801,dt_NOF_RFC_d7_s80_l60_w0.2.pkl,7,80,60,0.2,0.9545927537602876,0.7926321577252377,0.8661059136554802,0.9298930572059073,0.7580957652920011,0.8352519631013189
802,dt_NOF_RFC_d7_s80_l60_w0.3.pkl,7,80,60,0.3,0.9478892419428052,0.8201241065116645,0.8793902130885202,0.9244036105738234,0.7936617769166897,0.8540580789277736
803,dt_NOF_RFC_d7_s80_l60_w0.4.pkl,7,80,60,0.4,0.9330939809926082,0.8676066294870788,0.8991594928465311,0.9141592920353983,0.8577359535012455,0.8850492646008853
804,dt_NOF_RFC_d7_s80_l60_w0.5.pkl,7,80,60,0.5,0.9164073271617097,0.9136360065980678,0.9150195685094499,0.9006532389765922,0.9158593966233047,0.9081926718814327
805,dt_NOF_RFC_d7_s80_l60_w0.6.pkl,7,80,60,0.6,0.9078750718528453,0.9304453695703401,0.9190216653412727,0.8938770088989242,0.9313589814558538,0.9122331413080311
806,dt_NOF_RFC_d7_s80_l60_w0.7.pkl,7,80,60,0.7,0.9022975517890772,0.9408530358966303,0.9211720372221796,0.8894117647058823,0.9415997785773595,0.9147620328045173
807,dt_NOF_RFC_d7_s80_l60_w0.8.pkl,7,80,60,0.8,0.8988030873634364,0.946704893566884,0.9221323234062088,0.8866778653572813,0.9496263492942153,0.9170731707317074
808,dt_NOF_RFC_d7_s80_l60_w0.9.pkl,7,80,60,0.9,0.8957910656977388,0.9537349776136989,0.9238553575165015,0.8814663430834079,0.9550235261555494,0.9167718365991365
809,dt_NOF_RFC_d7_s80_l60_w1.0.pkl,7,80,60,1.0,0.8926311940025599,0.9586442541827036,0.9244607722461038,0.8787955465587044,0.9612510379186272,0.9181758096497026
810,dt_NOF_RFC_d7_s100_l20_w0.2.pkl,7,100,20,0.2,0.9526393914092216,0.8065745031812113,0.8735431731178223,0.9282288738217298,0.7767783005812344,0.8457771415655843
811,dt_NOF_RFC_d7_s100_l20_w0.3.pkl,7,100,20,0.3,0.9466413867822319,0.8235802372162438,0.8808333683370437,0.9250480461242793,0.7993357320786051,0.8576095025983668
812,dt_NOF_RFC_d7_s100_l20_w0.4.pkl,7,100,20,0.4,0.9315240608116597,0.8735370355824366,0.901599140639251,0.9126298843846041,0.8629947412122889,0.8871185717334092
813,dt_NOF_RFC_d7_s100_l20_w0.5.pkl,7,100,20,0.5,0.9126559714795008,0.9249862540256067,0.9187797456503082,0.8962783823726992,0.9231940215887074,0.9095371190946895
814,dt_NOF_RFC_d7_s100_l20_w0.6.pkl,7,100,20,0.6,0.9048249262648416,0.9397926321577252,0.9219773445326347,0.8903175019679874,0.9391087738721284,0.9140625
815,dt_NOF_RFC_d7_s100_l20_w0.7.pkl,7,100,20,0.7,0.9047619047619048,0.9409708585342864,0.9225112142155825,0.8901749309483099,0.9366177691668973,0.912805988266235
816,dt_NOF_RFC_d7_s100_l20_w0.8.pkl,7,100,20,0.8,0.9011297321562173,0.9460765061660513,0.9230562899950185,0.8878213451051675,0.9463050096872405,0.9161307609860665
817,dt_NOF_RFC_d7_s100_l20_w0.9.pkl,7,100,20,0.9,0.8942388793135062,0.9577016730814547,0.9248828962090611,0.8802036919159771,0.9568225851093274,0.9169153239175121
818,dt_NOF_RFC_d7_s100_l20_w1.0.pkl,7,100,20,1.0,0.8927555263733858,0.9611970779985861,0.9257129888796429,0.8785271415918006,0.9608358704677553,0.9178399101064182
819,dt_NOF_RFC_d7_s100_l30_w0.2.pkl,7,100,30,0.2,0.9527906976744186,0.8045322441285052,0.8724074783867808,0.9287848605577689,0.7742872958760033,0.8445283018867924
820,dt_NOF_RFC_d7_s100_l30_w0.3.pkl,7,100,30,0.3,0.9474733741219126,0.8210666876129133,0.8797525617017695,0.9249799196787148,0.796844727373374,0.8561445245706639
821,dt_NOF_RFC_d7_s100_l30_w0.4.pkl,7,100,30,0.4,0.9318754197447952,0.871926792867803,0.9009049222903056,0.9130052724077329,0.8627179629117078,0.887149565959869
822,dt_NOF_RFC_d7_s100_l30_w0.5.pkl,7,100,30,0.5,0.913224426293271,0.9221192365093079,0.9176502774955053,0.8969835712361971,0.9218101300858013,0.9092274092274092
823,dt_NOF_RFC_d7_s100_l30_w0.6.pkl,7,100,30,0.6,0.9048773099060891,0.9384965831435079,0.9213803740119529,0.8916644754141467,0.9385552172709659,0.9145091693635383
824,dt_NOF_RFC_d7_s100_l30_w0.7.pkl,7,100,30,0.7,0.9048645786049326,0.9394784384573089,0.9218466992947705,0.8912183544303798,0.9353722668142818,0.912761647535449
825,dt_NOF_RFC_d7_s100_l30_w0.8.pkl,7,100,30,0.8,0.9000298307107166,0.9479616683685492,0.9233741392501913,0.887722027745365,0.9475505120398561,0.9166610884262668
826,dt_NOF_RFC_d7_s100_l30_w0.9.pkl,7,100,30,0.9,0.9023412624086907,0.9460372319534993,0.9236727572521426,0.8898879332812093,0.945059507334625,0.9166442953020134
827,dt_NOF_RFC_d7_s100_l30_w1.0.pkl,7,100,30,1.0,0.8929471492749917,0.9601759484722331,0.925342063927632,0.8792753990372435,0.9605590921671741,0.9181216931216931
828,dt_NOF_RFC_d7_s100_l40_w0.2.pkl,7,100,40,0.2,0.9543340380549683,0.7977770795695547,0.8690611162213618,0.9287638935668575,0.7632161638527539,0.8378912184746278
829,dt_NOF_RFC_d7_s100_l40_w0.3.pkl,7,100,40,0.3,0.947361280694614,0.822755478752651,0.8806726221755123,0.9244950304584802,0.7980902297259895,0.8566547831253714
830,dt_NOF_RFC_d7_s100_l40_w0.4.pkl,7,100,40,0.4,0.9326898760853073,0.8690990495640563,0.8997723021875255,0.9133568696675493,0.8592582341544422,0.8854820308043354
831,dt_NOF_RFC_d7_s100_l40_w0.5.pkl,7,100,40,0.5,0.9141795423430471,0.9178776215536878,0.9160248495894331,0.8984723536568879,0.919734292831442,0.9089790056759899
832,dt_NOF_RFC_d7_s100_l40_w0.6.pkl,7,100,40,0.6,0.9042593433197156,0.9388500510564763,0.9212301052063663,0.8918209268740974,0.9400774979241627,0.9153136158458532
833,dt_NOF_RFC_d7_s100_l40_w0.7.pkl,7,100,40,0.7,0.9039035634659713,0.9394391642447569,0.9213288396726047,0.8909927679158448,0.9377248823692222,0.9137617153260064
834,dt_NOF_RFC_d7_s100_l40_w0.8.pkl,7,100,40,0.8,0.8949808654695319,0.9552273976906763,0.9241232569626505,0.8821574642126789,0.95516191530584,0.9172093023255814
835,dt_NOF_RFC_d7_s100_l40_w0.9.pkl,7,100,40,0.9,0.8966891817074522,0.9541277197392193,0.9245171724859671,0.883485179006801,0.9528092997508996,0.9168386710167121
836,dt_NOF_RFC_d7_s100_l40_w1.0.pkl,7,100,40,1.0,0.8928258328462887,0.9599403031969209,0.9251674930920928,0.8796401875079184,0.9608358704677553,0.9184469872346055
837,dt_NOF_RFC_d7_s100_l50_w0.2.pkl,7,100,50,0.2,0.9542695836273818,0.7965988531929935,0.8683348673930261,0.9290899881816647,0.7615554940492666,0.8370218267548863
838,dt_NOF_RFC_d7_s100_l50_w0.3.pkl,7,100,50,0.3,0.9473731761304603,0.8236587856413479,0.88119498308788,0.9246881995522865,0.8003044561306394,0.8580118694362018
839,dt_NOF_RFC_d7_s100_l50_w0.4.pkl,7,100,50,0.4,0.931799092894339,0.8714162281046265,0.9005966635548159,0.9128077373974208,0.8620260171602546,0.8866903914590747
840,dt_NOF_RFC_d7_s100_l50_w0.5.pkl,7,100,50,0.5,0.9142845955047381,0.917013588877543,0.9156470588235294,0.8982019737731513,0.9194575145308608,0.9087054639950762
841,dt_NOF_RFC_d7_s100_l50_w0.6.pkl,7,100,50,0.6,0.9050315421448658,0.9353153719267928,0.9199242892459827,0.89228740936058,0.9366177691668973,0.9139153331982985
842,dt_NOF_RFC_d7_s100_l50_w0.7.pkl,7,100,50,0.7,0.901915852742299,0.9429345691618883,0.9219692024115818,0.889453125,0.9453362856352062,0.9165436736884476
843,dt_NOF_RFC_d7_s100_l50_w0.8.pkl,7,100,50,0.8,0.8997086508292246,0.9459979577409473,0.9222728491021174,0.8875242404654169,0.9500415167450872,0.9177194037831696
844,dt_NOF_RFC_d7_s100_l50_w0.9.pkl,7,100,50,0.9,0.8951746475762818,0.9551881234781243,0.9242081662898292,0.8809523809523809,0.9575145308607805,0.9176392572944297
845,dt_NOF_RFC_d7_s100_l50_w1.0.pkl,7,100,50,1.0,0.8934705386897133,0.9582122378446312,0.924709583278061,0.8802638254693049,0.9604207030168834,0.9185969556585043
846,dt_NOF_RFC_d7_s100_l60_w0.2.pkl,7,100,60,0.2,0.9545927537602876,0.7926321577252377,0.8661059136554802,0.9298930572059073,0.7580957652920011,0.8352519631013189
847,dt_NOF_RFC_d7_s100_l60_w0.3.pkl,7,100,60,0.3,0.9478892419428052,0.8201241065116645,0.8793902130885202,0.9244036105738234,0.7936617769166897,0.8540580789277736
848,dt_NOF_RFC_d7_s100_l60_w0.4.pkl,7,100,60,0.4,0.9330939809926082,0.8676066294870788,0.8991594928465311,0.9141592920353983,0.8577359535012455,0.8850492646008853
849,dt_NOF_RFC_d7_s100_l60_w0.5.pkl,7,100,60,0.5,0.9164073271617097,0.9136360065980678,0.9150195685094499,0.9006532389765922,0.9158593966233047,0.9081926718814327
850,dt_NOF_RFC_d7_s100_l60_w0.6.pkl,7,100,60,0.6,0.9078750718528453,0.9304453695703401,0.9190216653412727,0.8938770088989242,0.9313589814558538,0.9122331413080311
851,dt_NOF_RFC_d7_s100_l60_w0.7.pkl,7,100,60,0.7,0.9022975517890772,0.9408530358966303,0.9211720372221796,0.8894117647058823,0.9415997785773595,0.9147620328045173
852,dt_NOF_RFC_d7_s100_l60_w0.8.pkl,7,100,60,0.8,0.8988030873634364,0.946704893566884,0.9221323234062088,0.8866778653572813,0.9496263492942153,0.9170731707317074
853,dt_NOF_RFC_d7_s100_l60_w0.9.pkl,7,100,60,0.9,0.8957910656977388,0.9537349776136989,0.9238553575165015,0.8814663430834079,0.9550235261555494,0.9167718365991365
854,dt_NOF_RFC_d7_s100_l60_w1.0.pkl,7,100,60,1.0,0.8926311940025599,0.9586442541827036,0.9244607722461038,0.8787955465587044,0.9612510379186272,0.9181758096497026
855,dt_NOF_RFC_d7_s120_l20_w0.2.pkl,7,120,20,0.2,0.9526393914092216,0.8065745031812113,0.8735431731178223,0.9282288738217298,0.7767783005812344,0.8457771415655843
856,dt_NOF_RFC_d7_s120_l20_w0.3.pkl,7,120,20,0.3,0.9466413867822319,0.8235802372162438,0.8808333683370437,0.9250480461242793,0.7993357320786051,0.8576095025983668
857,dt_NOF_RFC_d7_s120_l20_w0.4.pkl,7,120,20,0.4,0.9315240608116597,0.8735370355824366,0.901599140639251,0.9126298843846041,0.8629947412122889,0.8871185717334092
858,dt_NOF_RFC_d7_s120_l20_w0.5.pkl,7,120,20,0.5,0.9126559714795008,0.9249862540256067,0.9187797456503082,0.8962783823726992,0.9231940215887074,0.9095371190946895
859,dt_NOF_RFC_d7_s120_l20_w0.6.pkl,7,120,20,0.6,0.9044992633447924,0.9403424711334538,0.9220726705562937,0.8900537282138645,0.9399391087738721,0.9143164838123443
860,dt_NOF_RFC_d7_s120_l20_w0.7.pkl,7,120,20,0.7,0.9048465144412521,0.9400282774330375,0.9221019378202412,0.8903658857594103,0.9362026017160254,0.9127091203453859
861,dt_NOF_RFC_d7_s120_l20_w0.8.pkl,7,120,20,0.8,0.9011297321562173,0.9460765061660513,0.9230562899950185,0.8878213451051675,0.9463050096872405,0.9161307609860665
862,dt_NOF_RFC_d7_s120_l20_w0.9.pkl,7,120,20,0.9,0.8942388793135062,0.9577016730814547,0.9248828962090611,0.8802036919159771,0.9568225851093274,0.9169153239175121
863,dt_NOF_RFC_d7_s120_l20_w1.0.pkl,7,120,20,1.0,0.8923273191179151,0.9614719974864504,0.9256101480235174,0.8781135415349601,0.9611126487683366,0.9177403369672944
864,dt_NOF_RFC_d7_s120_l30_w0.2.pkl,7,120,30,0.2,0.9527906976744186,0.8045322441285052,0.8724074783867808,0.9287848605577689,0.7742872958760033,0.8445283018867924
865,dt_NOF_RFC_d7_s120_l30_w0.3.pkl,7,120,30,0.3,0.9478154237442092,0.819613541748488,0.8790648694187027,0.9253178818606148,0.7955992250207584,0.8555696108341394
866,dt_NOF_RFC_d7_s120_l30_w0.4.pkl,7,120,30,0.4,0.9318754197447952,0.871926792867803,0.9009049222903056,0.9130052724077329,0.8627179629117078,0.887149565959869
867,dt_NOF_RFC_d7_s120_l30_w0.5.pkl,7,120,30,0.5,0.9127816627816627,0.9227476239101406,0.917737588375454,0.8965563626580576,0.9223636866869638,0.9092769440654843
868,dt_NOF_RFC_d7_s120_l30_w0.6.pkl,7,120,30,0.6,0.9048773099060891,0.9384965831435079,0.9213803740119529,0.8916644754141467,0.9385552172709659,0.9145091693635383
869,dt_NOF_RFC_d7_s120_l30_w0.7.pkl,7,120,30,0.7,0.9050071964245133,0.9384180347184039,0.9214098411229369,0.8914104763161367,0.9349570993634099,0.9126646403242148
870,dt_NOF_RFC_d7_s120_l30_w0.8.pkl,7,120,30,0.8,0.9000298307107166,0.9479616683685492,0.9233741392501913,0.887722027745365,0.9475505120398561,0.9166610884262668
871,dt_NOF_RFC_d7_s120_l30_w0.9.pkl,7,120,30,0.9,0.9023412624086907,0.9460372319534993,0.9236727572521426,0.8898879332812093,0.945059507334625,0.9166442953020134
872,dt_NOF_RFC_d7_s120_l30_w1.0.pkl,7,120,30,1.0,0.8922319474835886,0.9608436100856178,0.9252675768692561,0.8786383194128069,0.9608358704677553,0.9179005817028028
873,dt_NOF_RFC_d7_s120_l40_w0.2.pkl,7,120,40,0.2,0.9543340380549683,0.7977770795695547,0.8690611162213618,0.9287638935668575,0.7632161638527539,0.8378912184746278
874,dt_NOF_RFC_d7_s120_l40_w0.3.pkl,7,120,40,0.3,0.9477023475029457,0.8213023328882256,0.8799865342534927,0.9248313523931898,0.796844727373374,0.856080880166518
875,dt_NOF_RFC_d7_s120_l40_w0.4.pkl,7,120,40,0.4,0.9326898760853073,0.8690990495640563,0.8997723021875255,0.9133568696675493,0.8592582341544422,0.8854820308043354
876,dt_NOF_RFC_d7_s120_l40_w0.5.pkl,7,120,40,0.5,0.9136887326694005,0.9188202026549368,0.9162472829811816,0.8978131749460043,0.9204262385828951,0.9089790897908979
877,dt_NOF_RFC_d7_s120_l40_w0.6.pkl,7,120,40,0.6,0.9042593433197156,0.9388500510564763,0.9212301052063663,0.8918209268740974,0.9400774979241627,0.9153136158458532
878,dt_NOF_RFC_d7_s120_l40_w0.7.pkl,7,120,40,0.7,0.9045382225926206,0.9377896473175713,0.9208638642499036,0.8916567813364966,0.9362026017160254,0.9133868898940121
879,dt_NOF_RFC_d7_s120_l40_w0.8.pkl,7,120,40,0.8,0.8949808654695319,0.9552273976906763,0.9241232569626505,0.8821574642126789,0.95516191530584,0.9172093023255814
880,dt_NOF_RFC_d7_s120_l40_w0.9.pkl,7,120,40,0.9,0.8966891817074522,0.9541277197392193,0.9245171724859671,0.883485179006801,0.9528092997508996,0.9168386710167121
881,dt_NOF_RFC_d7_s120_l40_w1.0.pkl,7,120,40,1.0,0.8921107342159974,0.9606079648103055,0.9250931371622005,0.8790026578914062,0.9611126487683366,0.9182256891650691
882,dt_NOF_RFC_d7_s120_l50_w0.2.pkl,7,120,50,0.2,0.9542695836273818,0.7965988531929935,0.8683348673930261,0.9290899881816647,0.7615554940492666,0.8370218267548863
883,dt_NOF_RFC_d7_s120_l50_w0.3.pkl,7,120,50,0.3,0.9477520713541903,0.8221270913518184,0.8804811878272939,0.925,0.7987821754774426,0.8572701618892025
884,dt_NOF_RFC_d7_s120_l50_w0.4.pkl,7,120,50,0.4,0.931799092894339,0.8714162281046265,0.9005966635548159,0.9128077373974208,0.8620260171602546,0.8866903914590747
885,dt_NOF_RFC_d7_s120_l50_w0.5.pkl,7,120,50,0.5,0.9137486321713303,0.9182703636792082,0.9160039177277179,0.8972907399919127,0.9212565734846389,0.9091157391601229
886,dt_NOF_RFC_d7_s120_l50_w0.6.pkl,7,120,50,0.6,0.9044909725383098,0.936532872515906,0.9202330876394088,0.891050072282823,0.9382784389703848,0.9140546006066734
887,dt_NOF_RFC_d7_s120_l50_w0.7.pkl,7,120,50,0.7,0.9023710952201731,0.941638520147671,0.9215867158671587,0.8897586431833007,0.9438140049820094,0.9159895238734806
888,dt_NOF_RFC_d7_s120_l50_w0.8.pkl,7,120,50,0.8,0.8997086508292246,0.9459979577409473,0.9222728491021174,0.8875242404654169,0.9500415167450872,0.9177194037831696
889,dt_NOF_RFC_d7_s120_l50_w0.9.pkl,7,120,50,0.9,0.8951746475762818,0.9551881234781243,0.9242081662898292,0.8809523809523809,0.9575145308607805,0.9176392572944297
890,dt_NOF_RFC_d7_s120_l50_w1.0.pkl,7,120,50,1.0,0.8925882610920254,0.9591940931584322,0.9246933212176284,0.8793518166856564,0.9612510379186272,0.9184793388429752
891,dt_NOF_RFC_d7_s120_l60_w0.2.pkl,7,120,60,0.2,0.9545927537602876,0.7926321577252377,0.8661059136554802,0.9298930572059073,0.7580957652920011,0.8352519631013189
892,dt_NOF_RFC_d7_s120_l60_w0.3.pkl,7,120,60,0.3,0.9478892419428052,0.8201241065116645,0.8793902130885202,0.9244036105738234,0.7936617769166897,0.8540580789277736
893,dt_NOF_RFC_d7_s120_l60_w0.4.pkl,7,120,60,0.4,0.9330939809926082,0.8676066294870788,0.8991594928465311,0.9141592920353983,0.8577359535012455,0.8850492646008853
894,dt_NOF_RFC_d7_s120_l60_w0.5.pkl,7,120,60,0.5,0.9164073271617097,0.9136360065980678,0.9150195685094499,0.9006532389765922,0.9158593966233047,0.9081926718814327
895,dt_NOF_RFC_d7_s120_l60_w0.6.pkl,7,120,60,0.6,0.9078750718528453,0.9304453695703401,0.9190216653412727,0.8938770088989242,0.9313589814558538,0.9122331413080311
896,dt_NOF_RFC_d7_s120_l60_w0.7.pkl,7,120,60,0.7,0.9022975517890772,0.9408530358966303,0.9211720372221796,0.8894117647058823,0.9415997785773595,0.9147620328045173
897,dt_NOF_RFC_d7_s120_l60_w0.8.pkl,7,120,60,0.8,0.8988030873634364,0.946704893566884,0.9221323234062088,0.8866778653572813,0.9496263492942153,0.9170731707317074
898,dt_NOF_RFC_d7_s120_l60_w0.9.pkl,7,120,60,0.9,0.8957910656977388,0.9537349776136989,0.9238553575165015,0.8814663430834079,0.9550235261555494,0.9167718365991365
899,dt_NOF_RFC_d7_s120_l60_w1.0.pkl,7,120,60,1.0,0.8926311940025599,0.9586442541827036,0.9244607722461038,0.8787955465587044,0.9612510379186272,0.9181758096497026
