seed,model_id,model_file,max_depth,min_samples_split,min_samples_leaf,class_weight_factor,train_precision,train_recall,train_f1,test_precision,test_recall,test_f1,n_nodes,n_leaves
0,0,dt_NOF_RFC_FOF_seed0_d3_s60_l40_w0.6.pkl,3,60,40,0.6,0.8674990245805696,0.9231088599186249,0.8944404215946576,0.9140893470790378,0.9195969972342948,0.9168349007829041,15,8
0,1,dt_NOF_RFC_FOF_seed0_d3_s60_l40_w0.7.pkl,3,60,40,0.7,0.8709386281588448,0.9214896620443411,0.8955013112769821,0.9142576204523107,0.9184116949822204,0.9163299497388391,15,8
0,2,dt_NOF_RFC_FOF_seed0_d3_s60_l40_w0.8.pkl,3,60,40,0.8,0.869656950847855,0.9241052893797227,0.8960547504025765,0.9130690161527166,0.9212761754247333,0.9171542357048036,15,8
0,3,dt_NOF_RFC_FOF_seed0_d3_s60_l40_w0.9.pkl,3,60,40,0.9,0.8585992070983576,0.9441169143901021,0.8993296553360621,0.9011310084825637,0.9443895693401817,0.922253303752291,15,8
0,4,dt_NOF_RFC_FOF_seed0_d3_s60_l40_w1.0.pkl,3,60,40,1.0,0.8662083349426442,0.9311218135016192,0.8974928467094864,0.9089943000676263,0.9293757408139075,0.919072039072039,15,8
0,5,dt_NOF_RFC_FOF_seed0_d3_s60_l50_w0.6.pkl,3,60,50,0.6,0.8674990245805696,0.9231088599186249,0.8944404215946576,0.9140893470790378,0.9195969972342948,0.9168349007829041,15,8
0,6,dt_NOF_RFC_FOF_seed0_d3_s60_l50_w0.7.pkl,3,60,50,0.7,0.8709386281588448,0.9214896620443411,0.8955013112769821,0.9142576204523107,0.9184116949822204,0.9163299497388391,15,8
0,7,dt_NOF_RFC_FOF_seed0_d3_s60_l50_w0.8.pkl,3,60,50,0.8,0.869656950847855,0.9241052893797227,0.8960547504025765,0.9130690161527166,0.9212761754247333,0.9171542357048036,15,8
0,8,dt_NOF_RFC_FOF_seed0_d3_s60_l50_w0.9.pkl,3,60,50,0.9,0.8585992070983576,0.9441169143901021,0.8993296553360621,0.9011310084825637,0.9443895693401817,0.922253303752291,15,8
0,9,dt_NOF_RFC_FOF_seed0_d3_s60_l50_w1.0.pkl,3,60,50,1.0,0.8662083349426442,0.9311218135016192,0.8974928467094864,0.9089943000676263,0.9293757408139075,0.919072039072039,15,8
0,10,dt_NOF_RFC_FOF_seed0_d3_s60_l60_w0.6.pkl,3,60,60,0.6,0.8674990245805696,0.9231088599186249,0.8944404215946576,0.9140893470790378,0.9195969972342948,0.9168349007829041,15,8
0,11,dt_NOF_RFC_FOF_seed0_d3_s60_l60_w0.7.pkl,3,60,60,0.7,0.8709386281588448,0.9214896620443411,0.8955013112769821,0.9142576204523107,0.9184116949822204,0.9163299497388391,15,8
0,12,dt_NOF_RFC_FOF_seed0_d3_s60_l60_w0.8.pkl,3,60,60,0.8,0.869656950847855,0.9241052893797227,0.8960547504025765,0.9130690161527166,0.9212761754247333,0.9171542357048036,15,8
0,13,dt_NOF_RFC_FOF_seed0_d3_s60_l60_w0.9.pkl,3,60,60,0.9,0.8585992070983576,0.9441169143901021,0.8993296553360621,0.9011310084825637,0.9443895693401817,0.922253303752291,15,8
0,14,dt_NOF_RFC_FOF_seed0_d3_s60_l60_w1.0.pkl,3,60,60,1.0,0.8662083349426442,0.9311218135016192,0.8974928467094864,0.9089943000676263,0.9293757408139075,0.919072039072039,15,8
0,15,dt_NOF_RFC_FOF_seed0_d3_s60_l70_w0.6.pkl,3,60,70,0.6,0.8674990245805696,0.9231088599186249,0.8944404215946576,0.9140893470790378,0.9195969972342948,0.9168349007829041,15,8
0,16,dt_NOF_RFC_FOF_seed0_d3_s60_l70_w0.7.pkl,3,60,70,0.7,0.8709386281588448,0.9214896620443411,0.8955013112769821,0.9142576204523107,0.9184116949822204,0.9163299497388391,15,8
0,17,dt_NOF_RFC_FOF_seed0_d3_s60_l70_w0.8.pkl,3,60,70,0.8,0.869656950847855,0.9241052893797227,0.8960547504025765,0.9130690161527166,0.9212761754247333,0.9171542357048036,15,8
0,18,dt_NOF_RFC_FOF_seed0_d3_s60_l70_w0.9.pkl,3,60,70,0.9,0.8585992070983576,0.9441169143901021,0.8993296553360621,0.9011310084825637,0.9443895693401817,0.922253303752291,15,8
0,19,dt_NOF_RFC_FOF_seed0_d3_s60_l70_w1.0.pkl,3,60,70,1.0,0.8662083349426442,0.9311218135016192,0.8974928467094864,0.9089943000676263,0.9293757408139075,0.919072039072039,15,8
0,20,dt_NOF_RFC_FOF_seed0_d3_s80_l40_w0.6.pkl,3,80,40,0.6,0.8674990245805696,0.9231088599186249,0.8944404215946576,0.9140893470790378,0.9195969972342948,0.9168349007829041,15,8
0,21,dt_NOF_RFC_FOF_seed0_d3_s80_l40_w0.7.pkl,3,80,40,0.7,0.8709386281588448,0.9214896620443411,0.8955013112769821,0.9142576204523107,0.9184116949822204,0.9163299497388391,15,8
0,22,dt_NOF_RFC_FOF_seed0_d3_s80_l40_w0.8.pkl,3,80,40,0.8,0.869656950847855,0.9241052893797227,0.8960547504025765,0.9130690161527166,0.9212761754247333,0.9171542357048036,15,8
0,23,dt_NOF_RFC_FOF_seed0_d3_s80_l40_w0.9.pkl,3,80,40,0.9,0.8585992070983576,0.9441169143901021,0.8993296553360621,0.9011310084825637,0.9443895693401817,0.922253303752291,15,8
0,24,dt_NOF_RFC_FOF_seed0_d3_s80_l40_w1.0.pkl,3,80,40,1.0,0.8662083349426442,0.9311218135016192,0.8974928467094864,0.9089943000676263,0.9293757408139075,0.919072039072039,15,8
0,25,dt_NOF_RFC_FOF_seed0_d3_s80_l50_w0.6.pkl,3,80,50,0.6,0.8674990245805696,0.9231088599186249,0.8944404215946576,0.9140893470790378,0.9195969972342948,0.9168349007829041,15,8
0,26,dt_NOF_RFC_FOF_seed0_d3_s80_l50_w0.7.pkl,3,80,50,0.7,0.8709386281588448,0.9214896620443411,0.8955013112769821,0.9142576204523107,0.9184116949822204,0.9163299497388391,15,8
0,27,dt_NOF_RFC_FOF_seed0_d3_s80_l50_w0.8.pkl,3,80,50,0.8,0.869656950847855,0.9241052893797227,0.8960547504025765,0.9130690161527166,0.9212761754247333,0.9171542357048036,15,8
0,28,dt_NOF_RFC_FOF_seed0_d3_s80_l50_w0.9.pkl,3,80,50,0.9,0.8585992070983576,0.9441169143901021,0.8993296553360621,0.9011310084825637,0.9443895693401817,0.922253303752291,15,8
0,29,dt_NOF_RFC_FOF_seed0_d3_s80_l50_w1.0.pkl,3,80,50,1.0,0.8662083349426442,0.9311218135016192,0.8974928467094864,0.9089943000676263,0.9293757408139075,0.919072039072039,15,8
0,30,dt_NOF_RFC_FOF_seed0_d3_s80_l60_w0.6.pkl,3,80,60,0.6,0.8674990245805696,0.9231088599186249,0.8944404215946576,0.9140893470790378,0.9195969972342948,0.9168349007829041,15,8
0,31,dt_NOF_RFC_FOF_seed0_d3_s80_l60_w0.7.pkl,3,80,60,0.7,0.8709386281588448,0.9214896620443411,0.8955013112769821,0.9142576204523107,0.9184116949822204,0.9163299497388391,15,8
0,32,dt_NOF_RFC_FOF_seed0_d3_s80_l60_w0.8.pkl,3,80,60,0.8,0.869656950847855,0.9241052893797227,0.8960547504025765,0.9130690161527166,0.9212761754247333,0.9171542357048036,15,8
0,33,dt_NOF_RFC_FOF_seed0_d3_s80_l60_w0.9.pkl,3,80,60,0.9,0.8585992070983576,0.9441169143901021,0.8993296553360621,0.9011310084825637,0.9443895693401817,0.922253303752291,15,8
0,34,dt_NOF_RFC_FOF_seed0_d3_s80_l60_w1.0.pkl,3,80,60,1.0,0.8662083349426442,0.9311218135016192,0.8974928467094864,0.9089943000676263,0.9293757408139075,0.919072039072039,15,8
0,35,dt_NOF_RFC_FOF_seed0_d3_s80_l70_w0.6.pkl,3,80,70,0.6,0.8674990245805696,0.9231088599186249,0.8944404215946576,0.9140893470790378,0.9195969972342948,0.9168349007829041,15,8
0,36,dt_NOF_RFC_FOF_seed0_d3_s80_l70_w0.7.pkl,3,80,70,0.7,0.8709386281588448,0.9214896620443411,0.8955013112769821,0.9142576204523107,0.9184116949822204,0.9163299497388391,15,8
0,37,dt_NOF_RFC_FOF_seed0_d3_s80_l70_w0.8.pkl,3,80,70,0.8,0.869656950847855,0.9241052893797227,0.8960547504025765,0.9130690161527166,0.9212761754247333,0.9171542357048036,15,8
0,38,dt_NOF_RFC_FOF_seed0_d3_s80_l70_w0.9.pkl,3,80,70,0.9,0.8585992070983576,0.9441169143901021,0.8993296553360621,0.9011310084825637,0.9443895693401817,0.922253303752291,15,8
0,39,dt_NOF_RFC_FOF_seed0_d3_s80_l70_w1.0.pkl,3,80,70,1.0,0.8662083349426442,0.9311218135016192,0.8974928467094864,0.9089943000676263,0.9293757408139075,0.919072039072039,15,8
0,40,dt_NOF_RFC_FOF_seed0_d3_s100_l40_w0.6.pkl,3,100,40,0.6,0.8674990245805696,0.9231088599186249,0.8944404215946576,0.9140893470790378,0.9195969972342948,0.9168349007829041,15,8
0,41,dt_NOF_RFC_FOF_seed0_d3_s100_l40_w0.7.pkl,3,100,40,0.7,0.8709386281588448,0.9214896620443411,0.8955013112769821,0.9142576204523107,0.9184116949822204,0.9163299497388391,15,8
0,42,dt_NOF_RFC_FOF_seed0_d3_s100_l40_w0.8.pkl,3,100,40,0.8,0.869656950847855,0.9241052893797227,0.8960547504025765,0.9130690161527166,0.9212761754247333,0.9171542357048036,15,8
0,43,dt_NOF_RFC_FOF_seed0_d3_s100_l40_w0.9.pkl,3,100,40,0.9,0.8585992070983576,0.9441169143901021,0.8993296553360621,0.9011310084825637,0.9443895693401817,0.922253303752291,15,8
0,44,dt_NOF_RFC_FOF_seed0_d3_s100_l40_w1.0.pkl,3,100,40,1.0,0.8662083349426442,0.9311218135016192,0.8974928467094864,0.9089943000676263,0.9293757408139075,0.919072039072039,15,8
0,45,dt_NOF_RFC_FOF_seed0_d3_s100_l50_w0.6.pkl,3,100,50,0.6,0.8674990245805696,0.9231088599186249,0.8944404215946576,0.9140893470790378,0.9195969972342948,0.9168349007829041,15,8
0,46,dt_NOF_RFC_FOF_seed0_d3_s100_l50_w0.7.pkl,3,100,50,0.7,0.8709386281588448,0.9214896620443411,0.8955013112769821,0.9142576204523107,0.9184116949822204,0.9163299497388391,15,8
0,47,dt_NOF_RFC_FOF_seed0_d3_s100_l50_w0.8.pkl,3,100,50,0.8,0.869656950847855,0.9241052893797227,0.8960547504025765,0.9130690161527166,0.9212761754247333,0.9171542357048036,15,8
0,48,dt_NOF_RFC_FOF_seed0_d3_s100_l50_w0.9.pkl,3,100,50,0.9,0.8585992070983576,0.9441169143901021,0.8993296553360621,0.9011310084825637,0.9443895693401817,0.922253303752291,15,8
0,49,dt_NOF_RFC_FOF_seed0_d3_s100_l50_w1.0.pkl,3,100,50,1.0,0.8662083349426442,0.9311218135016192,0.8974928467094864,0.9089943000676263,0.9293757408139075,0.919072039072039,15,8
0,50,dt_NOF_RFC_FOF_seed0_d3_s100_l60_w0.6.pkl,3,100,60,0.6,0.8674990245805696,0.9231088599186249,0.8944404215946576,0.9140893470790378,0.9195969972342948,0.9168349007829041,15,8
0,51,dt_NOF_RFC_FOF_seed0_d3_s100_l60_w0.7.pkl,3,100,60,0.7,0.8709386281588448,0.9214896620443411,0.8955013112769821,0.9142576204523107,0.9184116949822204,0.9163299497388391,15,8
0,52,dt_NOF_RFC_FOF_seed0_d3_s100_l60_w0.8.pkl,3,100,60,0.8,0.869656950847855,0.9241052893797227,0.8960547504025765,0.9130690161527166,0.9212761754247333,0.9171542357048036,15,8
0,53,dt_NOF_RFC_FOF_seed0_d3_s100_l60_w0.9.pkl,3,100,60,0.9,0.8585992070983576,0.9441169143901021,0.8993296553360621,0.9011310084825637,0.9443895693401817,0.922253303752291,15,8
0,54,dt_NOF_RFC_FOF_seed0_d3_s100_l60_w1.0.pkl,3,100,60,1.0,0.8662083349426442,0.9311218135016192,0.8974928467094864,0.9089943000676263,0.9293757408139075,0.919072039072039,15,8
0,55,dt_NOF_RFC_FOF_seed0_d3_s100_l70_w0.6.pkl,3,100,70,0.6,0.8674990245805696,0.9231088599186249,0.8944404215946576,0.9140893470790378,0.9195969972342948,0.9168349007829041,15,8
0,56,dt_NOF_RFC_FOF_seed0_d3_s100_l70_w0.7.pkl,3,100,70,0.7,0.8709386281588448,0.9214896620443411,0.8955013112769821,0.9142576204523107,0.9184116949822204,0.9163299497388391,15,8
0,57,dt_NOF_RFC_FOF_seed0_d3_s100_l70_w0.8.pkl,3,100,70,0.8,0.869656950847855,0.9241052893797227,0.8960547504025765,0.9130690161527166,0.9212761754247333,0.9171542357048036,15,8
0,58,dt_NOF_RFC_FOF_seed0_d3_s100_l70_w0.9.pkl,3,100,70,0.9,0.8585992070983576,0.9441169143901021,0.8993296553360621,0.9011310084825637,0.9443895693401817,0.922253303752291,15,8
0,59,dt_NOF_RFC_FOF_seed0_d3_s100_l70_w1.0.pkl,3,100,70,1.0,0.8662083349426442,0.9311218135016192,0.8974928467094864,0.9089943000676263,0.9293757408139075,0.919072039072039,15,8
0,60,dt_NOF_RFC_FOF_seed0_d4_s60_l40_w0.6.pkl,4,60,40,0.6,0.9116125783860485,0.8268703811342689,0.8671761043258659,0.9351132139236229,0.8199328328723825,0.873743487184885,31,16
0,61,dt_NOF_RFC_FOF_seed0_d4_s60_l40_w0.7.pkl,4,60,40,0.7,0.8771685500557058,0.9152619779124803,0.8958104758421715,0.9124338105510884,0.9191031212959304,0.9157563231965358,31,16
0,62,dt_NOF_RFC_FOF_seed0_d4_s60_l40_w0.8.pkl,4,60,40,0.8,0.8662855388865441,0.9373910155276924,0.9004366986380585,0.9095270075793918,0.9363887791386803,0.9227624470725654,31,16
0,63,dt_NOF_RFC_FOF_seed0_d4_s60_l40_w0.9.pkl,4,60,40,0.9,0.8621277563082519,0.9447396828032882,0.9015451664025357,0.9044736593209117,0.9445871197155274,0.9240952795091076,31,16
0,64,dt_NOF_RFC_FOF_seed0_d4_s60_l40_w1.0.pkl,4,60,40,1.0,0.8604028364514182,0.9470646848791829,0.9016561919443457,0.9042141981710191,0.9473528249703674,0.9252809801746177,31,16
0,65,dt_NOF_RFC_FOF_seed0_d4_s60_l50_w0.6.pkl,4,60,50,0.6,0.9116125783860485,0.8268703811342689,0.8671761043258659,0.9351132139236229,0.8199328328723825,0.873743487184885,31,16
0,66,dt_NOF_RFC_FOF_seed0_d4_s60_l50_w0.7.pkl,4,60,50,0.7,0.8771685500557058,0.9152619779124803,0.8958104758421715,0.9124338105510884,0.9191031212959304,0.9157563231965358,31,16
0,67,dt_NOF_RFC_FOF_seed0_d4_s60_l50_w0.8.pkl,4,60,50,0.8,0.8662855388865441,0.9373910155276924,0.9004366986380585,0.9095270075793918,0.9363887791386803,0.9227624470725654,31,16
0,68,dt_NOF_RFC_FOF_seed0_d4_s60_l50_w0.9.pkl,4,60,50,0.9,0.8621277563082519,0.9447396828032882,0.9015451664025357,0.9044736593209117,0.9445871197155274,0.9240952795091076,31,16
0,69,dt_NOF_RFC_FOF_seed0_d4_s60_l50_w1.0.pkl,4,60,50,1.0,0.8604028364514182,0.9470646848791829,0.9016561919443457,0.9042141981710191,0.9473528249703674,0.9252809801746177,31,16
0,70,dt_NOF_RFC_FOF_seed0_d4_s60_l60_w0.6.pkl,4,60,60,0.6,0.9116125783860485,0.8268703811342689,0.8671761043258659,0.9351132139236229,0.8199328328723825,0.873743487184885,31,16
0,71,dt_NOF_RFC_FOF_seed0_d4_s60_l60_w0.7.pkl,4,60,60,0.7,0.8771685500557058,0.9152619779124803,0.8958104758421715,0.9124338105510884,0.9191031212959304,0.9157563231965358,31,16
0,72,dt_NOF_RFC_FOF_seed0_d4_s60_l60_w0.8.pkl,4,60,60,0.8,0.8662855388865441,0.9373910155276924,0.9004366986380585,0.9095270075793918,0.9363887791386803,0.9227624470725654,31,16
0,73,dt_NOF_RFC_FOF_seed0_d4_s60_l60_w0.9.pkl,4,60,60,0.9,0.8621277563082519,0.9447396828032882,0.9015451664025357,0.9044736593209117,0.9445871197155274,0.9240952795091076,31,16
0,74,dt_NOF_RFC_FOF_seed0_d4_s60_l60_w1.0.pkl,4,60,60,1.0,0.8604028364514182,0.9470646848791829,0.9016561919443457,0.9042141981710191,0.9473528249703674,0.9252809801746177,31,16
0,75,dt_NOF_RFC_FOF_seed0_d4_s60_l70_w0.6.pkl,4,60,70,0.6,0.9116125783860485,0.8268703811342689,0.8671761043258659,0.9351132139236229,0.8199328328723825,0.873743487184885,31,16
0,76,dt_NOF_RFC_FOF_seed0_d4_s60_l70_w0.7.pkl,4,60,70,0.7,0.8771685500557058,0.9152619779124803,0.8958104758421715,0.9124338105510884,0.9191031212959304,0.9157563231965358,31,16
0,77,dt_NOF_RFC_FOF_seed0_d4_s60_l70_w0.8.pkl,4,60,70,0.8,0.8662855388865441,0.9373910155276924,0.9004366986380585,0.9095270075793918,0.9363887791386803,0.9227624470725654,31,16
0,78,dt_NOF_RFC_FOF_seed0_d4_s60_l70_w0.9.pkl,4,60,70,0.9,0.8621277563082519,0.9447396828032882,0.9015451664025357,0.9044736593209117,0.9445871197155274,0.9240952795091076,31,16
0,79,dt_NOF_RFC_FOF_seed0_d4_s60_l70_w1.0.pkl,4,60,70,1.0,0.8604028364514182,0.9470646848791829,0.9016561919443457,0.9042141981710191,0.9473528249703674,0.9252809801746177,31,16
0,80,dt_NOF_RFC_FOF_seed0_d4_s80_l40_w0.6.pkl,4,80,40,0.6,0.9116125783860485,0.8268703811342689,0.8671761043258659,0.9351132139236229,0.8199328328723825,0.873743487184885,31,16
0,81,dt_NOF_RFC_FOF_seed0_d4_s80_l40_w0.7.pkl,4,80,40,0.7,0.8771685500557058,0.9152619779124803,0.8958104758421715,0.9124338105510884,0.9191031212959304,0.9157563231965358,31,16
0,82,dt_NOF_RFC_FOF_seed0_d4_s80_l40_w0.8.pkl,4,80,40,0.8,0.8662855388865441,0.9373910155276924,0.9004366986380585,0.9095270075793918,0.9363887791386803,0.9227624470725654,31,16
0,83,dt_NOF_RFC_FOF_seed0_d4_s80_l40_w0.9.pkl,4,80,40,0.9,0.8621277563082519,0.9447396828032882,0.9015451664025357,0.9044736593209117,0.9445871197155274,0.9240952795091076,31,16
0,84,dt_NOF_RFC_FOF_seed0_d4_s80_l40_w1.0.pkl,4,80,40,1.0,0.8604028364514182,0.9470646848791829,0.9016561919443457,0.9042141981710191,0.9473528249703674,0.9252809801746177,31,16
0,85,dt_NOF_RFC_FOF_seed0_d4_s80_l50_w0.6.pkl,4,80,50,0.6,0.9116125783860485,0.8268703811342689,0.8671761043258659,0.9351132139236229,0.8199328328723825,0.873743487184885,31,16
0,86,dt_NOF_RFC_FOF_seed0_d4_s80_l50_w0.7.pkl,4,80,50,0.7,0.8771685500557058,0.9152619779124803,0.8958104758421715,0.9124338105510884,0.9191031212959304,0.9157563231965358,31,16
0,87,dt_NOF_RFC_FOF_seed0_d4_s80_l50_w0.8.pkl,4,80,50,0.8,0.8662855388865441,0.9373910155276924,0.9004366986380585,0.9095270075793918,0.9363887791386803,0.9227624470725654,31,16
0,88,dt_NOF_RFC_FOF_seed0_d4_s80_l50_w0.9.pkl,4,80,50,0.9,0.8621277563082519,0.9447396828032882,0.9015451664025357,0.9044736593209117,0.9445871197155274,0.9240952795091076,31,16
0,89,dt_NOF_RFC_FOF_seed0_d4_s80_l50_w1.0.pkl,4,80,50,1.0,0.8604028364514182,0.9470646848791829,0.9016561919443457,0.9042141981710191,0.9473528249703674,0.9252809801746177,31,16
0,90,dt_NOF_RFC_FOF_seed0_d4_s80_l60_w0.6.pkl,4,80,60,0.6,0.9116125783860485,0.8268703811342689,0.8671761043258659,0.9351132139236229,0.8199328328723825,0.873743487184885,31,16
0,91,dt_NOF_RFC_FOF_seed0_d4_s80_l60_w0.7.pkl,4,80,60,0.7,0.8771685500557058,0.9152619779124803,0.8958104758421715,0.9124338105510884,0.9191031212959304,0.9157563231965358,31,16
0,92,dt_NOF_RFC_FOF_seed0_d4_s80_l60_w0.8.pkl,4,80,60,0.8,0.8662855388865441,0.9373910155276924,0.9004366986380585,0.9095270075793918,0.9363887791386803,0.9227624470725654,31,16
0,93,dt_NOF_RFC_FOF_seed0_d4_s80_l60_w0.9.pkl,4,80,60,0.9,0.8621277563082519,0.9447396828032882,0.9015451664025357,0.9044736593209117,0.9445871197155274,0.9240952795091076,31,16
0,94,dt_NOF_RFC_FOF_seed0_d4_s80_l60_w1.0.pkl,4,80,60,1.0,0.8604028364514182,0.9470646848791829,0.9016561919443457,0.9042141981710191,0.9473528249703674,0.9252809801746177,31,16
0,95,dt_NOF_RFC_FOF_seed0_d4_s80_l70_w0.6.pkl,4,80,70,0.6,0.9116125783860485,0.8268703811342689,0.8671761043258659,0.9351132139236229,0.8199328328723825,0.873743487184885,31,16
0,96,dt_NOF_RFC_FOF_seed0_d4_s80_l70_w0.7.pkl,4,80,70,0.7,0.8771685500557058,0.9152619779124803,0.8958104758421715,0.9124338105510884,0.9191031212959304,0.9157563231965358,31,16
0,97,dt_NOF_RFC_FOF_seed0_d4_s80_l70_w0.8.pkl,4,80,70,0.8,0.8662855388865441,0.9373910155276924,0.9004366986380585,0.9095270075793918,0.9363887791386803,0.9227624470725654,31,16
0,98,dt_NOF_RFC_FOF_seed0_d4_s80_l70_w0.9.pkl,4,80,70,0.9,0.8621277563082519,0.9447396828032882,0.9015451664025357,0.9044736593209117,0.9445871197155274,0.9240952795091076,31,16
0,99,dt_NOF_RFC_FOF_seed0_d4_s80_l70_w1.0.pkl,4,80,70,1.0,0.8604028364514182,0.9470646848791829,0.9016561919443457,0.9042141981710191,0.9473528249703674,0.9252809801746177,31,16
0,100,dt_NOF_RFC_FOF_seed0_d4_s100_l40_w0.6.pkl,4,100,40,0.6,0.9116125783860485,0.8268703811342689,0.8671761043258659,0.9351132139236229,0.8199328328723825,0.873743487184885,31,16
0,101,dt_NOF_RFC_FOF_seed0_d4_s100_l40_w0.7.pkl,4,100,40,0.7,0.8771685500557058,0.9152619779124803,0.8958104758421715,0.9124338105510884,0.9191031212959304,0.9157563231965358,31,16
0,102,dt_NOF_RFC_FOF_seed0_d4_s100_l40_w0.8.pkl,4,100,40,0.8,0.8662855388865441,0.9373910155276924,0.9004366986380585,0.9095270075793918,0.9363887791386803,0.9227624470725654,31,16
0,103,dt_NOF_RFC_FOF_seed0_d4_s100_l40_w0.9.pkl,4,100,40,0.9,0.8621277563082519,0.9447396828032882,0.9015451664025357,0.9044736593209117,0.9445871197155274,0.9240952795091076,31,16
0,104,dt_NOF_RFC_FOF_seed0_d4_s100_l40_w1.0.pkl,4,100,40,1.0,0.8604028364514182,0.9470646848791829,0.9016561919443457,0.9042141981710191,0.9473528249703674,0.9252809801746177,31,16
0,105,dt_NOF_RFC_FOF_seed0_d4_s100_l50_w0.6.pkl,4,100,50,0.6,0.9116125783860485,0.8268703811342689,0.8671761043258659,0.9351132139236229,0.8199328328723825,0.873743487184885,31,16
0,106,dt_NOF_RFC_FOF_seed0_d4_s100_l50_w0.7.pkl,4,100,50,0.7,0.8771685500557058,0.9152619779124803,0.8958104758421715,0.9124338105510884,0.9191031212959304,0.9157563231965358,31,16
0,107,dt_NOF_RFC_FOF_seed0_d4_s100_l50_w0.8.pkl,4,100,50,0.8,0.8662855388865441,0.9373910155276924,0.9004366986380585,0.9095270075793918,0.9363887791386803,0.9227624470725654,31,16
0,108,dt_NOF_RFC_FOF_seed0_d4_s100_l50_w0.9.pkl,4,100,50,0.9,0.8621277563082519,0.9447396828032882,0.9015451664025357,0.9044736593209117,0.9445871197155274,0.9240952795091076,31,16
0,109,dt_NOF_RFC_FOF_seed0_d4_s100_l50_w1.0.pkl,4,100,50,1.0,0.8604028364514182,0.9470646848791829,0.9016561919443457,0.9042141981710191,0.9473528249703674,0.9252809801746177,31,16
0,110,dt_NOF_RFC_FOF_seed0_d4_s100_l60_w0.6.pkl,4,100,60,0.6,0.9116125783860485,0.8268703811342689,0.8671761043258659,0.9351132139236229,0.8199328328723825,0.873743487184885,31,16
0,111,dt_NOF_RFC_FOF_seed0_d4_s100_l60_w0.7.pkl,4,100,60,0.7,0.8771685500557058,0.9152619779124803,0.8958104758421715,0.9124338105510884,0.9191031212959304,0.9157563231965358,31,16
0,112,dt_NOF_RFC_FOF_seed0_d4_s100_l60_w0.8.pkl,4,100,60,0.8,0.8662855388865441,0.9373910155276924,0.9004366986380585,0.9095270075793918,0.9363887791386803,0.9227624470725654,31,16
0,113,dt_NOF_RFC_FOF_seed0_d4_s100_l60_w0.9.pkl,4,100,60,0.9,0.8621277563082519,0.9447396828032882,0.9015451664025357,0.9044736593209117,0.9445871197155274,0.9240952795091076,31,16
0,114,dt_NOF_RFC_FOF_seed0_d4_s100_l60_w1.0.pkl,4,100,60,1.0,0.8604028364514182,0.9470646848791829,0.9016561919443457,0.9042141981710191,0.9473528249703674,0.9252809801746177,31,16
0,115,dt_NOF_RFC_FOF_seed0_d4_s100_l70_w0.6.pkl,4,100,70,0.6,0.9116125783860485,0.8268703811342689,0.8671761043258659,0.9351132139236229,0.8199328328723825,0.873743487184885,31,16
0,116,dt_NOF_RFC_FOF_seed0_d4_s100_l70_w0.7.pkl,4,100,70,0.7,0.8771685500557058,0.9152619779124803,0.8958104758421715,0.9124338105510884,0.9191031212959304,0.9157563231965358,31,16
0,117,dt_NOF_RFC_FOF_seed0_d4_s100_l70_w0.8.pkl,4,100,70,0.8,0.8662855388865441,0.9373910155276924,0.9004366986380585,0.9095270075793918,0.9363887791386803,0.9227624470725654,31,16
0,118,dt_NOF_RFC_FOF_seed0_d4_s100_l70_w0.9.pkl,4,100,70,0.9,0.8621277563082519,0.9447396828032882,0.9015451664025357,0.9044736593209117,0.9445871197155274,0.9240952795091076,31,16
0,119,dt_NOF_RFC_FOF_seed0_d4_s100_l70_w1.0.pkl,4,100,70,1.0,0.8604028364514182,0.9470646848791829,0.9016561919443457,0.9042141981710191,0.9473528249703674,0.9252809801746177,31,16
0,120,dt_NOF_RFC_FOF_seed0_d5_s60_l40_w0.6.pkl,5,60,40,0.6,0.8885302169738079,0.9028066096487586,0.8956115241252909,0.9236772754915873,0.900138285262742,0.9117558779389695,63,32
0,121,dt_NOF_RFC_FOF_seed0_d5_s60_l40_w0.7.pkl,5,60,40,0.7,0.8883147530311661,0.9064601843394503,0.8972957422324511,0.9206841368273655,0.9092256025286448,0.9149189941357718,63,32
0,122,dt_NOF_RFC_FOF_seed0_d5_s60_l40_w0.8.pkl,5,60,40,0.8,0.8768596663395486,0.9274267209167151,0.9014345957506911,0.9116991373461277,0.929079415250889,0.9203072256738907,63,32
0,123,dt_NOF_RFC_FOF_seed0_d5_s60_l40_w0.9.pkl,5,60,40,0.9,0.8610258330213403,0.9548285310969028,0.9055043704228679,0.8961542008669188,0.9597984986171474,0.9268851051652597,63,32
0,124,dt_NOF_RFC_FOF_seed0_d5_s60_l40_w1.0.pkl,5,60,40,1.0,0.8593470483005367,0.9573196047496471,0.9056915039868023,0.8944184767665658,0.9639470564994074,0.9278821012598051,63,32
0,125,dt_NOF_RFC_FOF_seed0_d5_s60_l50_w0.6.pkl,5,60,50,0.6,0.8883986928104575,0.9029311633313958,0.8956059794918255,0.9234740358335864,0.9011260371394706,0.9121631755236714,63,32
0,126,dt_NOF_RFC_FOF_seed0_d5_s60_l50_w0.7.pkl,5,60,50,0.7,0.8881656564012855,0.9064186664452379,0.8971993342511353,0.9204795204795205,0.9101145792177006,0.9152677063673388,63,32
0,127,dt_NOF_RFC_FOF_seed0_d5_s60_l50_w0.8.pkl,5,60,50,0.8,0.8762741100831112,0.9280079714356888,0.9013993628261483,0.9112036409412221,0.9294745160015804,0.9202483986113148,63,32
0,128,dt_NOF_RFC_FOF_seed0_d5_s60_l50_w0.9.pkl,5,60,50,0.9,0.8610050175990415,0.9546624595200531,0.905418176090723,0.8961446227633278,0.9596997234294745,0.9268339215873319,63,32
0,129,dt_NOF_RFC_FOF_seed0_d5_s60_l50_w1.0.pkl,5,60,50,1.0,0.8589032426194111,0.9578593373744083,0.905686301450527,0.8957167751994863,0.9646384828131174,0.9289009368906643,63,32
0,130,dt_NOF_RFC_FOF_seed0_d5_s60_l60_w0.6.pkl,5,60,60,0.6,0.8894684958514746,0.8990699991696421,0.8942434753881731,0.9240648251962084,0.8954958514421177,0.909556057185854,63,32
0,131,dt_NOF_RFC_FOF_seed0_d5_s60_l60_w0.7.pkl,5,60,60,0.7,0.8883992328722405,0.9039275927924936,0.8960961455353652,0.9206142111601766,0.9060647965231134,0.9132815611310235,61,31
0,132,dt_NOF_RFC_FOF_seed0_d5_s60_l60_w0.8.pkl,5,60,60,0.8,0.8755969623424411,0.9286722577430873,0.9013539651837524,0.9114401858304297,0.9301659423152904,0.920707860774345,61,31
0,133,dt_NOF_RFC_FOF_seed0_d5_s60_l60_w0.9.pkl,5,60,60,0.9,0.8600567842199641,0.9558249605580005,0.9054155032052542,0.895933014354067,0.9617740023706045,0.9276867378048781,61,31
0,134,dt_NOF_RFC_FOF_seed0_d5_s60_l60_w1.0.pkl,5,60,60,1.0,0.858785871143038,0.9579423731628331,0.9056581555551194,0.8960705104663974,0.9640458316870802,0.9288161400837457,61,31
0,135,dt_NOF_RFC_FOF_seed0_d5_s60_l70_w0.6.pkl,5,60,70,0.6,0.8899320568252007,0.8972847297185087,0.8935932686940522,0.9243740419008687,0.8934215725009877,0.9086342860013059,61,31
0,136,dt_NOF_RFC_FOF_seed0_d5_s60_l70_w0.7.pkl,5,60,70,0.7,0.8875686673448626,0.9055883085609898,0.8964879472267319,0.9206126739413355,0.9083366258395891,0.9144334510018396,61,31
0,137,dt_NOF_RFC_FOF_seed0_d5_s60_l70_w0.8.pkl,5,60,70,0.8,0.8746094970321775,0.9298762766752471,0.901396546866825,0.9106522578155153,0.9322402212564204,0.9213197969543148,61,31
0,138,dt_NOF_RFC_FOF_seed0_d5_s60_l70_w0.9.pkl,5,60,70,0.9,0.8601061444162057,0.9554512995100889,0.9052751662011722,0.8946400661947228,0.9611813512445674,0.9267177753440312,61,31
0,139,dt_NOF_RFC_FOF_seed0_d5_s60_l70_w1.0.pkl,5,60,70,1.0,0.8582955306016212,0.9583575521049572,0.9055708120831699,0.894852537094706,0.9650335835638088,0.9286189525710484,61,31
0,140,dt_NOF_RFC_FOF_seed0_d5_s80_l40_w0.6.pkl,5,80,40,0.6,0.8885302169738079,0.9028066096487586,0.8956115241252909,0.9236772754915873,0.900138285262742,0.9117558779389695,63,32
0,141,dt_NOF_RFC_FOF_seed0_d5_s80_l40_w0.7.pkl,5,80,40,0.7,0.8883147530311661,0.9064601843394503,0.8972957422324511,0.9206841368273655,0.9092256025286448,0.9149189941357718,63,32
0,142,dt_NOF_RFC_FOF_seed0_d5_s80_l40_w0.8.pkl,5,80,40,0.8,0.8768596663395486,0.9274267209167151,0.9014345957506911,0.9116991373461277,0.929079415250889,0.9203072256738907,63,32
0,143,dt_NOF_RFC_FOF_seed0_d5_s80_l40_w0.9.pkl,5,80,40,0.9,0.8610258330213403,0.9548285310969028,0.9055043704228679,0.8961542008669188,0.9597984986171474,0.9268851051652597,63,32
0,144,dt_NOF_RFC_FOF_seed0_d5_s80_l40_w1.0.pkl,5,80,40,1.0,0.8593470483005367,0.9573196047496471,0.9056915039868023,0.8944184767665658,0.9639470564994074,0.9278821012598051,63,32
0,145,dt_NOF_RFC_FOF_seed0_d5_s80_l50_w0.6.pkl,5,80,50,0.6,0.8883986928104575,0.9029311633313958,0.8956059794918255,0.9234740358335864,0.9011260371394706,0.9121631755236714,63,32
0,146,dt_NOF_RFC_FOF_seed0_d5_s80_l50_w0.7.pkl,5,80,50,0.7,0.8881656564012855,0.9064186664452379,0.8971993342511353,0.9204795204795205,0.9101145792177006,0.9152677063673388,63,32
0,147,dt_NOF_RFC_FOF_seed0_d5_s80_l50_w0.8.pkl,5,80,50,0.8,0.8762741100831112,0.9280079714356888,0.9013993628261483,0.9112036409412221,0.9294745160015804,0.9202483986113148,63,32
0,148,dt_NOF_RFC_FOF_seed0_d5_s80_l50_w0.9.pkl,5,80,50,0.9,0.8610050175990415,0.9546624595200531,0.905418176090723,0.8961446227633278,0.9596997234294745,0.9268339215873319,63,32
0,149,dt_NOF_RFC_FOF_seed0_d5_s80_l50_w1.0.pkl,5,80,50,1.0,0.8589032426194111,0.9578593373744083,0.905686301450527,0.8957167751994863,0.9646384828131174,0.9289009368906643,63,32
0,150,dt_NOF_RFC_FOF_seed0_d5_s80_l60_w0.6.pkl,5,80,60,0.6,0.8894684958514746,0.8990699991696421,0.8942434753881731,0.9240648251962084,0.8954958514421177,0.909556057185854,63,32
0,151,dt_NOF_RFC_FOF_seed0_d5_s80_l60_w0.7.pkl,5,80,60,0.7,0.8883992328722405,0.9039275927924936,0.8960961455353652,0.9206142111601766,0.9060647965231134,0.9132815611310235,61,31
0,152,dt_NOF_RFC_FOF_seed0_d5_s80_l60_w0.8.pkl,5,80,60,0.8,0.8755969623424411,0.9286722577430873,0.9013539651837524,0.9114401858304297,0.9301659423152904,0.920707860774345,61,31
0,153,dt_NOF_RFC_FOF_seed0_d5_s80_l60_w0.9.pkl,5,80,60,0.9,0.8600567842199641,0.9558249605580005,0.9054155032052542,0.895933014354067,0.9617740023706045,0.9276867378048781,61,31
0,154,dt_NOF_RFC_FOF_seed0_d5_s80_l60_w1.0.pkl,5,80,60,1.0,0.858785871143038,0.9579423731628331,0.9056581555551194,0.8960705104663974,0.9640458316870802,0.9288161400837457,61,31
0,155,dt_NOF_RFC_FOF_seed0_d5_s80_l70_w0.6.pkl,5,80,70,0.6,0.8899320568252007,0.8972847297185087,0.8935932686940522,0.9243740419008687,0.8934215725009877,0.9086342860013059,61,31
0,156,dt_NOF_RFC_FOF_seed0_d5_s80_l70_w0.7.pkl,5,80,70,0.7,0.8875686673448626,0.9055883085609898,0.8964879472267319,0.9206126739413355,0.9083366258395891,0.9144334510018396,61,31
0,157,dt_NOF_RFC_FOF_seed0_d5_s80_l70_w0.8.pkl,5,80,70,0.8,0.8746094970321775,0.9298762766752471,0.901396546866825,0.9106522578155153,0.9322402212564204,0.9213197969543148,61,31
0,158,dt_NOF_RFC_FOF_seed0_d5_s80_l70_w0.9.pkl,5,80,70,0.9,0.8601061444162057,0.9554512995100889,0.9052751662011722,0.8946400661947228,0.9611813512445674,0.9267177753440312,61,31
0,159,dt_NOF_RFC_FOF_seed0_d5_s80_l70_w1.0.pkl,5,80,70,1.0,0.8582955306016212,0.9583575521049572,0.9055708120831699,0.894852537094706,0.9650335835638088,0.9286189525710484,61,31
0,160,dt_NOF_RFC_FOF_seed0_d5_s100_l40_w0.6.pkl,5,100,40,0.6,0.8885302169738079,0.9028066096487586,0.8956115241252909,0.9236772754915873,0.900138285262742,0.9117558779389695,63,32
0,161,dt_NOF_RFC_FOF_seed0_d5_s100_l40_w0.7.pkl,5,100,40,0.7,0.8883147530311661,0.9064601843394503,0.8972957422324511,0.9206841368273655,0.9092256025286448,0.9149189941357718,63,32
0,162,dt_NOF_RFC_FOF_seed0_d5_s100_l40_w0.8.pkl,5,100,40,0.8,0.8768596663395486,0.9274267209167151,0.9014345957506911,0.9116991373461277,0.929079415250889,0.9203072256738907,63,32
0,163,dt_NOF_RFC_FOF_seed0_d5_s100_l40_w0.9.pkl,5,100,40,0.9,0.8610258330213403,0.9548285310969028,0.9055043704228679,0.8961542008669188,0.9597984986171474,0.9268851051652597,63,32
0,164,dt_NOF_RFC_FOF_seed0_d5_s100_l40_w1.0.pkl,5,100,40,1.0,0.8593470483005367,0.9573196047496471,0.9056915039868023,0.8944184767665658,0.9639470564994074,0.9278821012598051,63,32
0,165,dt_NOF_RFC_FOF_seed0_d5_s100_l50_w0.6.pkl,5,100,50,0.6,0.8883986928104575,0.9029311633313958,0.8956059794918255,0.9234740358335864,0.9011260371394706,0.9121631755236714,63,32
0,166,dt_NOF_RFC_FOF_seed0_d5_s100_l50_w0.7.pkl,5,100,50,0.7,0.8881656564012855,0.9064186664452379,0.8971993342511353,0.9204795204795205,0.9101145792177006,0.9152677063673388,63,32
0,167,dt_NOF_RFC_FOF_seed0_d5_s100_l50_w0.8.pkl,5,100,50,0.8,0.8762741100831112,0.9280079714356888,0.9013993628261483,0.9112036409412221,0.9294745160015804,0.9202483986113148,63,32
0,168,dt_NOF_RFC_FOF_seed0_d5_s100_l50_w0.9.pkl,5,100,50,0.9,0.8610050175990415,0.9546624595200531,0.905418176090723,0.8961446227633278,0.9596997234294745,0.9268339215873319,63,32
0,169,dt_NOF_RFC_FOF_seed0_d5_s100_l50_w1.0.pkl,5,100,50,1.0,0.8589032426194111,0.9578593373744083,0.905686301450527,0.8957167751994863,0.9646384828131174,0.9289009368906643,63,32
0,170,dt_NOF_RFC_FOF_seed0_d5_s100_l60_w0.6.pkl,5,100,60,0.6,0.8894684958514746,0.8990699991696421,0.8942434753881731,0.9240648251962084,0.8954958514421177,0.909556057185854,63,32
0,171,dt_NOF_RFC_FOF_seed0_d5_s100_l60_w0.7.pkl,5,100,60,0.7,0.8883992328722405,0.9039275927924936,0.8960961455353652,0.9206142111601766,0.9060647965231134,0.9132815611310235,61,31
0,172,dt_NOF_RFC_FOF_seed0_d5_s100_l60_w0.8.pkl,5,100,60,0.8,0.8755969623424411,0.9286722577430873,0.9013539651837524,0.9114401858304297,0.9301659423152904,0.920707860774345,61,31
0,173,dt_NOF_RFC_FOF_seed0_d5_s100_l60_w0.9.pkl,5,100,60,0.9,0.8600567842199641,0.9558249605580005,0.9054155032052542,0.895933014354067,0.9617740023706045,0.9276867378048781,61,31
0,174,dt_NOF_RFC_FOF_seed0_d5_s100_l60_w1.0.pkl,5,100,60,1.0,0.858785871143038,0.9579423731628331,0.9056581555551194,0.8960705104663974,0.9640458316870802,0.9288161400837457,61,31
0,175,dt_NOF_RFC_FOF_seed0_d5_s100_l70_w0.6.pkl,5,100,70,0.6,0.8899320568252007,0.8972847297185087,0.8935932686940522,0.9243740419008687,0.8934215725009877,0.9086342860013059,61,31
0,176,dt_NOF_RFC_FOF_seed0_d5_s100_l70_w0.7.pkl,5,100,70,0.7,0.8875686673448626,0.9055883085609898,0.8964879472267319,0.9206126739413355,0.9083366258395891,0.9144334510018396,61,31
0,177,dt_NOF_RFC_FOF_seed0_d5_s100_l70_w0.8.pkl,5,100,70,0.8,0.8746094970321775,0.9298762766752471,0.901396546866825,0.9106522578155153,0.9322402212564204,0.9213197969543148,61,31
0,178,dt_NOF_RFC_FOF_seed0_d5_s100_l70_w0.9.pkl,5,100,70,0.9,0.8601061444162057,0.9554512995100889,0.9052751662011722,0.8946400661947228,0.9611813512445674,0.9267177753440312,61,31
0,179,dt_NOF_RFC_FOF_seed0_d5_s100_l70_w1.0.pkl,5,100,70,1.0,0.8582955306016212,0.9583575521049572,0.9055708120831699,0.894852537094706,0.9650335835638088,0.9286189525710484,61,31
1,180,dt_NOF_RFC_FOF_seed1_d3_s60_l40_w0.6.pkl,3,60,40,0.6,0.8723764506684539,0.9449411584899893,0.9072100658461877,0.8670798898071626,0.9397860164219956,0.9019701492537313,15,8
1,181,dt_NOF_RFC_FOF_seed1_d3_s60_l40_w0.7.pkl,3,60,40,0.7,0.8723764506684539,0.9449411584899893,0.9072100658461877,0.8670798898071626,0.9397860164219956,0.9019701492537313,15,8
1,182,dt_NOF_RFC_FOF_seed1_d3_s60_l40_w0.8.pkl,3,60,40,0.8,0.8663177596007209,0.9550282744918234,0.9085126490258796,0.8620495495495496,0.9523513311769097,0.9049533041730701,15,8
1,183,dt_NOF_RFC_FOF_seed1_d3_s60_l40_w0.9.pkl,3,60,40,0.9,0.8663177596007209,0.9550282744918234,0.9085126490258796,0.8620495495495496,0.9523513311769097,0.9049533041730701,15,8
1,184,dt_NOF_RFC_FOF_seed1_d3_s60_l40_w1.0.pkl,3,60,40,1.0,0.8634862763981564,0.9592312394925875,0.9088440792093545,0.8598120384873573,0.9560836028862901,0.9053958529688972,15,8
1,185,dt_NOF_RFC_FOF_seed1_d3_s60_l50_w0.6.pkl,3,60,50,0.6,0.8723764506684539,0.9449411584899893,0.9072100658461877,0.8670798898071626,0.9397860164219956,0.9019701492537313,15,8
1,186,dt_NOF_RFC_FOF_seed1_d3_s60_l50_w0.7.pkl,3,60,50,0.7,0.8723764506684539,0.9449411584899893,0.9072100658461877,0.8670798898071626,0.9397860164219956,0.9019701492537313,15,8
1,187,dt_NOF_RFC_FOF_seed1_d3_s60_l50_w0.8.pkl,3,60,50,0.8,0.8663177596007209,0.9550282744918234,0.9085126490258796,0.8620495495495496,0.9523513311769097,0.9049533041730701,15,8
1,188,dt_NOF_RFC_FOF_seed1_d3_s60_l50_w0.9.pkl,3,60,50,0.9,0.8663177596007209,0.9550282744918234,0.9085126490258796,0.8620495495495496,0.9523513311769097,0.9049533041730701,15,8
1,189,dt_NOF_RFC_FOF_seed1_d3_s60_l50_w1.0.pkl,3,60,50,1.0,0.8634862763981564,0.9592312394925875,0.9088440792093545,0.8598120384873573,0.9560836028862901,0.9053958529688972,15,8
1,190,dt_NOF_RFC_FOF_seed1_d3_s60_l60_w0.6.pkl,3,60,60,0.6,0.8723764506684539,0.9449411584899893,0.9072100658461877,0.8670798898071626,0.9397860164219956,0.9019701492537313,15,8
1,191,dt_NOF_RFC_FOF_seed1_d3_s60_l60_w0.7.pkl,3,60,60,0.7,0.8723764506684539,0.9449411584899893,0.9072100658461877,0.8670798898071626,0.9397860164219956,0.9019701492537313,15,8
1,192,dt_NOF_RFC_FOF_seed1_d3_s60_l60_w0.8.pkl,3,60,60,0.8,0.8663177596007209,0.9550282744918234,0.9085126490258796,0.8620495495495496,0.9523513311769097,0.9049533041730701,15,8
1,193,dt_NOF_RFC_FOF_seed1_d3_s60_l60_w0.9.pkl,3,60,60,0.9,0.8663177596007209,0.9550282744918234,0.9085126490258796,0.8620495495495496,0.9523513311769097,0.9049533041730701,15,8
1,194,dt_NOF_RFC_FOF_seed1_d3_s60_l60_w1.0.pkl,3,60,60,1.0,0.8634862763981564,0.9592312394925875,0.9088440792093545,0.8598120384873573,0.9560836028862901,0.9053958529688972,15,8
1,195,dt_NOF_RFC_FOF_seed1_d3_s60_l70_w0.6.pkl,3,60,70,0.6,0.8723764506684539,0.9449411584899893,0.9072100658461877,0.8670798898071626,0.9397860164219956,0.9019701492537313,15,8
1,196,dt_NOF_RFC_FOF_seed1_d3_s60_l70_w0.7.pkl,3,60,70,0.7,0.8723764506684539,0.9449411584899893,0.9072100658461877,0.8670798898071626,0.9397860164219956,0.9019701492537313,15,8
1,197,dt_NOF_RFC_FOF_seed1_d3_s60_l70_w0.8.pkl,3,60,70,0.8,0.8663177596007209,0.9550282744918234,0.9085126490258796,0.8620495495495496,0.9523513311769097,0.9049533041730701,15,8
1,198,dt_NOF_RFC_FOF_seed1_d3_s60_l70_w0.9.pkl,3,60,70,0.9,0.8663177596007209,0.9550282744918234,0.9085126490258796,0.8620495495495496,0.9523513311769097,0.9049533041730701,15,8
1,199,dt_NOF_RFC_FOF_seed1_d3_s60_l70_w1.0.pkl,3,60,70,1.0,0.8634862763981564,0.9592312394925875,0.9088440792093545,0.8598120384873573,0.9560836028862901,0.9053958529688972,15,8
1,200,dt_NOF_RFC_FOF_seed1_d3_s80_l40_w0.6.pkl,3,80,40,0.6,0.8723764506684539,0.9449411584899893,0.9072100658461877,0.8670798898071626,0.9397860164219956,0.9019701492537313,15,8
1,201,dt_NOF_RFC_FOF_seed1_d3_s80_l40_w0.7.pkl,3,80,40,0.7,0.8723764506684539,0.9449411584899893,0.9072100658461877,0.8670798898071626,0.9397860164219956,0.9019701492537313,15,8
1,202,dt_NOF_RFC_FOF_seed1_d3_s80_l40_w0.8.pkl,3,80,40,0.8,0.8663177596007209,0.9550282744918234,0.9085126490258796,0.8620495495495496,0.9523513311769097,0.9049533041730701,15,8
1,203,dt_NOF_RFC_FOF_seed1_d3_s80_l40_w0.9.pkl,3,80,40,0.9,0.8663177596007209,0.9550282744918234,0.9085126490258796,0.8620495495495496,0.9523513311769097,0.9049533041730701,15,8
1,204,dt_NOF_RFC_FOF_seed1_d3_s80_l40_w1.0.pkl,3,80,40,1.0,0.8634862763981564,0.9592312394925875,0.9088440792093545,0.8598120384873573,0.9560836028862901,0.9053958529688972,15,8
1,205,dt_NOF_RFC_FOF_seed1_d3_s80_l50_w0.6.pkl,3,80,50,0.6,0.8723764506684539,0.9449411584899893,0.9072100658461877,0.8670798898071626,0.9397860164219956,0.9019701492537313,15,8
1,206,dt_NOF_RFC_FOF_seed1_d3_s80_l50_w0.7.pkl,3,80,50,0.7,0.8723764506684539,0.9449411584899893,0.9072100658461877,0.8670798898071626,0.9397860164219956,0.9019701492537313,15,8
1,207,dt_NOF_RFC_FOF_seed1_d3_s80_l50_w0.8.pkl,3,80,50,0.8,0.8663177596007209,0.9550282744918234,0.9085126490258796,0.8620495495495496,0.9523513311769097,0.9049533041730701,15,8
1,208,dt_NOF_RFC_FOF_seed1_d3_s80_l50_w0.9.pkl,3,80,50,0.9,0.8663177596007209,0.9550282744918234,0.9085126490258796,0.8620495495495496,0.9523513311769097,0.9049533041730701,15,8
1,209,dt_NOF_RFC_FOF_seed1_d3_s80_l50_w1.0.pkl,3,80,50,1.0,0.8634862763981564,0.9592312394925875,0.9088440792093545,0.8598120384873573,0.9560836028862901,0.9053958529688972,15,8
1,210,dt_NOF_RFC_FOF_seed1_d3_s80_l60_w0.6.pkl,3,80,60,0.6,0.8723764506684539,0.9449411584899893,0.9072100658461877,0.8670798898071626,0.9397860164219956,0.9019701492537313,15,8
1,211,dt_NOF_RFC_FOF_seed1_d3_s80_l60_w0.7.pkl,3,80,60,0.7,0.8723764506684539,0.9449411584899893,0.9072100658461877,0.8670798898071626,0.9397860164219956,0.9019701492537313,15,8
1,212,dt_NOF_RFC_FOF_seed1_d3_s80_l60_w0.8.pkl,3,80,60,0.8,0.8663177596007209,0.9550282744918234,0.9085126490258796,0.8620495495495496,0.9523513311769097,0.9049533041730701,15,8
1,213,dt_NOF_RFC_FOF_seed1_d3_s80_l60_w0.9.pkl,3,80,60,0.9,0.8663177596007209,0.9550282744918234,0.9085126490258796,0.8620495495495496,0.9523513311769097,0.9049533041730701,15,8
1,214,dt_NOF_RFC_FOF_seed1_d3_s80_l60_w1.0.pkl,3,80,60,1.0,0.8634862763981564,0.9592312394925875,0.9088440792093545,0.8598120384873573,0.9560836028862901,0.9053958529688972,15,8
1,215,dt_NOF_RFC_FOF_seed1_d3_s80_l70_w0.6.pkl,3,80,70,0.6,0.8723764506684539,0.9449411584899893,0.9072100658461877,0.8670798898071626,0.9397860164219956,0.9019701492537313,15,8
1,216,dt_NOF_RFC_FOF_seed1_d3_s80_l70_w0.7.pkl,3,80,70,0.7,0.8723764506684539,0.9449411584899893,0.9072100658461877,0.8670798898071626,0.9397860164219956,0.9019701492537313,15,8
1,217,dt_NOF_RFC_FOF_seed1_d3_s80_l70_w0.8.pkl,3,80,70,0.8,0.8663177596007209,0.9550282744918234,0.9085126490258796,0.8620495495495496,0.9523513311769097,0.9049533041730701,15,8
1,218,dt_NOF_RFC_FOF_seed1_d3_s80_l70_w0.9.pkl,3,80,70,0.9,0.8663177596007209,0.9550282744918234,0.9085126490258796,0.8620495495495496,0.9523513311769097,0.9049533041730701,15,8
1,219,dt_NOF_RFC_FOF_seed1_d3_s80_l70_w1.0.pkl,3,80,70,1.0,0.8634862763981564,0.9592312394925875,0.9088440792093545,0.8598120384873573,0.9560836028862901,0.9053958529688972,15,8
1,220,dt_NOF_RFC_FOF_seed1_d3_s100_l40_w0.6.pkl,3,100,40,0.6,0.8723764506684539,0.9449411584899893,0.9072100658461877,0.8670798898071626,0.9397860164219956,0.9019701492537313,15,8
1,221,dt_NOF_RFC_FOF_seed1_d3_s100_l40_w0.7.pkl,3,100,40,0.7,0.8723764506684539,0.9449411584899893,0.9072100658461877,0.8670798898071626,0.9397860164219956,0.9019701492537313,15,8
1,222,dt_NOF_RFC_FOF_seed1_d3_s100_l40_w0.8.pkl,3,100,40,0.8,0.8663177596007209,0.9550282744918234,0.9085126490258796,0.8620495495495496,0.9523513311769097,0.9049533041730701,15,8
1,223,dt_NOF_RFC_FOF_seed1_d3_s100_l40_w0.9.pkl,3,100,40,0.9,0.8663177596007209,0.9550282744918234,0.9085126490258796,0.8620495495495496,0.9523513311769097,0.9049533041730701,15,8
1,224,dt_NOF_RFC_FOF_seed1_d3_s100_l40_w1.0.pkl,3,100,40,1.0,0.8634862763981564,0.9592312394925875,0.9088440792093545,0.8598120384873573,0.9560836028862901,0.9053958529688972,15,8
1,225,dt_NOF_RFC_FOF_seed1_d3_s100_l50_w0.6.pkl,3,100,50,0.6,0.8723764506684539,0.9449411584899893,0.9072100658461877,0.8670798898071626,0.9397860164219956,0.9019701492537313,15,8
1,226,dt_NOF_RFC_FOF_seed1_d3_s100_l50_w0.7.pkl,3,100,50,0.7,0.8723764506684539,0.9449411584899893,0.9072100658461877,0.8670798898071626,0.9397860164219956,0.9019701492537313,15,8
1,227,dt_NOF_RFC_FOF_seed1_d3_s100_l50_w0.8.pkl,3,100,50,0.8,0.8663177596007209,0.9550282744918234,0.9085126490258796,0.8620495495495496,0.9523513311769097,0.9049533041730701,15,8
1,228,dt_NOF_RFC_FOF_seed1_d3_s100_l50_w0.9.pkl,3,100,50,0.9,0.8663177596007209,0.9550282744918234,0.9085126490258796,0.8620495495495496,0.9523513311769097,0.9049533041730701,15,8
1,229,dt_NOF_RFC_FOF_seed1_d3_s100_l50_w1.0.pkl,3,100,50,1.0,0.8634862763981564,0.9592312394925875,0.9088440792093545,0.8598120384873573,0.9560836028862901,0.9053958529688972,15,8
1,230,dt_NOF_RFC_FOF_seed1_d3_s100_l60_w0.6.pkl,3,100,60,0.6,0.8723764506684539,0.9449411584899893,0.9072100658461877,0.8670798898071626,0.9397860164219956,0.9019701492537313,15,8
1,231,dt_NOF_RFC_FOF_seed1_d3_s100_l60_w0.7.pkl,3,100,60,0.7,0.8723764506684539,0.9449411584899893,0.9072100658461877,0.8670798898071626,0.9397860164219956,0.9019701492537313,15,8
1,232,dt_NOF_RFC_FOF_seed1_d3_s100_l60_w0.8.pkl,3,100,60,0.8,0.8663177596007209,0.9550282744918234,0.9085126490258796,0.8620495495495496,0.9523513311769097,0.9049533041730701,15,8
1,233,dt_NOF_RFC_FOF_seed1_d3_s100_l60_w0.9.pkl,3,100,60,0.9,0.8663177596007209,0.9550282744918234,0.9085126490258796,0.8620495495495496,0.9523513311769097,0.9049533041730701,15,8
1,234,dt_NOF_RFC_FOF_seed1_d3_s100_l60_w1.0.pkl,3,100,60,1.0,0.8634862763981564,0.9592312394925875,0.9088440792093545,0.8598120384873573,0.9560836028862901,0.9053958529688972,15,8
1,235,dt_NOF_RFC_FOF_seed1_d3_s100_l70_w0.6.pkl,3,100,70,0.6,0.8723764506684539,0.9449411584899893,0.9072100658461877,0.8670798898071626,0.9397860164219956,0.9019701492537313,15,8
1,236,dt_NOF_RFC_FOF_seed1_d3_s100_l70_w0.7.pkl,3,100,70,0.7,0.8723764506684539,0.9449411584899893,0.9072100658461877,0.8670798898071626,0.9397860164219956,0.9019701492537313,15,8
1,237,dt_NOF_RFC_FOF_seed1_d3_s100_l70_w0.8.pkl,3,100,70,0.8,0.8663177596007209,0.9550282744918234,0.9085126490258796,0.8620495495495496,0.9523513311769097,0.9049533041730701,15,8
1,238,dt_NOF_RFC_FOF_seed1_d3_s100_l70_w0.9.pkl,3,100,70,0.9,0.8663177596007209,0.9550282744918234,0.9085126490258796,0.8620495495495496,0.9523513311769097,0.9049533041730701,15,8
1,239,dt_NOF_RFC_FOF_seed1_d3_s100_l70_w1.0.pkl,3,100,70,1.0,0.8634862763981564,0.9592312394925875,0.9088440792093545,0.8598120384873573,0.9560836028862901,0.9053958529688972,15,8
1,240,dt_NOF_RFC_FOF_seed1_d4_s60_l40_w0.6.pkl,4,60,40,0.6,0.9084507042253521,0.8724209078404401,0.8900713366857678,0.8975283213182287,0.8673799452600149,0.8821966341895483,31,16
1,241,dt_NOF_RFC_FOF_seed1_d4_s60_l40_w0.7.pkl,4,60,40,0.7,0.8779837074454839,0.9430307198532784,0.9093454672733636,0.8717770840559602,0.9380442896242847,0.9036974890633427,31,16
1,242,dt_NOF_RFC_FOF_seed1_d4_s60_l40_w0.8.pkl,4,60,40,0.8,0.8706559665038381,0.9534235060369861,0.9101619492267289,0.8663866500170281,0.9494899228663847,0.9060366830889772,29,15
1,243,dt_NOF_RFC_FOF_seed1_d4_s60_l40_w0.9.pkl,4,60,40,0.9,0.8675123569873147,0.9589637780834479,0.91094858719126,0.864112676056338,0.9540930579746205,0.9068763672914326,29,15
1,244,dt_NOF_RFC_FOF_seed1_d4_s60_l40_w1.0.pkl,4,60,40,1.0,0.8663677130044843,0.959651535992664,0.9106268808237555,0.8626065500224316,0.9568300572281662,0.9072785183437537,29,15
1,245,dt_NOF_RFC_FOF_seed1_d4_s60_l50_w0.6.pkl,4,60,50,0.6,0.9084507042253521,0.8724209078404401,0.8900713366857678,0.8975283213182287,0.8673799452600149,0.8821966341895483,29,15
1,246,dt_NOF_RFC_FOF_seed1_d4_s60_l50_w0.7.pkl,4,60,50,0.7,0.8779837074454839,0.9430307198532784,0.9093454672733636,0.8717770840559602,0.9380442896242847,0.9036974890633427,29,15
1,247,dt_NOF_RFC_FOF_seed1_d4_s60_l50_w0.8.pkl,4,60,50,0.8,0.8706559665038381,0.9534235060369861,0.9101619492267289,0.8663866500170281,0.9494899228663847,0.9060366830889772,29,15
1,248,dt_NOF_RFC_FOF_seed1_d4_s60_l50_w0.9.pkl,4,60,50,0.9,0.8675123569873147,0.9589637780834479,0.91094858719126,0.864112676056338,0.9540930579746205,0.9068763672914326,29,15
1,249,dt_NOF_RFC_FOF_seed1_d4_s60_l50_w1.0.pkl,4,60,50,1.0,0.8663677130044843,0.959651535992664,0.9106268808237555,0.8626065500224316,0.9568300572281662,0.9072785183437537,29,15
1,250,dt_NOF_RFC_FOF_seed1_d4_s60_l60_w0.6.pkl,4,60,60,0.6,0.9084507042253521,0.8724209078404401,0.8900713366857678,0.8975283213182287,0.8673799452600149,0.8821966341895483,29,15
1,251,dt_NOF_RFC_FOF_seed1_d4_s60_l60_w0.7.pkl,4,60,60,0.7,0.8779837074454839,0.9430307198532784,0.9093454672733636,0.8717770840559602,0.9380442896242847,0.9036974890633427,29,15
1,252,dt_NOF_RFC_FOF_seed1_d4_s60_l60_w0.8.pkl,4,60,60,0.8,0.8706559665038381,0.9534235060369861,0.9101619492267289,0.8663866500170281,0.9494899228663847,0.9060366830889772,29,15
1,253,dt_NOF_RFC_FOF_seed1_d4_s60_l60_w0.9.pkl,4,60,60,0.9,0.8675123569873147,0.9589637780834479,0.91094858719126,0.864112676056338,0.9540930579746205,0.9068763672914326,29,15
1,254,dt_NOF_RFC_FOF_seed1_d4_s60_l60_w1.0.pkl,4,60,60,1.0,0.8663677130044843,0.959651535992664,0.9106268808237555,0.8626065500224316,0.9568300572281662,0.9072785183437537,29,15
1,255,dt_NOF_RFC_FOF_seed1_d4_s60_l70_w0.6.pkl,4,60,70,0.6,0.9084507042253521,0.8724209078404401,0.8900713366857678,0.8975283213182287,0.8673799452600149,0.8821966341895483,29,15
1,256,dt_NOF_RFC_FOF_seed1_d4_s60_l70_w0.7.pkl,4,60,70,0.7,0.8779837074454839,0.9430307198532784,0.9093454672733636,0.8717770840559602,0.9380442896242847,0.9036974890633427,29,15
1,257,dt_NOF_RFC_FOF_seed1_d4_s60_l70_w0.8.pkl,4,60,70,0.8,0.8706559665038381,0.9534235060369861,0.9101619492267289,0.8663866500170281,0.9494899228663847,0.9060366830889772,29,15
1,258,dt_NOF_RFC_FOF_seed1_d4_s60_l70_w0.9.pkl,4,60,70,0.9,0.8675123569873147,0.9589637780834479,0.91094858719126,0.864112676056338,0.9540930579746205,0.9068763672914326,29,15
1,259,dt_NOF_RFC_FOF_seed1_d4_s60_l70_w1.0.pkl,4,60,70,1.0,0.8663677130044843,0.959651535992664,0.9106268808237555,0.8626065500224316,0.9568300572281662,0.9072785183437537,29,15
1,260,dt_NOF_RFC_FOF_seed1_d4_s80_l40_w0.6.pkl,4,80,40,0.6,0.9084507042253521,0.8724209078404401,0.8900713366857678,0.8975283213182287,0.8673799452600149,0.8821966341895483,31,16
1,261,dt_NOF_RFC_FOF_seed1_d4_s80_l40_w0.7.pkl,4,80,40,0.7,0.8779837074454839,0.9430307198532784,0.9093454672733636,0.8717770840559602,0.9380442896242847,0.9036974890633427,31,16
1,262,dt_NOF_RFC_FOF_seed1_d4_s80_l40_w0.8.pkl,4,80,40,0.8,0.8706559665038381,0.9534235060369861,0.9101619492267289,0.8663866500170281,0.9494899228663847,0.9060366830889772,29,15
1,263,dt_NOF_RFC_FOF_seed1_d4_s80_l40_w0.9.pkl,4,80,40,0.9,0.8675123569873147,0.9589637780834479,0.91094858719126,0.864112676056338,0.9540930579746205,0.9068763672914326,29,15
1,264,dt_NOF_RFC_FOF_seed1_d4_s80_l40_w1.0.pkl,4,80,40,1.0,0.8663677130044843,0.959651535992664,0.9106268808237555,0.8626065500224316,0.9568300572281662,0.9072785183437537,29,15
1,265,dt_NOF_RFC_FOF_seed1_d4_s80_l50_w0.6.pkl,4,80,50,0.6,0.9084507042253521,0.8724209078404401,0.8900713366857678,0.8975283213182287,0.8673799452600149,0.8821966341895483,29,15
1,266,dt_NOF_RFC_FOF_seed1_d4_s80_l50_w0.7.pkl,4,80,50,0.7,0.8779837074454839,0.9430307198532784,0.9093454672733636,0.8717770840559602,0.9380442896242847,0.9036974890633427,29,15
1,267,dt_NOF_RFC_FOF_seed1_d4_s80_l50_w0.8.pkl,4,80,50,0.8,0.8706559665038381,0.9534235060369861,0.9101619492267289,0.8663866500170281,0.9494899228663847,0.9060366830889772,29,15
1,268,dt_NOF_RFC_FOF_seed1_d4_s80_l50_w0.9.pkl,4,80,50,0.9,0.8675123569873147,0.9589637780834479,0.91094858719126,0.864112676056338,0.9540930579746205,0.9068763672914326,29,15
1,269,dt_NOF_RFC_FOF_seed1_d4_s80_l50_w1.0.pkl,4,80,50,1.0,0.8663677130044843,0.959651535992664,0.9106268808237555,0.8626065500224316,0.9568300572281662,0.9072785183437537,29,15
1,270,dt_NOF_RFC_FOF_seed1_d4_s80_l60_w0.6.pkl,4,80,60,0.6,0.9084507042253521,0.8724209078404401,0.8900713366857678,0.8975283213182287,0.8673799452600149,0.8821966341895483,29,15
1,271,dt_NOF_RFC_FOF_seed1_d4_s80_l60_w0.7.pkl,4,80,60,0.7,0.8779837074454839,0.9430307198532784,0.9093454672733636,0.8717770840559602,0.9380442896242847,0.9036974890633427,29,15
1,272,dt_NOF_RFC_FOF_seed1_d4_s80_l60_w0.8.pkl,4,80,60,0.8,0.8706559665038381,0.9534235060369861,0.9101619492267289,0.8663866500170281,0.9494899228663847,0.9060366830889772,29,15
1,273,dt_NOF_RFC_FOF_seed1_d4_s80_l60_w0.9.pkl,4,80,60,0.9,0.8675123569873147,0.9589637780834479,0.91094858719126,0.864112676056338,0.9540930579746205,0.9068763672914326,29,15
1,274,dt_NOF_RFC_FOF_seed1_d4_s80_l60_w1.0.pkl,4,80,60,1.0,0.8663677130044843,0.959651535992664,0.9106268808237555,0.8626065500224316,0.9568300572281662,0.9072785183437537,29,15
1,275,dt_NOF_RFC_FOF_seed1_d4_s80_l70_w0.6.pkl,4,80,70,0.6,0.9084507042253521,0.8724209078404401,0.8900713366857678,0.8975283213182287,0.8673799452600149,0.8821966341895483,29,15
1,276,dt_NOF_RFC_FOF_seed1_d4_s80_l70_w0.7.pkl,4,80,70,0.7,0.8779837074454839,0.9430307198532784,0.9093454672733636,0.8717770840559602,0.9380442896242847,0.9036974890633427,29,15
1,277,dt_NOF_RFC_FOF_seed1_d4_s80_l70_w0.8.pkl,4,80,70,0.8,0.8706559665038381,0.9534235060369861,0.9101619492267289,0.8663866500170281,0.9494899228663847,0.9060366830889772,29,15
1,278,dt_NOF_RFC_FOF_seed1_d4_s80_l70_w0.9.pkl,4,80,70,0.9,0.8675123569873147,0.9589637780834479,0.91094858719126,0.864112676056338,0.9540930579746205,0.9068763672914326,29,15
1,279,dt_NOF_RFC_FOF_seed1_d4_s80_l70_w1.0.pkl,4,80,70,1.0,0.8663677130044843,0.959651535992664,0.9106268808237555,0.8626065500224316,0.9568300572281662,0.9072785183437537,29,15
1,280,dt_NOF_RFC_FOF_seed1_d4_s100_l40_w0.6.pkl,4,100,40,0.6,0.9084507042253521,0.8724209078404401,0.8900713366857678,0.8975283213182287,0.8673799452600149,0.8821966341895483,29,15
1,281,dt_NOF_RFC_FOF_seed1_d4_s100_l40_w0.7.pkl,4,100,40,0.7,0.8779837074454839,0.9430307198532784,0.9093454672733636,0.8717770840559602,0.9380442896242847,0.9036974890633427,29,15
1,282,dt_NOF_RFC_FOF_seed1_d4_s100_l40_w0.8.pkl,4,100,40,0.8,0.8706559665038381,0.9534235060369861,0.9101619492267289,0.8663866500170281,0.9494899228663847,0.9060366830889772,29,15
1,283,dt_NOF_RFC_FOF_seed1_d4_s100_l40_w0.9.pkl,4,100,40,0.9,0.8675123569873147,0.9589637780834479,0.91094858719126,0.864112676056338,0.9540930579746205,0.9068763672914326,29,15
1,284,dt_NOF_RFC_FOF_seed1_d4_s100_l40_w1.0.pkl,4,100,40,1.0,0.8663677130044843,0.959651535992664,0.9106268808237555,0.8626065500224316,0.9568300572281662,0.9072785183437537,29,15
1,285,dt_NOF_RFC_FOF_seed1_d4_s100_l50_w0.6.pkl,4,100,50,0.6,0.9084507042253521,0.8724209078404401,0.8900713366857678,0.8975283213182287,0.8673799452600149,0.8821966341895483,29,15
1,286,dt_NOF_RFC_FOF_seed1_d4_s100_l50_w0.7.pkl,4,100,50,0.7,0.8779837074454839,0.9430307198532784,0.9093454672733636,0.8717770840559602,0.9380442896242847,0.9036974890633427,29,15
1,287,dt_NOF_RFC_FOF_seed1_d4_s100_l50_w0.8.pkl,4,100,50,0.8,0.8706559665038381,0.9534235060369861,0.9101619492267289,0.8663866500170281,0.9494899228663847,0.9060366830889772,29,15
1,288,dt_NOF_RFC_FOF_seed1_d4_s100_l50_w0.9.pkl,4,100,50,0.9,0.8675123569873147,0.9589637780834479,0.91094858719126,0.864112676056338,0.9540930579746205,0.9068763672914326,29,15
1,289,dt_NOF_RFC_FOF_seed1_d4_s100_l50_w1.0.pkl,4,100,50,1.0,0.8663677130044843,0.959651535992664,0.9106268808237555,0.8626065500224316,0.9568300572281662,0.9072785183437537,29,15
1,290,dt_NOF_RFC_FOF_seed1_d4_s100_l60_w0.6.pkl,4,100,60,0.6,0.9084507042253521,0.8724209078404401,0.8900713366857678,0.8975283213182287,0.8673799452600149,0.8821966341895483,29,15
1,291,dt_NOF_RFC_FOF_seed1_d4_s100_l60_w0.7.pkl,4,100,60,0.7,0.8779837074454839,0.9430307198532784,0.9093454672733636,0.8717770840559602,0.9380442896242847,0.9036974890633427,29,15
1,292,dt_NOF_RFC_FOF_seed1_d4_s100_l60_w0.8.pkl,4,100,60,0.8,0.8706559665038381,0.9534235060369861,0.9101619492267289,0.8663866500170281,0.9494899228663847,0.9060366830889772,29,15
1,293,dt_NOF_RFC_FOF_seed1_d4_s100_l60_w0.9.pkl,4,100,60,0.9,0.8675123569873147,0.9589637780834479,0.91094858719126,0.864112676056338,0.9540930579746205,0.9068763672914326,29,15
1,294,dt_NOF_RFC_FOF_seed1_d4_s100_l60_w1.0.pkl,4,100,60,1.0,0.8663677130044843,0.959651535992664,0.9106268808237555,0.8626065500224316,0.9568300572281662,0.9072785183437537,29,15
1,295,dt_NOF_RFC_FOF_seed1_d4_s100_l70_w0.6.pkl,4,100,70,0.6,0.9084507042253521,0.8724209078404401,0.8900713366857678,0.8975283213182287,0.8673799452600149,0.8821966341895483,29,15
1,296,dt_NOF_RFC_FOF_seed1_d4_s100_l70_w0.7.pkl,4,100,70,0.7,0.8779837074454839,0.9430307198532784,0.9093454672733636,0.8717770840559602,0.9380442896242847,0.9036974890633427,29,15
1,297,dt_NOF_RFC_FOF_seed1_d4_s100_l70_w0.8.pkl,4,100,70,0.8,0.8706559665038381,0.9534235060369861,0.9101619492267289,0.8663866500170281,0.9494899228663847,0.9060366830889772,29,15
1,298,dt_NOF_RFC_FOF_seed1_d4_s100_l70_w0.9.pkl,4,100,70,0.9,0.8675123569873147,0.9589637780834479,0.91094858719126,0.864112676056338,0.9540930579746205,0.9068763672914326,29,15
1,299,dt_NOF_RFC_FOF_seed1_d4_s100_l70_w1.0.pkl,4,100,70,1.0,0.8663677130044843,0.959651535992664,0.9106268808237555,0.8626065500224316,0.9568300572281662,0.9072785183437537,29,15
1,300,dt_NOF_RFC_FOF_seed1_d5_s60_l40_w0.6.pkl,5,60,40,0.6,0.882037341726876,0.9422283356258597,0.9111398485128395,0.8719674985490423,0.9345608360288629,0.902179787425689,59,30
1,301,dt_NOF_RFC_FOF_seed1_d5_s60_l40_w0.7.pkl,5,60,40,0.7,0.882037341726876,0.9422283356258597,0.9111398485128395,0.8719674985490423,0.9345608360288629,0.902179787425689,59,30
1,302,dt_NOF_RFC_FOF_seed1_d5_s60_l40_w0.8.pkl,5,60,40,0.8,0.8737853897238728,0.9551811095827603,0.912672045562411,0.8667044809982983,0.9504851953222194,0.9066635020471133,57,29
1,303,dt_NOF_RFC_FOF_seed1_d5_s60_l40_w0.9.pkl,5,60,40,0.9,0.8737853897238728,0.9551811095827603,0.912672045562411,0.8667044809982983,0.9504851953222194,0.9066635020471133,57,29
1,304,dt_NOF_RFC_FOF_seed1_d5_s60_l40_w1.0.pkl,5,60,40,1.0,0.8676511083574281,0.9631285343114779,0.9129001883239172,0.8628154795288839,0.9569544662851456,0.9074500088479915,57,29
1,305,dt_NOF_RFC_FOF_seed1_d5_s60_l50_w0.6.pkl,5,60,50,0.6,0.8823318514269325,0.9403178969891487,0.9104024859425865,0.8720511330621732,0.9335655635730281,0.9017604999098721,55,28
1,306,dt_NOF_RFC_FOF_seed1_d5_s60_l50_w0.7.pkl,5,60,50,0.7,0.8814219364058592,0.9426486321259361,0.9110077175879768,0.8716521739130435,0.935307290370739,0.9023585188741523,55,28
1,307,dt_NOF_RFC_FOF_seed1_d5_s60_l50_w0.8.pkl,5,60,50,0.8,0.873467248908297,0.955333944673697,0.9125682062886654,0.8665004533091568,0.9512316496640956,0.9068912347289764,55,28
1,308,dt_NOF_RFC_FOF_seed1_d5_s60_l50_w0.9.pkl,5,60,50,0.9,0.873467248908297,0.955333944673697,0.9125682062886654,0.8665004533091568,0.9512316496640956,0.9068912347289764,55,28
1,309,dt_NOF_RFC_FOF_seed1_d5_s60_l50_w1.0.pkl,5,60,50,1.0,0.8674031247849129,0.9630521167660094,0.9127285895346732,0.8627956507118036,0.9575765115700423,0.9077186154844036,55,28
1,310,dt_NOF_RFC_FOF_seed1_d5_s60_l60_w0.6.pkl,5,60,60,0.6,0.8826233747575605,0.9389423811707168,0.9099122449735254,0.8730325288562435,0.9315750186613585,0.9013541980138429,53,27
1,311,dt_NOF_RFC_FOF_seed1_d5_s60_l60_w0.7.pkl,5,60,60,0.7,0.8817108088761632,0.9412731163075042,0.9105189237137788,0.8726299872048389,0.9333167454590694,0.9019537120529005,53,27
1,312,dt_NOF_RFC_FOF_seed1_d5_s60_l60_w0.8.pkl,5,60,60,0.8,0.8733629029441553,0.9554867797646339,0.9125809688896999,0.8662211146352514,0.9513560587210749,0.9067947349697616,55,28
1,313,dt_NOF_RFC_FOF_seed1_d5_s60_l60_w0.9.pkl,5,60,60,0.9,0.8733629029441553,0.9554867797646339,0.9125809688896999,0.8662211146352514,0.9513560587210749,0.9067947349697616,55,28
1,314,dt_NOF_RFC_FOF_seed1_d5_s60_l60_w1.0.pkl,5,60,60,1.0,0.8673020023395032,0.9632049518569463,0.9127412288641877,0.8625210084033613,0.9577009206270216,0.9076224724400165,55,28
1,315,dt_NOF_RFC_FOF_seed1_d5_s60_l70_w0.6.pkl,5,60,70,0.6,0.8825726290085107,0.9390570074889194,0.909939095503434,0.8730621284531996,0.9318238367753172,0.9014864295600891,53,27
1,316,dt_NOF_RFC_FOF_seed1_d5_s60_l70_w0.7.pkl,5,60,70,0.7,0.8816604043657184,0.9413877426257069,0.9105456695677883,0.8726596115827422,0.9335655635730281,0.9020857125683717,53,27
1,317,dt_NOF_RFC_FOF_seed1_d5_s60_l70_w0.8.pkl,5,60,70,0.8,0.8737531062965944,0.9538438025370625,0.9120435489468973,0.8680231897237695,0.9499875590943021,0.9071577071577072,53,27
1,318,dt_NOF_RFC_FOF_seed1_d5_s60_l70_w0.9.pkl,5,60,70,0.9,0.8737531062965944,0.9538438025370625,0.9120435489468973,0.8680231897237695,0.9499875590943021,0.9071577071577072,53,27
1,319,dt_NOF_RFC_FOF_seed1_d5_s60_l70_w1.0.pkl,5,60,70,1.0,0.8670542102366539,0.9631285343114779,0.912569690826153,0.8624860022396417,0.958198556854939,0.9078264969354078,53,27
1,320,dt_NOF_RFC_FOF_seed1_d5_s80_l40_w0.6.pkl,5,80,40,0.6,0.882037341726876,0.9422283356258597,0.9111398485128395,0.8719674985490423,0.9345608360288629,0.902179787425689,59,30
1,321,dt_NOF_RFC_FOF_seed1_d5_s80_l40_w0.7.pkl,5,80,40,0.7,0.882037341726876,0.9422283356258597,0.9111398485128395,0.8719674985490423,0.9345608360288629,0.902179787425689,59,30
1,322,dt_NOF_RFC_FOF_seed1_d5_s80_l40_w0.8.pkl,5,80,40,0.8,0.8737853897238728,0.9551811095827603,0.912672045562411,0.8667044809982983,0.9504851953222194,0.9066635020471133,57,29
1,323,dt_NOF_RFC_FOF_seed1_d5_s80_l40_w0.9.pkl,5,80,40,0.9,0.8737853897238728,0.9551811095827603,0.912672045562411,0.8667044809982983,0.9504851953222194,0.9066635020471133,57,29
1,324,dt_NOF_RFC_FOF_seed1_d5_s80_l40_w1.0.pkl,5,80,40,1.0,0.8676511083574281,0.9631285343114779,0.9129001883239172,0.8628154795288839,0.9569544662851456,0.9074500088479915,57,29
1,325,dt_NOF_RFC_FOF_seed1_d5_s80_l50_w0.6.pkl,5,80,50,0.6,0.8823318514269325,0.9403178969891487,0.9104024859425865,0.8720511330621732,0.9335655635730281,0.9017604999098721,55,28
1,326,dt_NOF_RFC_FOF_seed1_d5_s80_l50_w0.7.pkl,5,80,50,0.7,0.8814219364058592,0.9426486321259361,0.9110077175879768,0.8716521739130435,0.935307290370739,0.9023585188741523,55,28
1,327,dt_NOF_RFC_FOF_seed1_d5_s80_l50_w0.8.pkl,5,80,50,0.8,0.873467248908297,0.955333944673697,0.9125682062886654,0.8665004533091568,0.9512316496640956,0.9068912347289764,55,28
1,328,dt_NOF_RFC_FOF_seed1_d5_s80_l50_w0.9.pkl,5,80,50,0.9,0.873467248908297,0.955333944673697,0.9125682062886654,0.8665004533091568,0.9512316496640956,0.9068912347289764,55,28
1,329,dt_NOF_RFC_FOF_seed1_d5_s80_l50_w1.0.pkl,5,80,50,1.0,0.8674031247849129,0.9630521167660094,0.9127285895346732,0.8627956507118036,0.9575765115700423,0.9077186154844036,55,28
1,330,dt_NOF_RFC_FOF_seed1_d5_s80_l60_w0.6.pkl,5,80,60,0.6,0.8826233747575605,0.9389423811707168,0.9099122449735254,0.8730325288562435,0.9315750186613585,0.9013541980138429,53,27
1,331,dt_NOF_RFC_FOF_seed1_d5_s80_l60_w0.7.pkl,5,80,60,0.7,0.8817108088761632,0.9412731163075042,0.9105189237137788,0.8726299872048389,0.9333167454590694,0.9019537120529005,53,27
1,332,dt_NOF_RFC_FOF_seed1_d5_s80_l60_w0.8.pkl,5,80,60,0.8,0.8733629029441553,0.9554867797646339,0.9125809688896999,0.8662211146352514,0.9513560587210749,0.9067947349697616,55,28
1,333,dt_NOF_RFC_FOF_seed1_d5_s80_l60_w0.9.pkl,5,80,60,0.9,0.8733629029441553,0.9554867797646339,0.9125809688896999,0.8662211146352514,0.9513560587210749,0.9067947349697616,55,28
1,334,dt_NOF_RFC_FOF_seed1_d5_s80_l60_w1.0.pkl,5,80,60,1.0,0.8673020023395032,0.9632049518569463,0.9127412288641877,0.8625210084033613,0.9577009206270216,0.9076224724400165,55,28
1,335,dt_NOF_RFC_FOF_seed1_d5_s80_l70_w0.6.pkl,5,80,70,0.6,0.8825726290085107,0.9390570074889194,0.909939095503434,0.8730621284531996,0.9318238367753172,0.9014864295600891,53,27
1,336,dt_NOF_RFC_FOF_seed1_d5_s80_l70_w0.7.pkl,5,80,70,0.7,0.8816604043657184,0.9413877426257069,0.9105456695677883,0.8726596115827422,0.9335655635730281,0.9020857125683717,53,27
1,337,dt_NOF_RFC_FOF_seed1_d5_s80_l70_w0.8.pkl,5,80,70,0.8,0.8737531062965944,0.9538438025370625,0.9120435489468973,0.8680231897237695,0.9499875590943021,0.9071577071577072,53,27
1,338,dt_NOF_RFC_FOF_seed1_d5_s80_l70_w0.9.pkl,5,80,70,0.9,0.8737531062965944,0.9538438025370625,0.9120435489468973,0.8680231897237695,0.9499875590943021,0.9071577071577072,53,27
1,339,dt_NOF_RFC_FOF_seed1_d5_s80_l70_w1.0.pkl,5,80,70,1.0,0.8670542102366539,0.9631285343114779,0.912569690826153,0.8624860022396417,0.958198556854939,0.9078264969354078,53,27
1,340,dt_NOF_RFC_FOF_seed1_d5_s100_l40_w0.6.pkl,5,100,40,0.6,0.8821885413307535,0.9407381934892252,0.9105231042325401,0.8719349215572342,0.9334411545160488,0.9016403292675599,55,28
1,341,dt_NOF_RFC_FOF_seed1_d5_s100_l40_w0.7.pkl,5,100,40,0.7,0.88127968007998,0.9430689286260125,0.911127927794902,0.8715362318840579,0.9351828813137596,0.9022384924683431,55,28
1,342,dt_NOF_RFC_FOF_seed1_d5_s100_l40_w0.8.pkl,5,100,40,0.8,0.8730590739383789,0.9560217025829131,0.9126588973390964,0.8662889518413598,0.9511072406071162,0.9067188519243313,55,28
1,343,dt_NOF_RFC_FOF_seed1_d5_s100_l40_w0.9.pkl,5,100,40,0.9,0.8730590739383789,0.9560217025829131,0.9126588973390964,0.8662889518413598,0.9511072406071162,0.9067188519243313,55,28
1,344,dt_NOF_RFC_FOF_seed1_d5_s100_l40_w1.0.pkl,5,100,40,1.0,0.8670081121957927,0.9637398746752255,0.9128184713375797,0.8625868639318538,0.9574521025130629,0.9075471698113208,55,28
1,345,dt_NOF_RFC_FOF_seed1_d5_s100_l50_w0.6.pkl,5,100,50,0.6,0.8823318514269325,0.9403178969891487,0.9104024859425865,0.8720511330621732,0.9335655635730281,0.9017604999098721,55,28
1,346,dt_NOF_RFC_FOF_seed1_d5_s100_l50_w0.7.pkl,5,100,50,0.7,0.8814219364058592,0.9426486321259361,0.9110077175879768,0.8716521739130435,0.935307290370739,0.9023585188741523,55,28
1,347,dt_NOF_RFC_FOF_seed1_d5_s100_l50_w0.8.pkl,5,100,50,0.8,0.873467248908297,0.955333944673697,0.9125682062886654,0.8665004533091568,0.9512316496640956,0.9068912347289764,55,28
1,348,dt_NOF_RFC_FOF_seed1_d5_s100_l50_w0.9.pkl,5,100,50,0.9,0.873467248908297,0.955333944673697,0.9125682062886654,0.8665004533091568,0.9512316496640956,0.9068912347289764,55,28
1,349,dt_NOF_RFC_FOF_seed1_d5_s100_l50_w1.0.pkl,5,100,50,1.0,0.8674031247849129,0.9630521167660094,0.9127285895346732,0.8627956507118036,0.9575765115700423,0.9077186154844036,55,28
1,350,dt_NOF_RFC_FOF_seed1_d5_s100_l60_w0.6.pkl,5,100,60,0.6,0.8826233747575605,0.9389423811707168,0.9099122449735254,0.8730325288562435,0.9315750186613585,0.9013541980138429,53,27
1,351,dt_NOF_RFC_FOF_seed1_d5_s100_l60_w0.7.pkl,5,100,60,0.7,0.8817108088761632,0.9412731163075042,0.9105189237137788,0.8726299872048389,0.9333167454590694,0.9019537120529005,53,27
1,352,dt_NOF_RFC_FOF_seed1_d5_s100_l60_w0.8.pkl,5,100,60,0.8,0.8733629029441553,0.9554867797646339,0.9125809688896999,0.8662211146352514,0.9513560587210749,0.9067947349697616,55,28
1,353,dt_NOF_RFC_FOF_seed1_d5_s100_l60_w0.9.pkl,5,100,60,0.9,0.8733629029441553,0.9554867797646339,0.9125809688896999,0.8662211146352514,0.9513560587210749,0.9067947349697616,55,28
1,354,dt_NOF_RFC_FOF_seed1_d5_s100_l60_w1.0.pkl,5,100,60,1.0,0.8673020023395032,0.9632049518569463,0.9127412288641877,0.8625210084033613,0.9577009206270216,0.9076224724400165,55,28
1,355,dt_NOF_RFC_FOF_seed1_d5_s100_l70_w0.6.pkl,5,100,70,0.6,0.8825726290085107,0.9390570074889194,0.909939095503434,0.8730621284531996,0.9318238367753172,0.9014864295600891,53,27
1,356,dt_NOF_RFC_FOF_seed1_d5_s100_l70_w0.7.pkl,5,100,70,0.7,0.8816604043657184,0.9413877426257069,0.9105456695677883,0.8726596115827422,0.9335655635730281,0.9020857125683717,53,27
1,357,dt_NOF_RFC_FOF_seed1_d5_s100_l70_w0.8.pkl,5,100,70,0.8,0.8737531062965944,0.9538438025370625,0.9120435489468973,0.8680231897237695,0.9499875590943021,0.9071577071577072,53,27
1,358,dt_NOF_RFC_FOF_seed1_d5_s100_l70_w0.9.pkl,5,100,70,0.9,0.8737531062965944,0.9538438025370625,0.9120435489468973,0.8680231897237695,0.9499875590943021,0.9071577071577072,53,27
1,359,dt_NOF_RFC_FOF_seed1_d5_s100_l70_w1.0.pkl,5,100,70,1.0,0.8670542102366539,0.9631285343114779,0.912569690826153,0.8624860022396417,0.958198556854939,0.9078264969354078,53,27
2,360,dt_NOF_RFC_FOF_seed2_d3_s60_l40_w0.6.pkl,3,60,40,0.6,0.878833546831437,0.9358099975928749,0.9064272946296728,0.8576775337338718,0.9379577768203361,0.8960230488244071,15,8
2,361,dt_NOF_RFC_FOF_seed2_d3_s60_l40_w0.7.pkl,3,60,40,0.7,0.8752794753316441,0.9423493540881008,0.9075769869788648,0.853495145631068,0.9468978888410168,0.8977736928104575,15,8
2,362,dt_NOF_RFC_FOF_seed2_d3_s60_l40_w0.8.pkl,3,60,40,0.8,0.8752794753316441,0.9423493540881008,0.9075769869788648,0.853495145631068,0.9468978888410168,0.8977736928104575,15,8
2,363,dt_NOF_RFC_FOF_seed2_d3_s60_l40_w0.9.pkl,3,60,40,0.9,0.874539706155849,0.9432720853727032,0.907606492829708,0.8527446993900668,0.9487289961223611,0.8981797787181971,15,8
2,364,dt_NOF_RFC_FOF_seed2_d3_s60_l40_w1.0.pkl,3,60,40,1.0,0.874539706155849,0.9432720853727032,0.907606492829708,0.8527446993900668,0.9487289961223611,0.8981797787181971,15,8
2,365,dt_NOF_RFC_FOF_seed2_d3_s60_l50_w0.6.pkl,3,60,50,0.6,0.878833546831437,0.9358099975928749,0.9064272946296728,0.8576775337338718,0.9379577768203361,0.8960230488244071,15,8
2,366,dt_NOF_RFC_FOF_seed2_d3_s60_l50_w0.7.pkl,3,60,50,0.7,0.8752794753316441,0.9423493540881008,0.9075769869788648,0.853495145631068,0.9468978888410168,0.8977736928104575,15,8
2,367,dt_NOF_RFC_FOF_seed2_d3_s60_l50_w0.8.pkl,3,60,50,0.8,0.8752794753316441,0.9423493540881008,0.9075769869788648,0.853495145631068,0.9468978888410168,0.8977736928104575,15,8
2,368,dt_NOF_RFC_FOF_seed2_d3_s60_l50_w0.9.pkl,3,60,50,0.9,0.874539706155849,0.9432720853727032,0.907606492829708,0.8527446993900668,0.9487289961223611,0.8981797787181971,15,8
2,369,dt_NOF_RFC_FOF_seed2_d3_s60_l50_w1.0.pkl,3,60,50,1.0,0.874539706155849,0.9432720853727032,0.907606492829708,0.8527446993900668,0.9487289961223611,0.8981797787181971,15,8
2,370,dt_NOF_RFC_FOF_seed2_d3_s60_l60_w0.6.pkl,3,60,60,0.6,0.878833546831437,0.9358099975928749,0.9064272946296728,0.8576775337338718,0.9379577768203361,0.8960230488244071,15,8
2,371,dt_NOF_RFC_FOF_seed2_d3_s60_l60_w0.7.pkl,3,60,60,0.7,0.8752794753316441,0.9423493540881008,0.9075769869788648,0.853495145631068,0.9468978888410168,0.8977736928104575,15,8
2,372,dt_NOF_RFC_FOF_seed2_d3_s60_l60_w0.8.pkl,3,60,60,0.8,0.8752794753316441,0.9423493540881008,0.9075769869788648,0.853495145631068,0.9468978888410168,0.8977736928104575,15,8
2,373,dt_NOF_RFC_FOF_seed2_d3_s60_l60_w0.9.pkl,3,60,60,0.9,0.874539706155849,0.9432720853727032,0.907606492829708,0.8527446993900668,0.9487289961223611,0.8981797787181971,15,8
2,374,dt_NOF_RFC_FOF_seed2_d3_s60_l60_w1.0.pkl,3,60,60,1.0,0.874539706155849,0.9432720853727032,0.907606492829708,0.8527446993900668,0.9487289961223611,0.8981797787181971,15,8
2,375,dt_NOF_RFC_FOF_seed2_d3_s60_l70_w0.6.pkl,3,60,70,0.6,0.878833546831437,0.9358099975928749,0.9064272946296728,0.8576775337338718,0.9379577768203361,0.8960230488244071,15,8
2,376,dt_NOF_RFC_FOF_seed2_d3_s60_l70_w0.7.pkl,3,60,70,0.7,0.8752794753316441,0.9423493540881008,0.9075769869788648,0.853495145631068,0.9468978888410168,0.8977736928104575,15,8
2,377,dt_NOF_RFC_FOF_seed2_d3_s60_l70_w0.8.pkl,3,60,70,0.8,0.8752794753316441,0.9423493540881008,0.9075769869788648,0.853495145631068,0.9468978888410168,0.8977736928104575,15,8
2,378,dt_NOF_RFC_FOF_seed2_d3_s60_l70_w0.9.pkl,3,60,70,0.9,0.874488657493492,0.9433924416272166,0.9076347074262776,0.8527589545014521,0.9488367083153812,0.8982359539104721,15,8
2,379,dt_NOF_RFC_FOF_seed2_d3_s60_l70_w1.0.pkl,3,60,70,1.0,0.874488657493492,0.9433924416272166,0.9076347074262776,0.8527589545014521,0.9488367083153812,0.8982359539104721,15,8
2,380,dt_NOF_RFC_FOF_seed2_d3_s80_l40_w0.6.pkl,3,80,40,0.6,0.878833546831437,0.9358099975928749,0.9064272946296728,0.8576775337338718,0.9379577768203361,0.8960230488244071,15,8
2,381,dt_NOF_RFC_FOF_seed2_d3_s80_l40_w0.7.pkl,3,80,40,0.7,0.8752794753316441,0.9423493540881008,0.9075769869788648,0.853495145631068,0.9468978888410168,0.8977736928104575,15,8
2,382,dt_NOF_RFC_FOF_seed2_d3_s80_l40_w0.8.pkl,3,80,40,0.8,0.8752794753316441,0.9423493540881008,0.9075769869788648,0.853495145631068,0.9468978888410168,0.8977736928104575,15,8
2,383,dt_NOF_RFC_FOF_seed2_d3_s80_l40_w0.9.pkl,3,80,40,0.9,0.874539706155849,0.9432720853727032,0.907606492829708,0.8527446993900668,0.9487289961223611,0.8981797787181971,15,8
2,384,dt_NOF_RFC_FOF_seed2_d3_s80_l40_w1.0.pkl,3,80,40,1.0,0.874539706155849,0.9432720853727032,0.907606492829708,0.8527446993900668,0.9487289961223611,0.8981797787181971,15,8
2,385,dt_NOF_RFC_FOF_seed2_d3_s80_l50_w0.6.pkl,3,80,50,0.6,0.878833546831437,0.9358099975928749,0.9064272946296728,0.8576775337338718,0.9379577768203361,0.8960230488244071,15,8
2,386,dt_NOF_RFC_FOF_seed2_d3_s80_l50_w0.7.pkl,3,80,50,0.7,0.8752794753316441,0.9423493540881008,0.9075769869788648,0.853495145631068,0.9468978888410168,0.8977736928104575,15,8
2,387,dt_NOF_RFC_FOF_seed2_d3_s80_l50_w0.8.pkl,3,80,50,0.8,0.8752794753316441,0.9423493540881008,0.9075769869788648,0.853495145631068,0.9468978888410168,0.8977736928104575,15,8
2,388,dt_NOF_RFC_FOF_seed2_d3_s80_l50_w0.9.pkl,3,80,50,0.9,0.874539706155849,0.9432720853727032,0.907606492829708,0.8527446993900668,0.9487289961223611,0.8981797787181971,15,8
2,389,dt_NOF_RFC_FOF_seed2_d3_s80_l50_w1.0.pkl,3,80,50,1.0,0.874539706155849,0.9432720853727032,0.907606492829708,0.8527446993900668,0.9487289961223611,0.8981797787181971,15,8
2,390,dt_NOF_RFC_FOF_seed2_d3_s80_l60_w0.6.pkl,3,80,60,0.6,0.878833546831437,0.9358099975928749,0.9064272946296728,0.8576775337338718,0.9379577768203361,0.8960230488244071,15,8
2,391,dt_NOF_RFC_FOF_seed2_d3_s80_l60_w0.7.pkl,3,80,60,0.7,0.8752794753316441,0.9423493540881008,0.9075769869788648,0.853495145631068,0.9468978888410168,0.8977736928104575,15,8
2,392,dt_NOF_RFC_FOF_seed2_d3_s80_l60_w0.8.pkl,3,80,60,0.8,0.8752794753316441,0.9423493540881008,0.9075769869788648,0.853495145631068,0.9468978888410168,0.8977736928104575,15,8
2,393,dt_NOF_RFC_FOF_seed2_d3_s80_l60_w0.9.pkl,3,80,60,0.9,0.874539706155849,0.9432720853727032,0.907606492829708,0.8527446993900668,0.9487289961223611,0.8981797787181971,15,8
2,394,dt_NOF_RFC_FOF_seed2_d3_s80_l60_w1.0.pkl,3,80,60,1.0,0.874539706155849,0.9432720853727032,0.907606492829708,0.8527446993900668,0.9487289961223611,0.8981797787181971,15,8
2,395,dt_NOF_RFC_FOF_seed2_d3_s80_l70_w0.6.pkl,3,80,70,0.6,0.878833546831437,0.9358099975928749,0.9064272946296728,0.8576775337338718,0.9379577768203361,0.8960230488244071,15,8
2,396,dt_NOF_RFC_FOF_seed2_d3_s80_l70_w0.7.pkl,3,80,70,0.7,0.8752794753316441,0.9423493540881008,0.9075769869788648,0.853495145631068,0.9468978888410168,0.8977736928104575,15,8
2,397,dt_NOF_RFC_FOF_seed2_d3_s80_l70_w0.8.pkl,3,80,70,0.8,0.8752794753316441,0.9423493540881008,0.9075769869788648,0.853495145631068,0.9468978888410168,0.8977736928104575,15,8
2,398,dt_NOF_RFC_FOF_seed2_d3_s80_l70_w0.9.pkl,3,80,70,0.9,0.874488657493492,0.9433924416272166,0.9076347074262776,0.8527589545014521,0.9488367083153812,0.8982359539104721,15,8
2,399,dt_NOF_RFC_FOF_seed2_d3_s80_l70_w1.0.pkl,3,80,70,1.0,0.874488657493492,0.9433924416272166,0.9076347074262776,0.8527589545014521,0.9488367083153812,0.8982359539104721,15,8
2,400,dt_NOF_RFC_FOF_seed2_d3_s100_l40_w0.6.pkl,3,100,40,0.6,0.878833546831437,0.9358099975928749,0.9064272946296728,0.8576775337338718,0.9379577768203361,0.8960230488244071,15,8
2,401,dt_NOF_RFC_FOF_seed2_d3_s100_l40_w0.7.pkl,3,100,40,0.7,0.8752794753316441,0.9423493540881008,0.9075769869788648,0.853495145631068,0.9468978888410168,0.8977736928104575,15,8
2,402,dt_NOF_RFC_FOF_seed2_d3_s100_l40_w0.8.pkl,3,100,40,0.8,0.8752794753316441,0.9423493540881008,0.9075769869788648,0.853495145631068,0.9468978888410168,0.8977736928104575,15,8
2,403,dt_NOF_RFC_FOF_seed2_d3_s100_l40_w0.9.pkl,3,100,40,0.9,0.874539706155849,0.9432720853727032,0.907606492829708,0.8527446993900668,0.9487289961223611,0.8981797787181971,15,8
2,404,dt_NOF_RFC_FOF_seed2_d3_s100_l40_w1.0.pkl,3,100,40,1.0,0.874539706155849,0.9432720853727032,0.907606492829708,0.8527446993900668,0.9487289961223611,0.8981797787181971,15,8
2,405,dt_NOF_RFC_FOF_seed2_d3_s100_l50_w0.6.pkl,3,100,50,0.6,0.878833546831437,0.9358099975928749,0.9064272946296728,0.8576775337338718,0.9379577768203361,0.8960230488244071,15,8
2,406,dt_NOF_RFC_FOF_seed2_d3_s100_l50_w0.7.pkl,3,100,50,0.7,0.8752794753316441,0.9423493540881008,0.9075769869788648,0.853495145631068,0.9468978888410168,0.8977736928104575,15,8
2,407,dt_NOF_RFC_FOF_seed2_d3_s100_l50_w0.8.pkl,3,100,50,0.8,0.8752794753316441,0.9423493540881008,0.9075769869788648,0.853495145631068,0.9468978888410168,0.8977736928104575,15,8
2,408,dt_NOF_RFC_FOF_seed2_d3_s100_l50_w0.9.pkl,3,100,50,0.9,0.874539706155849,0.9432720853727032,0.907606492829708,0.8527446993900668,0.9487289961223611,0.8981797787181971,15,8
2,409,dt_NOF_RFC_FOF_seed2_d3_s100_l50_w1.0.pkl,3,100,50,1.0,0.874539706155849,0.9432720853727032,0.907606492829708,0.8527446993900668,0.9487289961223611,0.8981797787181971,15,8
2,410,dt_NOF_RFC_FOF_seed2_d3_s100_l60_w0.6.pkl,3,100,60,0.6,0.878833546831437,0.9358099975928749,0.9064272946296728,0.8576775337338718,0.9379577768203361,0.8960230488244071,15,8
2,411,dt_NOF_RFC_FOF_seed2_d3_s100_l60_w0.7.pkl,3,100,60,0.7,0.8752794753316441,0.9423493540881008,0.9075769869788648,0.853495145631068,0.9468978888410168,0.8977736928104575,15,8
2,412,dt_NOF_RFC_FOF_seed2_d3_s100_l60_w0.8.pkl,3,100,60,0.8,0.8752794753316441,0.9423493540881008,0.9075769869788648,0.853495145631068,0.9468978888410168,0.8977736928104575,15,8
2,413,dt_NOF_RFC_FOF_seed2_d3_s100_l60_w0.9.pkl,3,100,60,0.9,0.874539706155849,0.9432720853727032,0.907606492829708,0.8527446993900668,0.9487289961223611,0.8981797787181971,15,8
2,414,dt_NOF_RFC_FOF_seed2_d3_s100_l60_w1.0.pkl,3,100,60,1.0,0.874539706155849,0.9432720853727032,0.907606492829708,0.8527446993900668,0.9487289961223611,0.8981797787181971,15,8
2,415,dt_NOF_RFC_FOF_seed2_d3_s100_l70_w0.6.pkl,3,100,70,0.6,0.878833546831437,0.9358099975928749,0.9064272946296728,0.8576775337338718,0.9379577768203361,0.8960230488244071,15,8
2,416,dt_NOF_RFC_FOF_seed2_d3_s100_l70_w0.7.pkl,3,100,70,0.7,0.8752794753316441,0.9423493540881008,0.9075769869788648,0.853495145631068,0.9468978888410168,0.8977736928104575,15,8
2,417,dt_NOF_RFC_FOF_seed2_d3_s100_l70_w0.8.pkl,3,100,70,0.8,0.8752794753316441,0.9423493540881008,0.9075769869788648,0.853495145631068,0.9468978888410168,0.8977736928104575,15,8
2,418,dt_NOF_RFC_FOF_seed2_d3_s100_l70_w0.9.pkl,3,100,70,0.9,0.874488657493492,0.9433924416272166,0.9076347074262776,0.8527589545014521,0.9488367083153812,0.8982359539104721,15,8
2,419,dt_NOF_RFC_FOF_seed2_d3_s100_l70_w1.0.pkl,3,100,70,1.0,0.874488657493492,0.9433924416272166,0.9076347074262776,0.8527589545014521,0.9488367083153812,0.8982359539104721,15,8
2,420,dt_NOF_RFC_FOF_seed2_d4_s60_l40_w0.6.pkl,4,60,40,0.6,0.8922047952438691,0.9151488405680815,0.9035311825401541,0.8685720139315714,0.9132916846186988,0.8903706815079282,31,16
2,421,dt_NOF_RFC_FOF_seed2_d4_s60_l40_w0.7.pkl,4,60,40,0.7,0.8893918291550603,0.9222899783358742,0.9055422066411943,0.8640747438215792,0.9264325721671693,0.8941677929098659,29,15
2,422,dt_NOF_RFC_FOF_seed2_d4_s60_l40_w0.8.pkl,4,60,40,0.8,0.8838293838862559,0.9352082163203081,0.9087932009122629,0.8590689892727094,0.9402197328737613,0.8978143481614811,29,15
2,423,dt_NOF_RFC_FOF_seed2_d4_s60_l40_w0.9.pkl,4,60,40,0.9,0.8833977126410665,0.9358501163443793,0.9088677627990337,0.859519590470565,0.9404351572598018,0.8981586256557967,29,15
2,424,dt_NOF_RFC_FOF_seed2_d4_s60_l40_w1.0.pkl,4,60,40,1.0,0.8716350033008142,0.9534622482548343,0.9107142857142857,0.8493019697838975,0.9566996984058596,0.8998075169688988,29,15
2,425,dt_NOF_RFC_FOF_seed2_d4_s60_l50_w0.6.pkl,4,60,50,0.6,0.8922047952438691,0.9151488405680815,0.9035311825401541,0.8685720139315714,0.9132916846186988,0.8903706815079282,29,15
2,426,dt_NOF_RFC_FOF_seed2_d4_s60_l50_w0.7.pkl,4,60,50,0.7,0.8893918291550603,0.9222899783358742,0.9055422066411943,0.8640747438215792,0.9264325721671693,0.8941677929098659,29,15
2,427,dt_NOF_RFC_FOF_seed2_d4_s60_l50_w0.8.pkl,4,60,50,0.8,0.8838293838862559,0.9352082163203081,0.9087932009122629,0.8590689892727094,0.9402197328737613,0.8978143481614811,29,15
2,428,dt_NOF_RFC_FOF_seed2_d4_s60_l50_w0.9.pkl,4,60,50,0.9,0.8833977126410665,0.9358501163443793,0.9088677627990337,0.859519590470565,0.9404351572598018,0.8981586256557967,29,15
2,429,dt_NOF_RFC_FOF_seed2_d4_s60_l50_w1.0.pkl,4,60,50,1.0,0.8716350033008142,0.9534622482548343,0.9107142857142857,0.8493019697838975,0.9566996984058596,0.8998075169688988,29,15
2,430,dt_NOF_RFC_FOF_seed2_d4_s60_l60_w0.6.pkl,4,60,60,0.6,0.8922047952438691,0.9151488405680815,0.9035311825401541,0.8685720139315714,0.9132916846186988,0.8903706815079282,29,15
2,431,dt_NOF_RFC_FOF_seed2_d4_s60_l60_w0.7.pkl,4,60,60,0.7,0.8893918291550603,0.9222899783358742,0.9055422066411943,0.8640747438215792,0.9264325721671693,0.8941677929098659,29,15
2,432,dt_NOF_RFC_FOF_seed2_d4_s60_l60_w0.8.pkl,4,60,60,0.8,0.8838293838862559,0.9352082163203081,0.9087932009122629,0.8590689892727094,0.9402197328737613,0.8978143481614811,29,15
2,433,dt_NOF_RFC_FOF_seed2_d4_s60_l60_w0.9.pkl,4,60,60,0.9,0.8833977126410665,0.9358501163443793,0.9088677627990337,0.859519590470565,0.9404351572598018,0.8981586256557967,29,15
2,434,dt_NOF_RFC_FOF_seed2_d4_s60_l60_w1.0.pkl,4,60,60,1.0,0.8716350033008142,0.9534622482548343,0.9107142857142857,0.8493019697838975,0.9566996984058596,0.8998075169688988,29,15
2,435,dt_NOF_RFC_FOF_seed2_d4_s60_l70_w0.6.pkl,4,60,70,0.6,0.8922047952438691,0.9151488405680815,0.9035311825401541,0.8685720139315714,0.9132916846186988,0.8903706815079282,29,15
2,436,dt_NOF_RFC_FOF_seed2_d4_s60_l70_w0.7.pkl,4,60,70,0.7,0.8893918291550603,0.9222899783358742,0.9055422066411943,0.8640747438215792,0.9264325721671693,0.8941677929098659,29,15
2,437,dt_NOF_RFC_FOF_seed2_d4_s60_l70_w0.8.pkl,4,60,70,0.8,0.8838293838862559,0.9352082163203081,0.9087932009122629,0.8590689892727094,0.9402197328737613,0.8978143481614811,29,15
2,438,dt_NOF_RFC_FOF_seed2_d4_s60_l70_w0.9.pkl,4,60,70,0.9,0.8833440611866268,0.9359704725988928,0.9088961178097669,0.8595334186435672,0.9405428694528221,0.8982152959934167,29,15
2,439,dt_NOF_RFC_FOF_seed2_d4_s60_l70_w1.0.pkl,4,60,70,1.0,0.871585200396025,0.9535826045093476,0.910741996666475,0.8493163782388373,0.9568074105988797,0.8998632426682875,29,15
2,440,dt_NOF_RFC_FOF_seed2_d4_s80_l40_w0.6.pkl,4,80,40,0.6,0.8922047952438691,0.9151488405680815,0.9035311825401541,0.8685720139315714,0.9132916846186988,0.8903706815079282,31,16
2,441,dt_NOF_RFC_FOF_seed2_d4_s80_l40_w0.7.pkl,4,80,40,0.7,0.8893918291550603,0.9222899783358742,0.9055422066411943,0.8640747438215792,0.9264325721671693,0.8941677929098659,29,15
2,442,dt_NOF_RFC_FOF_seed2_d4_s80_l40_w0.8.pkl,4,80,40,0.8,0.8838293838862559,0.9352082163203081,0.9087932009122629,0.8590689892727094,0.9402197328737613,0.8978143481614811,29,15
2,443,dt_NOF_RFC_FOF_seed2_d4_s80_l40_w0.9.pkl,4,80,40,0.9,0.8833977126410665,0.9358501163443793,0.9088677627990337,0.859519590470565,0.9404351572598018,0.8981586256557967,29,15
2,444,dt_NOF_RFC_FOF_seed2_d4_s80_l40_w1.0.pkl,4,80,40,1.0,0.8716350033008142,0.9534622482548343,0.9107142857142857,0.8493019697838975,0.9566996984058596,0.8998075169688988,29,15
2,445,dt_NOF_RFC_FOF_seed2_d4_s80_l50_w0.6.pkl,4,80,50,0.6,0.8922047952438691,0.9151488405680815,0.9035311825401541,0.8685720139315714,0.9132916846186988,0.8903706815079282,29,15
2,446,dt_NOF_RFC_FOF_seed2_d4_s80_l50_w0.7.pkl,4,80,50,0.7,0.8893918291550603,0.9222899783358742,0.9055422066411943,0.8640747438215792,0.9264325721671693,0.8941677929098659,29,15
2,447,dt_NOF_RFC_FOF_seed2_d4_s80_l50_w0.8.pkl,4,80,50,0.8,0.8838293838862559,0.9352082163203081,0.9087932009122629,0.8590689892727094,0.9402197328737613,0.8978143481614811,29,15
2,448,dt_NOF_RFC_FOF_seed2_d4_s80_l50_w0.9.pkl,4,80,50,0.9,0.8833977126410665,0.9358501163443793,0.9088677627990337,0.859519590470565,0.9404351572598018,0.8981586256557967,29,15
2,449,dt_NOF_RFC_FOF_seed2_d4_s80_l50_w1.0.pkl,4,80,50,1.0,0.8716350033008142,0.9534622482548343,0.9107142857142857,0.8493019697838975,0.9566996984058596,0.8998075169688988,29,15
2,450,dt_NOF_RFC_FOF_seed2_d4_s80_l60_w0.6.pkl,4,80,60,0.6,0.8922047952438691,0.9151488405680815,0.9035311825401541,0.8685720139315714,0.9132916846186988,0.8903706815079282,29,15
2,451,dt_NOF_RFC_FOF_seed2_d4_s80_l60_w0.7.pkl,4,80,60,0.7,0.8893918291550603,0.9222899783358742,0.9055422066411943,0.8640747438215792,0.9264325721671693,0.8941677929098659,29,15
2,452,dt_NOF_RFC_FOF_seed2_d4_s80_l60_w0.8.pkl,4,80,60,0.8,0.8838293838862559,0.9352082163203081,0.9087932009122629,0.8590689892727094,0.9402197328737613,0.8978143481614811,29,15
2,453,dt_NOF_RFC_FOF_seed2_d4_s80_l60_w0.9.pkl,4,80,60,0.9,0.8833977126410665,0.9358501163443793,0.9088677627990337,0.859519590470565,0.9404351572598018,0.8981586256557967,29,15
2,454,dt_NOF_RFC_FOF_seed2_d4_s80_l60_w1.0.pkl,4,80,60,1.0,0.8716350033008142,0.9534622482548343,0.9107142857142857,0.8493019697838975,0.9566996984058596,0.8998075169688988,29,15
2,455,dt_NOF_RFC_FOF_seed2_d4_s80_l70_w0.6.pkl,4,80,70,0.6,0.8922047952438691,0.9151488405680815,0.9035311825401541,0.8685720139315714,0.9132916846186988,0.8903706815079282,29,15
2,456,dt_NOF_RFC_FOF_seed2_d4_s80_l70_w0.7.pkl,4,80,70,0.7,0.8893918291550603,0.9222899783358742,0.9055422066411943,0.8640747438215792,0.9264325721671693,0.8941677929098659,29,15
2,457,dt_NOF_RFC_FOF_seed2_d4_s80_l70_w0.8.pkl,4,80,70,0.8,0.8838293838862559,0.9352082163203081,0.9087932009122629,0.8590689892727094,0.9402197328737613,0.8978143481614811,29,15
2,458,dt_NOF_RFC_FOF_seed2_d4_s80_l70_w0.9.pkl,4,80,70,0.9,0.8833440611866268,0.9359704725988928,0.9088961178097669,0.8595334186435672,0.9405428694528221,0.8982152959934167,29,15
2,459,dt_NOF_RFC_FOF_seed2_d4_s80_l70_w1.0.pkl,4,80,70,1.0,0.871585200396025,0.9535826045093476,0.910741996666475,0.8493163782388373,0.9568074105988797,0.8998632426682875,29,15
2,460,dt_NOF_RFC_FOF_seed2_d4_s100_l40_w0.6.pkl,4,100,40,0.6,0.8922047952438691,0.9151488405680815,0.9035311825401541,0.8685720139315714,0.9132916846186988,0.8903706815079282,29,15
2,461,dt_NOF_RFC_FOF_seed2_d4_s100_l40_w0.7.pkl,4,100,40,0.7,0.8893918291550603,0.9222899783358742,0.9055422066411943,0.8640747438215792,0.9264325721671693,0.8941677929098659,29,15
2,462,dt_NOF_RFC_FOF_seed2_d4_s100_l40_w0.8.pkl,4,100,40,0.8,0.8838293838862559,0.9352082163203081,0.9087932009122629,0.8590689892727094,0.9402197328737613,0.8978143481614811,29,15
2,463,dt_NOF_RFC_FOF_seed2_d4_s100_l40_w0.9.pkl,4,100,40,0.9,0.8833977126410665,0.9358501163443793,0.9088677627990337,0.859519590470565,0.9404351572598018,0.8981586256557967,29,15
2,464,dt_NOF_RFC_FOF_seed2_d4_s100_l40_w1.0.pkl,4,100,40,1.0,0.8716350033008142,0.9534622482548343,0.9107142857142857,0.8493019697838975,0.9566996984058596,0.8998075169688988,29,15
2,465,dt_NOF_RFC_FOF_seed2_d4_s100_l50_w0.6.pkl,4,100,50,0.6,0.8922047952438691,0.9151488405680815,0.9035311825401541,0.8685720139315714,0.9132916846186988,0.8903706815079282,29,15
2,466,dt_NOF_RFC_FOF_seed2_d4_s100_l50_w0.7.pkl,4,100,50,0.7,0.8893918291550603,0.9222899783358742,0.9055422066411943,0.8640747438215792,0.9264325721671693,0.8941677929098659,29,15
2,467,dt_NOF_RFC_FOF_seed2_d4_s100_l50_w0.8.pkl,4,100,50,0.8,0.8838293838862559,0.9352082163203081,0.9087932009122629,0.8590689892727094,0.9402197328737613,0.8978143481614811,29,15
2,468,dt_NOF_RFC_FOF_seed2_d4_s100_l50_w0.9.pkl,4,100,50,0.9,0.8833977126410665,0.9358501163443793,0.9088677627990337,0.859519590470565,0.9404351572598018,0.8981586256557967,29,15
2,469,dt_NOF_RFC_FOF_seed2_d4_s100_l50_w1.0.pkl,4,100,50,1.0,0.8716350033008142,0.9534622482548343,0.9107142857142857,0.8493019697838975,0.9566996984058596,0.8998075169688988,29,15
2,470,dt_NOF_RFC_FOF_seed2_d4_s100_l60_w0.6.pkl,4,100,60,0.6,0.8922047952438691,0.9151488405680815,0.9035311825401541,0.8685720139315714,0.9132916846186988,0.8903706815079282,29,15
2,471,dt_NOF_RFC_FOF_seed2_d4_s100_l60_w0.7.pkl,4,100,60,0.7,0.8893918291550603,0.9222899783358742,0.9055422066411943,0.8640747438215792,0.9264325721671693,0.8941677929098659,29,15
2,472,dt_NOF_RFC_FOF_seed2_d4_s100_l60_w0.8.pkl,4,100,60,0.8,0.8838293838862559,0.9352082163203081,0.9087932009122629,0.8590689892727094,0.9402197328737613,0.8978143481614811,29,15
2,473,dt_NOF_RFC_FOF_seed2_d4_s100_l60_w0.9.pkl,4,100,60,0.9,0.8833977126410665,0.9358501163443793,0.9088677627990337,0.859519590470565,0.9404351572598018,0.8981586256557967,29,15
2,474,dt_NOF_RFC_FOF_seed2_d4_s100_l60_w1.0.pkl,4,100,60,1.0,0.8716350033008142,0.9534622482548343,0.9107142857142857,0.8493019697838975,0.9566996984058596,0.8998075169688988,29,15
2,475,dt_NOF_RFC_FOF_seed2_d4_s100_l70_w0.6.pkl,4,100,70,0.6,0.8922047952438691,0.9151488405680815,0.9035311825401541,0.8685720139315714,0.9132916846186988,0.8903706815079282,29,15
2,476,dt_NOF_RFC_FOF_seed2_d4_s100_l70_w0.7.pkl,4,100,70,0.7,0.8893918291550603,0.9222899783358742,0.9055422066411943,0.8640747438215792,0.9264325721671693,0.8941677929098659,29,15
2,477,dt_NOF_RFC_FOF_seed2_d4_s100_l70_w0.8.pkl,4,100,70,0.8,0.8838293838862559,0.9352082163203081,0.9087932009122629,0.8590689892727094,0.9402197328737613,0.8978143481614811,29,15
2,478,dt_NOF_RFC_FOF_seed2_d4_s100_l70_w0.9.pkl,4,100,70,0.9,0.8833440611866268,0.9359704725988928,0.9088961178097669,0.8595334186435672,0.9405428694528221,0.8982152959934167,29,15
2,479,dt_NOF_RFC_FOF_seed2_d4_s100_l70_w1.0.pkl,4,100,70,1.0,0.871585200396025,0.9535826045093476,0.910741996666475,0.8493163782388373,0.9568074105988797,0.8998632426682875,29,15
2,480,dt_NOF_RFC_FOF_seed2_d5_s60_l40_w0.6.pkl,5,60,40,0.6,0.9000118844828269,0.9114579154296718,0.9056987382646654,0.8799420409853033,0.9157690650581646,0.8974981526443576,57,29
2,481,dt_NOF_RFC_FOF_seed2_d5_s60_l40_w0.7.pkl,5,60,40,0.7,0.89323168608026,0.9260210222257883,0.9093308645379873,0.8705540527001302,0.9359112451529513,0.9020503503763301,55,28
2,482,dt_NOF_RFC_FOF_seed2_d5_s60_l40_w0.8.pkl,5,60,40,0.8,0.8913110342176086,0.9300730161277381,0.9102795665148422,0.8695089152306007,0.9402197328737613,0.903482896030637,55,28
2,483,dt_NOF_RFC_FOF_seed2_d5_s60_l40_w0.9.pkl,5,60,40,0.9,0.8821459323874059,0.9453181416994303,0.9126401611247749,0.8577829729203195,0.9485135717363206,0.9008695652173913,55,28
2,484,dt_NOF_RFC_FOF_seed2_d5_s60_l40_w1.0.pkl,5,60,40,1.0,0.8821459323874059,0.9453181416994303,0.9126401611247749,0.8577829729203195,0.9485135717363206,0.9008695652173913,55,28
2,485,dt_NOF_RFC_FOF_seed2_d5_s60_l50_w0.6.pkl,5,60,50,0.6,0.8996516507006571,0.9117788654417075,0.9056746632661193,0.8800993994615862,0.9155536406721241,0.8974765072326047,55,28
2,486,dt_NOF_RFC_FOF_seed2_d5_s60_l50_w0.7.pkl,5,60,50,0.7,0.892462311557789,0.9262617347348151,0.9090479565320104,0.8697478991596639,0.9364498061180526,0.9018672199170125,55,28
2,487,dt_NOF_RFC_FOF_seed2_d5_s60_l50_w0.8.pkl,5,60,50,0.8,0.8905487921963209,0.9303137286367649,0.9099970568036888,0.8687089715536105,0.9407582938388626,0.9032992036405005,55,28
2,488,dt_NOF_RFC_FOF_seed2_d5_s60_l50_w0.9.pkl,5,60,50,0.9,0.8819148139830826,0.9453181416994303,0.9125164588335528,0.8581034986843388,0.9484058595433003,0.9009976976208749,55,28
2,489,dt_NOF_RFC_FOF_seed2_d5_s60_l50_w1.0.pkl,5,60,50,1.0,0.8819148139830826,0.9453181416994303,0.9125164588335528,0.8581034986843388,0.9484058595433003,0.9009976976208749,55,28
2,490,dt_NOF_RFC_FOF_seed2_d5_s60_l60_w0.6.pkl,5,60,60,0.6,0.9022312859884837,0.9051993901949771,0.9037129010293588,0.8831629459628625,0.9118914261094356,0.8972972972972973,55,28
2,491,dt_NOF_RFC_FOF_seed2_d5_s60_l60_w0.7.pkl,5,60,60,0.7,0.8917261330761813,0.9274652972799486,0.9092446559556351,0.869560878243513,0.9384963377854373,0.9027144633236635,55,28
2,492,dt_NOF_RFC_FOF_seed2_d5_s60_l60_w0.8.pkl,5,60,60,0.8,0.8907078625778188,0.9298724223702158,0.9098688859229018,0.8690807799442897,0.940973718224903,0.9035995035167563,55,28
2,493,dt_NOF_RFC_FOF_seed2_d5_s60_l60_w0.9.pkl,5,60,60,0.9,0.8810715887012405,0.9460402792265105,0.9124008512284775,0.8569622714896927,0.9492675570874624,0.9007563368765331,55,28
2,494,dt_NOF_RFC_FOF_seed2_d5_s60_l60_w1.0.pkl,5,60,60,1.0,0.8810715887012405,0.9460402792265105,0.9124008512284775,0.8569622714896927,0.9492675570874624,0.9007563368765331,55,28
2,495,dt_NOF_RFC_FOF_seed2_d5_s60_l70_w0.6.pkl,5,60,70,0.6,0.90204,0.9047179651769237,0.9033769979569763,0.8827147623019183,0.9119991383024558,0.8971180334816699,51,26
2,496,dt_NOF_RFC_FOF_seed2_d5_s60_l70_w0.7.pkl,5,60,70,0.7,0.8955843748775614,0.9170344218887908,0.9061824813177665,0.8739648555847304,0.9321413183972426,0.9021161263421245,51,26
2,497,dt_NOF_RFC_FOF_seed2_d5_s60_l70_w0.8.pkl,5,60,70,0.8,0.8916206723532363,0.9267832785043729,0.9088620045244418,0.8701298701298701,0.9381732012063766,0.902871358971701,51,26
2,498,dt_NOF_RFC_FOF_seed2_d5_s60_l70_w0.9.pkl,5,60,70,0.9,0.8806210250654695,0.9443552916633234,0.9113752516648599,0.8579933632637127,0.9468978888410168,0.9002560163850486,49,25
2,499,dt_NOF_RFC_FOF_seed2_d5_s60_l70_w1.0.pkl,5,60,70,1.0,0.8775548054453058,0.9491294230923534,0.9119398670135878,0.8543801972539161,0.951744937526928,0.900438194232141,49,25
2,500,dt_NOF_RFC_FOF_seed2_d5_s80_l40_w0.6.pkl,5,80,40,0.6,0.9000118844828269,0.9114579154296718,0.9056987382646654,0.8799420409853033,0.9157690650581646,0.8974981526443576,57,29
2,501,dt_NOF_RFC_FOF_seed2_d5_s80_l40_w0.7.pkl,5,80,40,0.7,0.89323168608026,0.9260210222257883,0.9093308645379873,0.8705540527001302,0.9359112451529513,0.9020503503763301,55,28
2,502,dt_NOF_RFC_FOF_seed2_d5_s80_l40_w0.8.pkl,5,80,40,0.8,0.8913110342176086,0.9300730161277381,0.9102795665148422,0.8695089152306007,0.9402197328737613,0.903482896030637,55,28
2,503,dt_NOF_RFC_FOF_seed2_d5_s80_l40_w0.9.pkl,5,80,40,0.9,0.8821459323874059,0.9453181416994303,0.9126401611247749,0.8577829729203195,0.9485135717363206,0.9008695652173913,55,28
2,504,dt_NOF_RFC_FOF_seed2_d5_s80_l40_w1.0.pkl,5,80,40,1.0,0.8821459323874059,0.9453181416994303,0.9126401611247749,0.8577829729203195,0.9485135717363206,0.9008695652173913,55,28
2,505,dt_NOF_RFC_FOF_seed2_d5_s80_l50_w0.6.pkl,5,80,50,0.6,0.8996516507006571,0.9117788654417075,0.9056746632661193,0.8800993994615862,0.9155536406721241,0.8974765072326047,55,28
2,506,dt_NOF_RFC_FOF_seed2_d5_s80_l50_w0.7.pkl,5,80,50,0.7,0.892462311557789,0.9262617347348151,0.9090479565320104,0.8697478991596639,0.9364498061180526,0.9018672199170125,55,28
2,507,dt_NOF_RFC_FOF_seed2_d5_s80_l50_w0.8.pkl,5,80,50,0.8,0.8905487921963209,0.9303137286367649,0.9099970568036888,0.8687089715536105,0.9407582938388626,0.9032992036405005,55,28
2,508,dt_NOF_RFC_FOF_seed2_d5_s80_l50_w0.9.pkl,5,80,50,0.9,0.8819148139830826,0.9453181416994303,0.9125164588335528,0.8581034986843388,0.9484058595433003,0.9009976976208749,55,28
2,509,dt_NOF_RFC_FOF_seed2_d5_s80_l50_w1.0.pkl,5,80,50,1.0,0.8819148139830826,0.9453181416994303,0.9125164588335528,0.8581034986843388,0.9484058595433003,0.9009976976208749,55,28
2,510,dt_NOF_RFC_FOF_seed2_d5_s80_l60_w0.6.pkl,5,80,60,0.6,0.9022312859884837,0.9051993901949771,0.9037129010293588,0.8831629459628625,0.9118914261094356,0.8972972972972973,55,28
2,511,dt_NOF_RFC_FOF_seed2_d5_s80_l60_w0.7.pkl,5,80,60,0.7,0.8917261330761813,0.9274652972799486,0.9092446559556351,0.869560878243513,0.9384963377854373,0.9027144633236635,55,28
2,512,dt_NOF_RFC_FOF_seed2_d5_s80_l60_w0.8.pkl,5,80,60,0.8,0.8907078625778188,0.9298724223702158,0.9098688859229018,0.8690807799442897,0.940973718224903,0.9035995035167563,55,28
2,513,dt_NOF_RFC_FOF_seed2_d5_s80_l60_w0.9.pkl,5,80,60,0.9,0.8810715887012405,0.9460402792265105,0.9124008512284775,0.8569622714896927,0.9492675570874624,0.9007563368765331,55,28
2,514,dt_NOF_RFC_FOF_seed2_d5_s80_l60_w1.0.pkl,5,80,60,1.0,0.8810715887012405,0.9460402792265105,0.9124008512284775,0.8569622714896927,0.9492675570874624,0.9007563368765331,55,28
2,515,dt_NOF_RFC_FOF_seed2_d5_s80_l70_w0.6.pkl,5,80,70,0.6,0.90204,0.9047179651769237,0.9033769979569763,0.8827147623019183,0.9119991383024558,0.8971180334816699,51,26
2,516,dt_NOF_RFC_FOF_seed2_d5_s80_l70_w0.7.pkl,5,80,70,0.7,0.8955843748775614,0.9170344218887908,0.9061824813177665,0.8739648555847304,0.9321413183972426,0.9021161263421245,51,26
2,517,dt_NOF_RFC_FOF_seed2_d5_s80_l70_w0.8.pkl,5,80,70,0.8,0.8916206723532363,0.9267832785043729,0.9088620045244418,0.8701298701298701,0.9381732012063766,0.902871358971701,51,26
2,518,dt_NOF_RFC_FOF_seed2_d5_s80_l70_w0.9.pkl,5,80,70,0.9,0.8806210250654695,0.9443552916633234,0.9113752516648599,0.8579933632637127,0.9468978888410168,0.9002560163850486,49,25
2,519,dt_NOF_RFC_FOF_seed2_d5_s80_l70_w1.0.pkl,5,80,70,1.0,0.8775548054453058,0.9491294230923534,0.9119398670135878,0.8543801972539161,0.951744937526928,0.900438194232141,49,25
2,520,dt_NOF_RFC_FOF_seed2_d5_s100_l40_w0.6.pkl,5,100,40,0.6,0.9000118844828269,0.9114579154296718,0.9056987382646654,0.8799420409853033,0.9157690650581646,0.8974981526443576,55,28
2,521,dt_NOF_RFC_FOF_seed2_d5_s100_l40_w0.7.pkl,5,100,40,0.7,0.89323168608026,0.9260210222257883,0.9093308645379873,0.8705540527001302,0.9359112451529513,0.9020503503763301,55,28
2,522,dt_NOF_RFC_FOF_seed2_d5_s100_l40_w0.8.pkl,5,100,40,0.8,0.8913110342176086,0.9300730161277381,0.9102795665148422,0.8695089152306007,0.9402197328737613,0.903482896030637,55,28
2,523,dt_NOF_RFC_FOF_seed2_d5_s100_l40_w0.9.pkl,5,100,40,0.9,0.8821459323874059,0.9453181416994303,0.9126401611247749,0.8577829729203195,0.9485135717363206,0.9008695652173913,55,28
2,524,dt_NOF_RFC_FOF_seed2_d5_s100_l40_w1.0.pkl,5,100,40,1.0,0.8821459323874059,0.9453181416994303,0.9126401611247749,0.8577829729203195,0.9485135717363206,0.9008695652173913,55,28
2,525,dt_NOF_RFC_FOF_seed2_d5_s100_l50_w0.6.pkl,5,100,50,0.6,0.8996516507006571,0.9117788654417075,0.9056746632661193,0.8800993994615862,0.9155536406721241,0.8974765072326047,55,28
2,526,dt_NOF_RFC_FOF_seed2_d5_s100_l50_w0.7.pkl,5,100,50,0.7,0.892462311557789,0.9262617347348151,0.9090479565320104,0.8697478991596639,0.9364498061180526,0.9018672199170125,55,28
2,527,dt_NOF_RFC_FOF_seed2_d5_s100_l50_w0.8.pkl,5,100,50,0.8,0.8905487921963209,0.9303137286367649,0.9099970568036888,0.8687089715536105,0.9407582938388626,0.9032992036405005,55,28
2,528,dt_NOF_RFC_FOF_seed2_d5_s100_l50_w0.9.pkl,5,100,50,0.9,0.8819148139830826,0.9453181416994303,0.9125164588335528,0.8581034986843388,0.9484058595433003,0.9009976976208749,55,28
2,529,dt_NOF_RFC_FOF_seed2_d5_s100_l50_w1.0.pkl,5,100,50,1.0,0.8819148139830826,0.9453181416994303,0.9125164588335528,0.8581034986843388,0.9484058595433003,0.9009976976208749,55,28
2,530,dt_NOF_RFC_FOF_seed2_d5_s100_l60_w0.6.pkl,5,100,60,0.6,0.9022312859884837,0.9051993901949771,0.9037129010293588,0.8831629459628625,0.9118914261094356,0.8972972972972973,55,28
2,531,dt_NOF_RFC_FOF_seed2_d5_s100_l60_w0.7.pkl,5,100,60,0.7,0.8917261330761813,0.9274652972799486,0.9092446559556351,0.869560878243513,0.9384963377854373,0.9027144633236635,55,28
2,532,dt_NOF_RFC_FOF_seed2_d5_s100_l60_w0.8.pkl,5,100,60,0.8,0.8907078625778188,0.9298724223702158,0.9098688859229018,0.8690807799442897,0.940973718224903,0.9035995035167563,55,28
2,533,dt_NOF_RFC_FOF_seed2_d5_s100_l60_w0.9.pkl,5,100,60,0.9,0.8810715887012405,0.9460402792265105,0.9124008512284775,0.8569622714896927,0.9492675570874624,0.9007563368765331,55,28
2,534,dt_NOF_RFC_FOF_seed2_d5_s100_l60_w1.0.pkl,5,100,60,1.0,0.8810715887012405,0.9460402792265105,0.9124008512284775,0.8569622714896927,0.9492675570874624,0.9007563368765331,55,28
2,535,dt_NOF_RFC_FOF_seed2_d5_s100_l70_w0.6.pkl,5,100,70,0.6,0.90204,0.9047179651769237,0.9033769979569763,0.8827147623019183,0.9119991383024558,0.8971180334816699,51,26
2,536,dt_NOF_RFC_FOF_seed2_d5_s100_l70_w0.7.pkl,5,100,70,0.7,0.8955843748775614,0.9170344218887908,0.9061824813177665,0.8739648555847304,0.9321413183972426,0.9021161263421245,51,26
2,537,dt_NOF_RFC_FOF_seed2_d5_s100_l70_w0.8.pkl,5,100,70,0.8,0.8916206723532363,0.9267832785043729,0.9088620045244418,0.8701298701298701,0.9381732012063766,0.902871358971701,51,26
2,538,dt_NOF_RFC_FOF_seed2_d5_s100_l70_w0.9.pkl,5,100,70,0.9,0.8806210250654695,0.9443552916633234,0.9113752516648599,0.8579933632637127,0.9468978888410168,0.9002560163850486,49,25
2,539,dt_NOF_RFC_FOF_seed2_d5_s100_l70_w1.0.pkl,5,100,70,1.0,0.8775548054453058,0.9491294230923534,0.9119398670135878,0.8543801972539161,0.951744937526928,0.900438194232141,49,25
3,540,dt_NOF_RFC_FOF_seed3_d3_s60_l40_w0.6.pkl,3,60,40,0.6,0.8961945183799727,0.896968824249406,0.8965815041381792,0.870105655686762,0.8706467661691543,0.8703761268262357,15,8
3,541,dt_NOF_RFC_FOF_seed3_d3_s60_l40_w0.7.pkl,3,60,40,0.7,0.8961945183799727,0.896968824249406,0.8965815041381792,0.870105655686762,0.8706467661691543,0.8703761268262357,15,8
3,542,dt_NOF_RFC_FOF_seed3_d3_s60_l40_w0.8.pkl,3,60,40,0.8,0.8645179967190968,0.9675642594859241,0.9131431871846706,0.8311068702290076,0.9479166666666666,0.8856769320162696,15,8
3,543,dt_NOF_RFC_FOF_seed3_d3_s60_l40_w0.9.pkl,3,60,40,0.9,0.8645179967190968,0.9675642594859241,0.9131431871846706,0.8311068702290076,0.9479166666666666,0.8856769320162696,15,8
3,544,dt_NOF_RFC_FOF_seed3_d3_s60_l40_w1.0.pkl,3,60,40,1.0,0.8636655535576676,0.9683202534379725,0.9130036319201656,0.8289509352127948,0.9508706467661692,0.8857349746560463,15,8
3,545,dt_NOF_RFC_FOF_seed3_d3_s60_l50_w0.6.pkl,3,60,50,0.6,0.8961945183799727,0.896968824249406,0.8965815041381792,0.870105655686762,0.8706467661691543,0.8703761268262357,15,8
3,546,dt_NOF_RFC_FOF_seed3_d3_s60_l50_w0.7.pkl,3,60,50,0.7,0.8961945183799727,0.896968824249406,0.8965815041381792,0.870105655686762,0.8706467661691543,0.8703761268262357,15,8
3,547,dt_NOF_RFC_FOF_seed3_d3_s60_l50_w0.8.pkl,3,60,50,0.8,0.8645179967190968,0.9675642594859241,0.9131431871846706,0.8311068702290076,0.9479166666666666,0.8856769320162696,15,8
3,548,dt_NOF_RFC_FOF_seed3_d3_s60_l50_w0.9.pkl,3,60,50,0.9,0.8645179967190968,0.9675642594859241,0.9131431871846706,0.8311068702290076,0.9479166666666666,0.8856769320162696,15,8
3,549,dt_NOF_RFC_FOF_seed3_d3_s60_l50_w1.0.pkl,3,60,50,1.0,0.8633970984722044,0.968392252861977,0.9128856008416194,0.8277168764379483,0.9508706467661692,0.885030026770856,15,8
3,550,dt_NOF_RFC_FOF_seed3_d3_s60_l60_w0.6.pkl,3,60,60,0.6,0.8961945183799727,0.896968824249406,0.8965815041381792,0.870105655686762,0.8706467661691543,0.8703761268262357,15,8
3,551,dt_NOF_RFC_FOF_seed3_d3_s60_l60_w0.7.pkl,3,60,60,0.7,0.8961945183799727,0.896968824249406,0.8965815041381792,0.870105655686762,0.8706467661691543,0.8703761268262357,15,8
3,552,dt_NOF_RFC_FOF_seed3_d3_s60_l60_w0.8.pkl,3,60,60,0.8,0.8645179967190968,0.9675642594859241,0.9131431871846706,0.8311068702290076,0.9479166666666666,0.8856769320162696,15,8
3,553,dt_NOF_RFC_FOF_seed3_d3_s60_l60_w0.9.pkl,3,60,60,0.9,0.8645179967190968,0.9675642594859241,0.9131431871846706,0.8311068702290076,0.9479166666666666,0.8856769320162696,15,8
3,554,dt_NOF_RFC_FOF_seed3_d3_s60_l60_w1.0.pkl,3,60,60,1.0,0.8639081790123457,0.9673482612139103,0.9127067694711457,0.8301552710433124,0.9476057213930348,0.8850007260055176,15,8
3,555,dt_NOF_RFC_FOF_seed3_d3_s60_l70_w0.6.pkl,3,60,70,0.6,0.8961945183799727,0.896968824249406,0.8965815041381792,0.870105655686762,0.8706467661691543,0.8703761268262357,15,8
3,556,dt_NOF_RFC_FOF_seed3_d3_s60_l70_w0.7.pkl,3,60,70,0.7,0.8961945183799727,0.896968824249406,0.8965815041381792,0.870105655686762,0.8706467661691543,0.8703761268262357,15,8
3,557,dt_NOF_RFC_FOF_seed3_d3_s60_l70_w0.8.pkl,3,60,70,0.8,0.8645179967190968,0.9675642594859241,0.9131431871846706,0.8311068702290076,0.9479166666666666,0.8856769320162696,15,8
3,558,dt_NOF_RFC_FOF_seed3_d3_s60_l70_w0.9.pkl,3,60,70,0.9,0.8645179967190968,0.9675642594859241,0.9131431871846706,0.8311068702290076,0.9479166666666666,0.8856769320162696,15,8
3,559,dt_NOF_RFC_FOF_seed3_d3_s60_l70_w1.0.pkl,3,60,70,1.0,0.8639081790123457,0.9673482612139103,0.9127067694711457,0.8301552710433124,0.9476057213930348,0.8850007260055176,15,8
3,560,dt_NOF_RFC_FOF_seed3_d3_s80_l40_w0.6.pkl,3,80,40,0.6,0.8961945183799727,0.896968824249406,0.8965815041381792,0.870105655686762,0.8706467661691543,0.8703761268262357,15,8
3,561,dt_NOF_RFC_FOF_seed3_d3_s80_l40_w0.7.pkl,3,80,40,0.7,0.8961945183799727,0.896968824249406,0.8965815041381792,0.870105655686762,0.8706467661691543,0.8703761268262357,15,8
3,562,dt_NOF_RFC_FOF_seed3_d3_s80_l40_w0.8.pkl,3,80,40,0.8,0.8645179967190968,0.9675642594859241,0.9131431871846706,0.8311068702290076,0.9479166666666666,0.8856769320162696,15,8
3,563,dt_NOF_RFC_FOF_seed3_d3_s80_l40_w0.9.pkl,3,80,40,0.9,0.8645179967190968,0.9675642594859241,0.9131431871846706,0.8311068702290076,0.9479166666666666,0.8856769320162696,15,8
3,564,dt_NOF_RFC_FOF_seed3_d3_s80_l40_w1.0.pkl,3,80,40,1.0,0.8636655535576676,0.9683202534379725,0.9130036319201656,0.8289509352127948,0.9508706467661692,0.8857349746560463,15,8
3,565,dt_NOF_RFC_FOF_seed3_d3_s80_l50_w0.6.pkl,3,80,50,0.6,0.8961945183799727,0.896968824249406,0.8965815041381792,0.870105655686762,0.8706467661691543,0.8703761268262357,15,8
3,566,dt_NOF_RFC_FOF_seed3_d3_s80_l50_w0.7.pkl,3,80,50,0.7,0.8961945183799727,0.896968824249406,0.8965815041381792,0.870105655686762,0.8706467661691543,0.8703761268262357,15,8
3,567,dt_NOF_RFC_FOF_seed3_d3_s80_l50_w0.8.pkl,3,80,50,0.8,0.8645179967190968,0.9675642594859241,0.9131431871846706,0.8311068702290076,0.9479166666666666,0.8856769320162696,15,8
3,568,dt_NOF_RFC_FOF_seed3_d3_s80_l50_w0.9.pkl,3,80,50,0.9,0.8645179967190968,0.9675642594859241,0.9131431871846706,0.8311068702290076,0.9479166666666666,0.8856769320162696,15,8
3,569,dt_NOF_RFC_FOF_seed3_d3_s80_l50_w1.0.pkl,3,80,50,1.0,0.8633970984722044,0.968392252861977,0.9128856008416194,0.8277168764379483,0.9508706467661692,0.885030026770856,15,8
3,570,dt_NOF_RFC_FOF_seed3_d3_s80_l60_w0.6.pkl,3,80,60,0.6,0.8961945183799727,0.896968824249406,0.8965815041381792,0.870105655686762,0.8706467661691543,0.8703761268262357,15,8
3,571,dt_NOF_RFC_FOF_seed3_d3_s80_l60_w0.7.pkl,3,80,60,0.7,0.8961945183799727,0.896968824249406,0.8965815041381792,0.870105655686762,0.8706467661691543,0.8703761268262357,15,8
3,572,dt_NOF_RFC_FOF_seed3_d3_s80_l60_w0.8.pkl,3,80,60,0.8,0.8645179967190968,0.9675642594859241,0.9131431871846706,0.8311068702290076,0.9479166666666666,0.8856769320162696,15,8
3,573,dt_NOF_RFC_FOF_seed3_d3_s80_l60_w0.9.pkl,3,80,60,0.9,0.8645179967190968,0.9675642594859241,0.9131431871846706,0.8311068702290076,0.9479166666666666,0.8856769320162696,15,8
3,574,dt_NOF_RFC_FOF_seed3_d3_s80_l60_w1.0.pkl,3,80,60,1.0,0.8639081790123457,0.9673482612139103,0.9127067694711457,0.8301552710433124,0.9476057213930348,0.8850007260055176,15,8
3,575,dt_NOF_RFC_FOF_seed3_d3_s80_l70_w0.6.pkl,3,80,70,0.6,0.8961945183799727,0.896968824249406,0.8965815041381792,0.870105655686762,0.8706467661691543,0.8703761268262357,15,8
3,576,dt_NOF_RFC_FOF_seed3_d3_s80_l70_w0.7.pkl,3,80,70,0.7,0.8961945183799727,0.896968824249406,0.8965815041381792,0.870105655686762,0.8706467661691543,0.8703761268262357,15,8
3,577,dt_NOF_RFC_FOF_seed3_d3_s80_l70_w0.8.pkl,3,80,70,0.8,0.8645179967190968,0.9675642594859241,0.9131431871846706,0.8311068702290076,0.9479166666666666,0.8856769320162696,15,8
3,578,dt_NOF_RFC_FOF_seed3_d3_s80_l70_w0.9.pkl,3,80,70,0.9,0.8645179967190968,0.9675642594859241,0.9131431871846706,0.8311068702290076,0.9479166666666666,0.8856769320162696,15,8
3,579,dt_NOF_RFC_FOF_seed3_d3_s80_l70_w1.0.pkl,3,80,70,1.0,0.8639081790123457,0.9673482612139103,0.9127067694711457,0.8301552710433124,0.9476057213930348,0.8850007260055176,15,8
3,580,dt_NOF_RFC_FOF_seed3_d3_s100_l40_w0.6.pkl,3,100,40,0.6,0.8961945183799727,0.896968824249406,0.8965815041381792,0.870105655686762,0.8706467661691543,0.8703761268262357,15,8
3,581,dt_NOF_RFC_FOF_seed3_d3_s100_l40_w0.7.pkl,3,100,40,0.7,0.8961945183799727,0.896968824249406,0.8965815041381792,0.870105655686762,0.8706467661691543,0.8703761268262357,15,8
3,582,dt_NOF_RFC_FOF_seed3_d3_s100_l40_w0.8.pkl,3,100,40,0.8,0.8645179967190968,0.9675642594859241,0.9131431871846706,0.8311068702290076,0.9479166666666666,0.8856769320162696,15,8
3,583,dt_NOF_RFC_FOF_seed3_d3_s100_l40_w0.9.pkl,3,100,40,0.9,0.8645179967190968,0.9675642594859241,0.9131431871846706,0.8311068702290076,0.9479166666666666,0.8856769320162696,15,8
3,584,dt_NOF_RFC_FOF_seed3_d3_s100_l40_w1.0.pkl,3,100,40,1.0,0.8636655535576676,0.9683202534379725,0.9130036319201656,0.8289509352127948,0.9508706467661692,0.8857349746560463,15,8
3,585,dt_NOF_RFC_FOF_seed3_d3_s100_l50_w0.6.pkl,3,100,50,0.6,0.8961945183799727,0.896968824249406,0.8965815041381792,0.870105655686762,0.8706467661691543,0.8703761268262357,15,8
3,586,dt_NOF_RFC_FOF_seed3_d3_s100_l50_w0.7.pkl,3,100,50,0.7,0.8961945183799727,0.896968824249406,0.8965815041381792,0.870105655686762,0.8706467661691543,0.8703761268262357,15,8
3,587,dt_NOF_RFC_FOF_seed3_d3_s100_l50_w0.8.pkl,3,100,50,0.8,0.8645179967190968,0.9675642594859241,0.9131431871846706,0.8311068702290076,0.9479166666666666,0.8856769320162696,15,8
3,588,dt_NOF_RFC_FOF_seed3_d3_s100_l50_w0.9.pkl,3,100,50,0.9,0.8645179967190968,0.9675642594859241,0.9131431871846706,0.8311068702290076,0.9479166666666666,0.8856769320162696,15,8
3,589,dt_NOF_RFC_FOF_seed3_d3_s100_l50_w1.0.pkl,3,100,50,1.0,0.8633970984722044,0.968392252861977,0.9128856008416194,0.8277168764379483,0.9508706467661692,0.885030026770856,15,8
3,590,dt_NOF_RFC_FOF_seed3_d3_s100_l60_w0.6.pkl,3,100,60,0.6,0.8961945183799727,0.896968824249406,0.8965815041381792,0.870105655686762,0.8706467661691543,0.8703761268262357,15,8
3,591,dt_NOF_RFC_FOF_seed3_d3_s100_l60_w0.7.pkl,3,100,60,0.7,0.8961945183799727,0.896968824249406,0.8965815041381792,0.870105655686762,0.8706467661691543,0.8703761268262357,15,8
3,592,dt_NOF_RFC_FOF_seed3_d3_s100_l60_w0.8.pkl,3,100,60,0.8,0.8645179967190968,0.9675642594859241,0.9131431871846706,0.8311068702290076,0.9479166666666666,0.8856769320162696,15,8
3,593,dt_NOF_RFC_FOF_seed3_d3_s100_l60_w0.9.pkl,3,100,60,0.9,0.8645179967190968,0.9675642594859241,0.9131431871846706,0.8311068702290076,0.9479166666666666,0.8856769320162696,15,8
3,594,dt_NOF_RFC_FOF_seed3_d3_s100_l60_w1.0.pkl,3,100,60,1.0,0.8639081790123457,0.9673482612139103,0.9127067694711457,0.8301552710433124,0.9476057213930348,0.8850007260055176,15,8
3,595,dt_NOF_RFC_FOF_seed3_d3_s100_l70_w0.6.pkl,3,100,70,0.6,0.8961945183799727,0.896968824249406,0.8965815041381792,0.870105655686762,0.8706467661691543,0.8703761268262357,15,8
3,596,dt_NOF_RFC_FOF_seed3_d3_s100_l70_w0.7.pkl,3,100,70,0.7,0.8961945183799727,0.896968824249406,0.8965815041381792,0.870105655686762,0.8706467661691543,0.8703761268262357,15,8
3,597,dt_NOF_RFC_FOF_seed3_d3_s100_l70_w0.8.pkl,3,100,70,0.8,0.8645179967190968,0.9675642594859241,0.9131431871846706,0.8311068702290076,0.9479166666666666,0.8856769320162696,15,8
3,598,dt_NOF_RFC_FOF_seed3_d3_s100_l70_w0.9.pkl,3,100,70,0.9,0.8645179967190968,0.9675642594859241,0.9131431871846706,0.8311068702290076,0.9479166666666666,0.8856769320162696,15,8
3,599,dt_NOF_RFC_FOF_seed3_d3_s100_l70_w1.0.pkl,3,100,70,1.0,0.8639081790123457,0.9673482612139103,0.9127067694711457,0.8301552710433124,0.9476057213930348,0.8850007260055176,15,8
3,600,dt_NOF_RFC_FOF_seed3_d4_s60_l40_w0.6.pkl,4,60,40,0.6,0.8954215839613252,0.9068327453380373,0.9010910391700948,0.8691156042599166,0.8754664179104478,0.8722794516303927,31,16
3,601,dt_NOF_RFC_FOF_seed3_d4_s60_l40_w0.7.pkl,4,60,40,0.7,0.8794114689814659,0.9445964432284542,0.9108391911828517,0.8502589182968929,0.9189987562189055,0.8832934847579199,31,16
3,602,dt_NOF_RFC_FOF_seed3_d4_s60_l40_w0.8.pkl,4,60,40,0.8,0.8695071065327944,0.9602203182374541,0.9126150477298388,0.8420979216069187,0.9385883084577115,0.8877288434673921,31,16
3,603,dt_NOF_RFC_FOF_seed3_d4_s60_l40_w0.9.pkl,4,60,40,0.9,0.8679881906368621,0.9631362949096407,0.9130902203034078,0.8379348426283821,0.9437189054726368,0.8876864580286633,31,16
3,604,dt_NOF_RFC_FOF_seed3_d4_s60_l40_w1.0.pkl,4,60,40,1.0,0.8624380891516217,0.9716322269421844,0.9137846393445398,0.8277072643802322,0.9530472636815921,0.8859661800838271,29,15
3,605,dt_NOF_RFC_FOF_seed3_d4_s60_l50_w0.6.pkl,4,60,50,0.6,0.8957354406948598,0.9058607531139751,0.9007696438160014,0.8706722558608911,0.8718905472636815,0.8712809756855434,31,16
3,606,dt_NOF_RFC_FOF_seed3_d4_s60_l50_w0.7.pkl,4,60,50,0.7,0.8796858744168876,0.943624451004392,0.9105340859748154,0.8513591671486408,0.9154228855721394,0.8822295474977525,31,16
3,607,dt_NOF_RFC_FOF_seed3_d4_s60_l50_w0.8.pkl,4,60,50,0.8,0.869891630761196,0.9593923248614011,0.9124524942650735,0.843329596412556,0.9356343283582089,0.8870872641509434,31,16
3,608,dt_NOF_RFC_FOF_seed3_d4_s60_l50_w0.9.pkl,4,60,50,0.9,0.8683689049150505,0.9623083015335877,0.9129283994467308,0.8401832824215496,0.9407649253731343,0.8876338565351327,31,16
3,609,dt_NOF_RFC_FOF_seed3_d4_s60_l50_w1.0.pkl,4,60,50,1.0,0.8621713993675536,0.971704226366189,0.9136667512905137,0.8264797087771336,0.9530472636815921,0.8852624738248249,29,15
3,610,dt_NOF_RFC_FOF_seed3_d4_s60_l60_w0.6.pkl,4,60,60,0.6,0.8957354406948598,0.9058607531139751,0.9007696438160014,0.8706722558608911,0.8718905472636815,0.8712809756855434,31,16
3,611,dt_NOF_RFC_FOF_seed3_d4_s60_l60_w0.7.pkl,4,60,60,0.7,0.8796858744168876,0.943624451004392,0.9105340859748154,0.8513591671486408,0.9154228855721394,0.8822295474977525,31,16
3,612,dt_NOF_RFC_FOF_seed3_d4_s60_l60_w0.8.pkl,4,60,60,0.8,0.869891630761196,0.9593923248614011,0.9124524942650735,0.843329596412556,0.9356343283582089,0.8870872641509434,31,16
3,613,dt_NOF_RFC_FOF_seed3_d4_s60_l60_w0.9.pkl,4,60,60,0.9,0.8683689049150505,0.9623083015335877,0.9129283994467308,0.8401832824215496,0.9407649253731343,0.8876338565351327,31,16
3,614,dt_NOF_RFC_FOF_seed3_d4_s60_l60_w1.0.pkl,4,60,60,1.0,0.862677971524556,0.9706602347181222,0.9134890654379754,0.8289009497964722,0.9497823383084577,0.8852340240544848,29,15
3,615,dt_NOF_RFC_FOF_seed3_d4_s60_l70_w0.6.pkl,4,60,70,0.6,0.8957354406948598,0.9058607531139751,0.9007696438160014,0.8706722558608911,0.8718905472636815,0.8712809756855434,31,16
3,616,dt_NOF_RFC_FOF_seed3_d4_s60_l70_w0.7.pkl,4,60,70,0.7,0.8796858744168876,0.943624451004392,0.9105340859748154,0.8513591671486408,0.9154228855721394,0.8822295474977525,31,16
3,617,dt_NOF_RFC_FOF_seed3_d4_s60_l70_w0.8.pkl,4,60,70,0.8,0.869891630761196,0.9593923248614011,0.9124524942650735,0.843329596412556,0.9356343283582089,0.8870872641509434,31,16
3,618,dt_NOF_RFC_FOF_seed3_d4_s60_l70_w0.9.pkl,4,60,70,0.9,0.8683689049150505,0.9623083015335877,0.9129283994467308,0.8401832824215496,0.9407649253731343,0.8876338565351327,31,16
3,619,dt_NOF_RFC_FOF_seed3_d4_s60_l70_w1.0.pkl,4,60,70,1.0,0.862677971524556,0.9706602347181222,0.9134890654379754,0.8289009497964722,0.9497823383084577,0.8852340240544848,27,14
3,620,dt_NOF_RFC_FOF_seed3_d4_s80_l40_w0.6.pkl,4,80,40,0.6,0.8954215839613252,0.9068327453380373,0.9010910391700948,0.8691156042599166,0.8754664179104478,0.8722794516303927,31,16
3,621,dt_NOF_RFC_FOF_seed3_d4_s80_l40_w0.7.pkl,4,80,40,0.7,0.8794114689814659,0.9445964432284542,0.9108391911828517,0.8502589182968929,0.9189987562189055,0.8832934847579199,31,16
3,622,dt_NOF_RFC_FOF_seed3_d4_s80_l40_w0.8.pkl,4,80,40,0.8,0.8695071065327944,0.9602203182374541,0.9126150477298388,0.8420979216069187,0.9385883084577115,0.8877288434673921,31,16
3,623,dt_NOF_RFC_FOF_seed3_d4_s80_l40_w0.9.pkl,4,80,40,0.9,0.8679881906368621,0.9631362949096407,0.9130902203034078,0.8379348426283821,0.9437189054726368,0.8876864580286633,31,16
3,624,dt_NOF_RFC_FOF_seed3_d4_s80_l40_w1.0.pkl,4,80,40,1.0,0.8624380891516217,0.9716322269421844,0.9137846393445398,0.8277072643802322,0.9530472636815921,0.8859661800838271,29,15
3,625,dt_NOF_RFC_FOF_seed3_d4_s80_l50_w0.6.pkl,4,80,50,0.6,0.8957354406948598,0.9058607531139751,0.9007696438160014,0.8706722558608911,0.8718905472636815,0.8712809756855434,31,16
3,626,dt_NOF_RFC_FOF_seed3_d4_s80_l50_w0.7.pkl,4,80,50,0.7,0.8796858744168876,0.943624451004392,0.9105340859748154,0.8513591671486408,0.9154228855721394,0.8822295474977525,31,16
3,627,dt_NOF_RFC_FOF_seed3_d4_s80_l50_w0.8.pkl,4,80,50,0.8,0.869891630761196,0.9593923248614011,0.9124524942650735,0.843329596412556,0.9356343283582089,0.8870872641509434,31,16
3,628,dt_NOF_RFC_FOF_seed3_d4_s80_l50_w0.9.pkl,4,80,50,0.9,0.8683689049150505,0.9623083015335877,0.9129283994467308,0.8401832824215496,0.9407649253731343,0.8876338565351327,31,16
3,629,dt_NOF_RFC_FOF_seed3_d4_s80_l50_w1.0.pkl,4,80,50,1.0,0.8621713993675536,0.971704226366189,0.9136667512905137,0.8264797087771336,0.9530472636815921,0.8852624738248249,29,15
3,630,dt_NOF_RFC_FOF_seed3_d4_s80_l60_w0.6.pkl,4,80,60,0.6,0.8957354406948598,0.9058607531139751,0.9007696438160014,0.8706722558608911,0.8718905472636815,0.8712809756855434,31,16
3,631,dt_NOF_RFC_FOF_seed3_d4_s80_l60_w0.7.pkl,4,80,60,0.7,0.8796858744168876,0.943624451004392,0.9105340859748154,0.8513591671486408,0.9154228855721394,0.8822295474977525,31,16
3,632,dt_NOF_RFC_FOF_seed3_d4_s80_l60_w0.8.pkl,4,80,60,0.8,0.869891630761196,0.9593923248614011,0.9124524942650735,0.843329596412556,0.9356343283582089,0.8870872641509434,31,16
3,633,dt_NOF_RFC_FOF_seed3_d4_s80_l60_w0.9.pkl,4,80,60,0.9,0.8683689049150505,0.9623083015335877,0.9129283994467308,0.8401832824215496,0.9407649253731343,0.8876338565351327,31,16
3,634,dt_NOF_RFC_FOF_seed3_d4_s80_l60_w1.0.pkl,4,80,60,1.0,0.862677971524556,0.9706602347181222,0.9134890654379754,0.8289009497964722,0.9497823383084577,0.8852340240544848,29,15
3,635,dt_NOF_RFC_FOF_seed3_d4_s80_l70_w0.6.pkl,4,80,70,0.6,0.8957354406948598,0.9058607531139751,0.9007696438160014,0.8706722558608911,0.8718905472636815,0.8712809756855434,31,16
3,636,dt_NOF_RFC_FOF_seed3_d4_s80_l70_w0.7.pkl,4,80,70,0.7,0.8796858744168876,0.943624451004392,0.9105340859748154,0.8513591671486408,0.9154228855721394,0.8822295474977525,31,16
3,637,dt_NOF_RFC_FOF_seed3_d4_s80_l70_w0.8.pkl,4,80,70,0.8,0.869891630761196,0.9593923248614011,0.9124524942650735,0.843329596412556,0.9356343283582089,0.8870872641509434,31,16
3,638,dt_NOF_RFC_FOF_seed3_d4_s80_l70_w0.9.pkl,4,80,70,0.9,0.8683689049150505,0.9623083015335877,0.9129283994467308,0.8401832824215496,0.9407649253731343,0.8876338565351327,31,16
3,639,dt_NOF_RFC_FOF_seed3_d4_s80_l70_w1.0.pkl,4,80,70,1.0,0.862677971524556,0.9706602347181222,0.9134890654379754,0.8289009497964722,0.9497823383084577,0.8852340240544848,27,14
3,640,dt_NOF_RFC_FOF_seed3_d4_s100_l40_w0.6.pkl,4,100,40,0.6,0.8954215839613252,0.9068327453380373,0.9010910391700948,0.8691156042599166,0.8754664179104478,0.8722794516303927,31,16
3,641,dt_NOF_RFC_FOF_seed3_d4_s100_l40_w0.7.pkl,4,100,40,0.7,0.8794114689814659,0.9445964432284542,0.9108391911828517,0.8502589182968929,0.9189987562189055,0.8832934847579199,31,16
3,642,dt_NOF_RFC_FOF_seed3_d4_s100_l40_w0.8.pkl,4,100,40,0.8,0.8695071065327944,0.9602203182374541,0.9126150477298388,0.8420979216069187,0.9385883084577115,0.8877288434673921,31,16
3,643,dt_NOF_RFC_FOF_seed3_d4_s100_l40_w0.9.pkl,4,100,40,0.9,0.8679881906368621,0.9631362949096407,0.9130902203034078,0.8379348426283821,0.9437189054726368,0.8876864580286633,31,16
3,644,dt_NOF_RFC_FOF_seed3_d4_s100_l40_w1.0.pkl,4,100,40,1.0,0.8624380891516217,0.9716322269421844,0.9137846393445398,0.8277072643802322,0.9530472636815921,0.8859661800838271,29,15
3,645,dt_NOF_RFC_FOF_seed3_d4_s100_l50_w0.6.pkl,4,100,50,0.6,0.8957354406948598,0.9058607531139751,0.9007696438160014,0.8706722558608911,0.8718905472636815,0.8712809756855434,31,16
3,646,dt_NOF_RFC_FOF_seed3_d4_s100_l50_w0.7.pkl,4,100,50,0.7,0.8796858744168876,0.943624451004392,0.9105340859748154,0.8513591671486408,0.9154228855721394,0.8822295474977525,31,16
3,647,dt_NOF_RFC_FOF_seed3_d4_s100_l50_w0.8.pkl,4,100,50,0.8,0.869891630761196,0.9593923248614011,0.9124524942650735,0.843329596412556,0.9356343283582089,0.8870872641509434,31,16
3,648,dt_NOF_RFC_FOF_seed3_d4_s100_l50_w0.9.pkl,4,100,50,0.9,0.8683689049150505,0.9623083015335877,0.9129283994467308,0.8401832824215496,0.9407649253731343,0.8876338565351327,31,16
3,649,dt_NOF_RFC_FOF_seed3_d4_s100_l50_w1.0.pkl,4,100,50,1.0,0.8621713993675536,0.971704226366189,0.9136667512905137,0.8264797087771336,0.9530472636815921,0.8852624738248249,29,15
3,650,dt_NOF_RFC_FOF_seed3_d4_s100_l60_w0.6.pkl,4,100,60,0.6,0.8957354406948598,0.9058607531139751,0.9007696438160014,0.8706722558608911,0.8718905472636815,0.8712809756855434,31,16
3,651,dt_NOF_RFC_FOF_seed3_d4_s100_l60_w0.7.pkl,4,100,60,0.7,0.8796858744168876,0.943624451004392,0.9105340859748154,0.8513591671486408,0.9154228855721394,0.8822295474977525,31,16
3,652,dt_NOF_RFC_FOF_seed3_d4_s100_l60_w0.8.pkl,4,100,60,0.8,0.869891630761196,0.9593923248614011,0.9124524942650735,0.843329596412556,0.9356343283582089,0.8870872641509434,31,16
3,653,dt_NOF_RFC_FOF_seed3_d4_s100_l60_w0.9.pkl,4,100,60,0.9,0.8683689049150505,0.9623083015335877,0.9129283994467308,0.8401832824215496,0.9407649253731343,0.8876338565351327,31,16
3,654,dt_NOF_RFC_FOF_seed3_d4_s100_l60_w1.0.pkl,4,100,60,1.0,0.862677971524556,0.9706602347181222,0.9134890654379754,0.8289009497964722,0.9497823383084577,0.8852340240544848,29,15
3,655,dt_NOF_RFC_FOF_seed3_d4_s100_l70_w0.6.pkl,4,100,70,0.6,0.8957354406948598,0.9058607531139751,0.9007696438160014,0.8706722558608911,0.8718905472636815,0.8712809756855434,31,16
3,656,dt_NOF_RFC_FOF_seed3_d4_s100_l70_w0.7.pkl,4,100,70,0.7,0.8796858744168876,0.943624451004392,0.9105340859748154,0.8513591671486408,0.9154228855721394,0.8822295474977525,31,16
3,657,dt_NOF_RFC_FOF_seed3_d4_s100_l70_w0.8.pkl,4,100,70,0.8,0.869891630761196,0.9593923248614011,0.9124524942650735,0.843329596412556,0.9356343283582089,0.8870872641509434,31,16
3,658,dt_NOF_RFC_FOF_seed3_d4_s100_l70_w0.9.pkl,4,100,70,0.9,0.8683689049150505,0.9623083015335877,0.9129283994467308,0.8401832824215496,0.9407649253731343,0.8876338565351327,31,16
3,659,dt_NOF_RFC_FOF_seed3_d4_s100_l70_w1.0.pkl,4,100,70,1.0,0.862677971524556,0.9706602347181222,0.9134890654379754,0.8289009497964722,0.9497823383084577,0.8852340240544848,27,14
3,660,dt_NOF_RFC_FOF_seed3_d5_s60_l40_w0.6.pkl,5,60,40,0.6,0.8935624696833206,0.9284325725394197,0.9106638418079096,0.8593796600059648,0.8959888059701493,0.8773024813518039,59,30
3,661,dt_NOF_RFC_FOF_seed3_d5_s60_l40_w0.7.pkl,5,60,40,0.7,0.8887487644432326,0.9386924904600763,0.9130381497627676,0.8495626822157435,0.9060945273631841,0.8769184471862774,59,30
3,662,dt_NOF_RFC_FOF_seed3_d5_s60_l40_w0.8.pkl,5,60,40,0.8,0.8935500605222203,0.930124559003528,0.9114705519199902,0.8562286054472392,0.8944340796019901,0.8749144551745115,59,30
3,663,dt_NOF_RFC_FOF_seed3_d5_s60_l40_w0.9.pkl,5,60,40,0.9,0.8884910485933504,0.9379724962200302,0.9125615116543789,0.8367905502736963,0.9031405472636815,0.8687004635860625,59,30
3,664,dt_NOF_RFC_FOF_seed3_d5_s60_l40_w1.0.pkl,5,60,40,1.0,0.8634683995922529,0.9758081935344517,0.9162075376035153,0.8239795918367347,0.9541355721393034,0.8842939481268012,51,26
3,665,dt_NOF_RFC_FOF_seed3_d5_s60_l50_w0.6.pkl,5,60,50,0.6,0.8939220382519352,0.9271005831953344,0.9102090586177037,0.8628777627424448,0.8922574626865671,0.8773217152029351,59,30
3,666,dt_NOF_RFC_FOF_seed3_d5_s60_l50_w0.7.pkl,5,60,50,0.7,0.888498892485943,0.9386204910360717,0.9128722230975264,0.8498538011695906,0.9037624378109452,0.8759795057263412,57,29
3,667,dt_NOF_RFC_FOF_seed3_d5_s60_l50_w0.8.pkl,5,60,50,0.8,0.8934375216098471,0.9302325581395349,0.9114638447971781,0.8504146919431279,0.8927238805970149,0.8710558252427184,59,30
3,668,dt_NOF_RFC_FOF_seed3_d5_s60_l50_w0.9.pkl,5,60,50,0.9,0.8889192419327301,0.9371445028439772,0.9123950721132783,0.8380373425966131,0.9001865671641791,0.8680008994827974,57,29
3,669,dt_NOF_RFC_FOF_seed3_d5_s60_l50_w1.0.pkl,5,60,50,1.0,0.8632021398547955,0.9758801929584563,0.9160893514920077,0.8227644456361443,0.9541355721393034,0.8835936937585487,51,26
3,670,dt_NOF_RFC_FOF_seed3_d5_s60_l60_w0.6.pkl,5,60,60,0.6,0.8940109775585354,0.926452588379293,0.9099427197510784,0.86195947989114,0.8863495024875622,0.8739843630231489,59,30
3,671,dt_NOF_RFC_FOF_seed3_d5_s60_l60_w0.7.pkl,5,60,60,0.7,0.888498892485943,0.9386204910360717,0.9128722230975264,0.8498538011695906,0.9037624378109452,0.8759795057263412,57,29
3,672,dt_NOF_RFC_FOF_seed3_d5_s60_l60_w0.8.pkl,5,60,60,0.8,0.8934375216098471,0.9302325581395349,0.9114638447971781,0.8504146919431279,0.8927238805970149,0.8710558252427184,59,30
3,673,dt_NOF_RFC_FOF_seed3_d5_s60_l60_w0.9.pkl,5,60,60,0.9,0.8889192419327301,0.9371445028439772,0.9123950721132783,0.8380373425966131,0.9001865671641791,0.8680008994827974,57,29
3,674,dt_NOF_RFC_FOF_seed3_d5_s60_l60_w1.0.pkl,5,60,60,1.0,0.8637929934273498,0.9746202030383757,0.9158660351826793,0.825148407987048,0.9508706467661692,0.8835596648367524,51,26
3,675,dt_NOF_RFC_FOF_seed3_d5_s60_l70_w0.6.pkl,5,60,70,0.6,0.8944839114082741,0.9246886024911801,0.9093355046553616,0.8637262357414449,0.882929104477612,0.873222111170908,57,29
3,676,dt_NOF_RFC_FOF_seed3_d5_s60_l70_w0.7.pkl,5,60,70,0.7,0.8886729405346426,0.9382604939160487,0.9127937519700207,0.8503510825043885,0.9037624378109452,0.8762435936086825,57,29
3,677,dt_NOF_RFC_FOF_seed3_d5_s60_l70_w0.8.pkl,5,60,70,0.8,0.8935169169030651,0.9298005615955073,0.9112977206971985,0.8505185185185186,0.892568407960199,0.871036261568806,59,30
3,678,dt_NOF_RFC_FOF_seed3_d5_s60_l70_w0.9.pkl,5,60,70,0.9,0.8889951826164201,0.9367125062999496,0.9122302662716707,0.8381352251339221,0.9000310945273632,0.8679811080290877,57,29
3,679,dt_NOF_RFC_FOF_seed3_d5_s60_l70_w1.0.pkl,5,60,70,1.0,0.8630285277636272,0.9758081935344517,0.9159598553712026,0.824535416105575,0.9519589552238806,0.8836772983114447,49,25
3,680,dt_NOF_RFC_FOF_seed3_d5_s80_l40_w0.6.pkl,5,80,40,0.6,0.8935624696833206,0.9284325725394197,0.9106638418079096,0.8593796600059648,0.8959888059701493,0.8773024813518039,59,30
3,681,dt_NOF_RFC_FOF_seed3_d5_s80_l40_w0.7.pkl,5,80,40,0.7,0.8887487644432326,0.9386924904600763,0.9130381497627676,0.8495626822157435,0.9060945273631841,0.8769184471862774,59,30
3,682,dt_NOF_RFC_FOF_seed3_d5_s80_l40_w0.8.pkl,5,80,40,0.8,0.8935500605222203,0.930124559003528,0.9114705519199902,0.8562286054472392,0.8944340796019901,0.8749144551745115,59,30
3,683,dt_NOF_RFC_FOF_seed3_d5_s80_l40_w0.9.pkl,5,80,40,0.9,0.8884910485933504,0.9379724962200302,0.9125615116543789,0.8367905502736963,0.9031405472636815,0.8687004635860625,59,30
3,684,dt_NOF_RFC_FOF_seed3_d5_s80_l40_w1.0.pkl,5,80,40,1.0,0.8634683995922529,0.9758081935344517,0.9162075376035153,0.8239795918367347,0.9541355721393034,0.8842939481268012,51,26
3,685,dt_NOF_RFC_FOF_seed3_d5_s80_l50_w0.6.pkl,5,80,50,0.6,0.8939220382519352,0.9271005831953344,0.9102090586177037,0.8628777627424448,0.8922574626865671,0.8773217152029351,59,30
3,686,dt_NOF_RFC_FOF_seed3_d5_s80_l50_w0.7.pkl,5,80,50,0.7,0.888498892485943,0.9386204910360717,0.9128722230975264,0.8498538011695906,0.9037624378109452,0.8759795057263412,57,29
3,687,dt_NOF_RFC_FOF_seed3_d5_s80_l50_w0.8.pkl,5,80,50,0.8,0.8934375216098471,0.9302325581395349,0.9114638447971781,0.8504146919431279,0.8927238805970149,0.8710558252427184,59,30
3,688,dt_NOF_RFC_FOF_seed3_d5_s80_l50_w0.9.pkl,5,80,50,0.9,0.8889192419327301,0.9371445028439772,0.9123950721132783,0.8380373425966131,0.9001865671641791,0.8680008994827974,57,29
3,689,dt_NOF_RFC_FOF_seed3_d5_s80_l50_w1.0.pkl,5,80,50,1.0,0.8632021398547955,0.9758801929584563,0.9160893514920077,0.8227644456361443,0.9541355721393034,0.8835936937585487,51,26
3,690,dt_NOF_RFC_FOF_seed3_d5_s80_l60_w0.6.pkl,5,80,60,0.6,0.8940109775585354,0.926452588379293,0.9099427197510784,0.86195947989114,0.8863495024875622,0.8739843630231489,59,30
3,691,dt_NOF_RFC_FOF_seed3_d5_s80_l60_w0.7.pkl,5,80,60,0.7,0.888498892485943,0.9386204910360717,0.9128722230975264,0.8498538011695906,0.9037624378109452,0.8759795057263412,57,29
3,692,dt_NOF_RFC_FOF_seed3_d5_s80_l60_w0.8.pkl,5,80,60,0.8,0.8934375216098471,0.9302325581395349,0.9114638447971781,0.8504146919431279,0.8927238805970149,0.8710558252427184,59,30
3,693,dt_NOF_RFC_FOF_seed3_d5_s80_l60_w0.9.pkl,5,80,60,0.9,0.8889192419327301,0.9371445028439772,0.9123950721132783,0.8380373425966131,0.9001865671641791,0.8680008994827974,57,29
3,694,dt_NOF_RFC_FOF_seed3_d5_s80_l60_w1.0.pkl,5,80,60,1.0,0.8637929934273498,0.9746202030383757,0.9158660351826793,0.825148407987048,0.9508706467661692,0.8835596648367524,51,26
3,695,dt_NOF_RFC_FOF_seed3_d5_s80_l70_w0.6.pkl,5,80,70,0.6,0.8944839114082741,0.9246886024911801,0.9093355046553616,0.8637262357414449,0.882929104477612,0.873222111170908,57,29
3,696,dt_NOF_RFC_FOF_seed3_d5_s80_l70_w0.7.pkl,5,80,70,0.7,0.8886729405346426,0.9382604939160487,0.9127937519700207,0.8503510825043885,0.9037624378109452,0.8762435936086825,57,29
3,697,dt_NOF_RFC_FOF_seed3_d5_s80_l70_w0.8.pkl,5,80,70,0.8,0.8935169169030651,0.9298005615955073,0.9112977206971985,0.8505185185185186,0.892568407960199,0.871036261568806,59,30
3,698,dt_NOF_RFC_FOF_seed3_d5_s80_l70_w0.9.pkl,5,80,70,0.9,0.8889951826164201,0.9367125062999496,0.9122302662716707,0.8381352251339221,0.9000310945273632,0.8679811080290877,57,29
3,699,dt_NOF_RFC_FOF_seed3_d5_s80_l70_w1.0.pkl,5,80,70,1.0,0.8630285277636272,0.9758081935344517,0.9159598553712026,0.824535416105575,0.9519589552238806,0.8836772983114447,49,25
3,700,dt_NOF_RFC_FOF_seed3_d5_s100_l40_w0.6.pkl,5,100,40,0.6,0.8935624696833206,0.9284325725394197,0.9106638418079096,0.8593796600059648,0.8959888059701493,0.8773024813518039,59,30
3,701,dt_NOF_RFC_FOF_seed3_d5_s100_l40_w0.7.pkl,5,100,40,0.7,0.8887487644432326,0.9386924904600763,0.9130381497627676,0.8495626822157435,0.9060945273631841,0.8769184471862774,59,30
3,702,dt_NOF_RFC_FOF_seed3_d5_s100_l40_w0.8.pkl,5,100,40,0.8,0.8935500605222203,0.930124559003528,0.9114705519199902,0.8562286054472392,0.8944340796019901,0.8749144551745115,59,30
3,703,dt_NOF_RFC_FOF_seed3_d5_s100_l40_w0.9.pkl,5,100,40,0.9,0.8884910485933504,0.9379724962200302,0.9125615116543789,0.8367905502736963,0.9031405472636815,0.8687004635860625,59,30
3,704,dt_NOF_RFC_FOF_seed3_d5_s100_l40_w1.0.pkl,5,100,40,1.0,0.8634683995922529,0.9758081935344517,0.9162075376035153,0.8239795918367347,0.9541355721393034,0.8842939481268012,51,26
3,705,dt_NOF_RFC_FOF_seed3_d5_s100_l50_w0.6.pkl,5,100,50,0.6,0.8939220382519352,0.9271005831953344,0.9102090586177037,0.8628777627424448,0.8922574626865671,0.8773217152029351,59,30
3,706,dt_NOF_RFC_FOF_seed3_d5_s100_l50_w0.7.pkl,5,100,50,0.7,0.888498892485943,0.9386204910360717,0.9128722230975264,0.8498538011695906,0.9037624378109452,0.8759795057263412,57,29
3,707,dt_NOF_RFC_FOF_seed3_d5_s100_l50_w0.8.pkl,5,100,50,0.8,0.8934375216098471,0.9302325581395349,0.9114638447971781,0.8504146919431279,0.8927238805970149,0.8710558252427184,59,30
3,708,dt_NOF_RFC_FOF_seed3_d5_s100_l50_w0.9.pkl,5,100,50,0.9,0.8889192419327301,0.9371445028439772,0.9123950721132783,0.8380373425966131,0.9001865671641791,0.8680008994827974,57,29
3,709,dt_NOF_RFC_FOF_seed3_d5_s100_l50_w1.0.pkl,5,100,50,1.0,0.8632021398547955,0.9758801929584563,0.9160893514920077,0.8227644456361443,0.9541355721393034,0.8835936937585487,51,26
3,710,dt_NOF_RFC_FOF_seed3_d5_s100_l60_w0.6.pkl,5,100,60,0.6,0.8940109775585354,0.926452588379293,0.9099427197510784,0.86195947989114,0.8863495024875622,0.8739843630231489,59,30
3,711,dt_NOF_RFC_FOF_seed3_d5_s100_l60_w0.7.pkl,5,100,60,0.7,0.888498892485943,0.9386204910360717,0.9128722230975264,0.8498538011695906,0.9037624378109452,0.8759795057263412,57,29
3,712,dt_NOF_RFC_FOF_seed3_d5_s100_l60_w0.8.pkl,5,100,60,0.8,0.8934375216098471,0.9302325581395349,0.9114638447971781,0.8504146919431279,0.8927238805970149,0.8710558252427184,59,30
3,713,dt_NOF_RFC_FOF_seed3_d5_s100_l60_w0.9.pkl,5,100,60,0.9,0.8889192419327301,0.9371445028439772,0.9123950721132783,0.8380373425966131,0.9001865671641791,0.8680008994827974,57,29
3,714,dt_NOF_RFC_FOF_seed3_d5_s100_l60_w1.0.pkl,5,100,60,1.0,0.8637929934273498,0.9746202030383757,0.9158660351826793,0.825148407987048,0.9508706467661692,0.8835596648367524,51,26
3,715,dt_NOF_RFC_FOF_seed3_d5_s100_l70_w0.6.pkl,5,100,70,0.6,0.8944839114082741,0.9246886024911801,0.9093355046553616,0.8637262357414449,0.882929104477612,0.873222111170908,57,29
3,716,dt_NOF_RFC_FOF_seed3_d5_s100_l70_w0.7.pkl,5,100,70,0.7,0.8886729405346426,0.9382604939160487,0.9127937519700207,0.8503510825043885,0.9037624378109452,0.8762435936086825,57,29
3,717,dt_NOF_RFC_FOF_seed3_d5_s100_l70_w0.8.pkl,5,100,70,0.8,0.8935169169030651,0.9298005615955073,0.9112977206971985,0.8505185185185186,0.892568407960199,0.871036261568806,59,30
3,718,dt_NOF_RFC_FOF_seed3_d5_s100_l70_w0.9.pkl,5,100,70,0.9,0.8889951826164201,0.9367125062999496,0.9122302662716707,0.8381352251339221,0.9000310945273632,0.8679811080290877,57,29
3,719,dt_NOF_RFC_FOF_seed3_d5_s100_l70_w1.0.pkl,5,100,70,1.0,0.8630285277636272,0.9758081935344517,0.9159598553712026,0.824535416105575,0.9519589552238806,0.8836772983114447,49,25
4,720,dt_NOF_RFC_FOF_seed4_d3_s60_l40_w0.6.pkl,3,60,40,0.6,0.8912097128479571,0.8836573872411199,0.8874174819056709,0.8998982015609094,0.888243831640058,0.8940330374199348,15,8
4,721,dt_NOF_RFC_FOF_seed4_d3_s60_l40_w0.7.pkl,3,60,40,0.7,0.8912097128479571,0.8836573872411199,0.8874174819056709,0.8998982015609094,0.888243831640058,0.8940330374199348,15,8
4,722,dt_NOF_RFC_FOF_seed4_d3_s60_l40_w0.8.pkl,3,60,40,0.8,0.8912097128479571,0.8836573872411199,0.8874174819056709,0.8998982015609094,0.888243831640058,0.8940330374199348,15,8
4,723,dt_NOF_RFC_FOF_seed4_d3_s60_l40_w0.9.pkl,3,60,40,0.9,0.8550321199143469,0.9487189640834752,0.8994424943217014,0.8683705424790383,0.9596963268951658,0.9117522274077217,15,8
4,724,dt_NOF_RFC_FOF_seed4_d3_s60_l40_w1.0.pkl,3,60,40,1.0,0.855026946000928,0.9486793648279412,0.899421835110377,0.8683306386418755,0.9593613933236574,0.9115790590356972,15,8
4,725,dt_NOF_RFC_FOF_seed4_d3_s60_l50_w0.6.pkl,3,60,50,0.6,0.8912097128479571,0.8836573872411199,0.8874174819056709,0.8998982015609094,0.888243831640058,0.8940330374199348,15,8
4,726,dt_NOF_RFC_FOF_seed4_d3_s60_l50_w0.7.pkl,3,60,50,0.7,0.8912097128479571,0.8836573872411199,0.8874174819056709,0.8998982015609094,0.888243831640058,0.8940330374199348,15,8
4,727,dt_NOF_RFC_FOF_seed4_d3_s60_l50_w0.8.pkl,3,60,50,0.8,0.8912097128479571,0.8836573872411199,0.8874174819056709,0.8998982015609094,0.888243831640058,0.8940330374199348,15,8
4,728,dt_NOF_RFC_FOF_seed4_d3_s60_l50_w0.9.pkl,3,60,50,0.9,0.8550321199143469,0.9487189640834752,0.8994424943217014,0.8683705424790383,0.9596963268951658,0.9117522274077217,15,8
4,729,dt_NOF_RFC_FOF_seed4_d3_s60_l50_w1.0.pkl,3,60,50,1.0,0.855026946000928,0.9486793648279412,0.899421835110377,0.8683306386418755,0.9593613933236574,0.9115790590356972,15,8
4,730,dt_NOF_RFC_FOF_seed4_d3_s60_l60_w0.6.pkl,3,60,60,0.6,0.8912097128479571,0.8836573872411199,0.8874174819056709,0.8998982015609094,0.888243831640058,0.8940330374199348,15,8
4,731,dt_NOF_RFC_FOF_seed4_d3_s60_l60_w0.7.pkl,3,60,60,0.7,0.8912097128479571,0.8836573872411199,0.8874174819056709,0.8998982015609094,0.888243831640058,0.8940330374199348,15,8
4,732,dt_NOF_RFC_FOF_seed4_d3_s60_l60_w0.8.pkl,3,60,60,0.8,0.8912097128479571,0.8836573872411199,0.8874174819056709,0.8998982015609094,0.888243831640058,0.8940330374199348,15,8
4,733,dt_NOF_RFC_FOF_seed4_d3_s60_l60_w0.9.pkl,3,60,60,0.9,0.8550321199143469,0.9487189640834752,0.8994424943217014,0.8683705424790383,0.9596963268951658,0.9117522274077217,15,8
4,734,dt_NOF_RFC_FOF_seed4_d3_s60_l60_w1.0.pkl,3,60,60,1.0,0.855026946000928,0.9486793648279412,0.899421835110377,0.8683306386418755,0.9593613933236574,0.9115790590356972,15,8
4,735,dt_NOF_RFC_FOF_seed4_d3_s60_l70_w0.6.pkl,3,60,70,0.6,0.8912097128479571,0.8836573872411199,0.8874174819056709,0.8998982015609094,0.888243831640058,0.8940330374199348,15,8
4,736,dt_NOF_RFC_FOF_seed4_d3_s60_l70_w0.7.pkl,3,60,70,0.7,0.8912097128479571,0.8836573872411199,0.8874174819056709,0.8998982015609094,0.888243831640058,0.8940330374199348,15,8
4,737,dt_NOF_RFC_FOF_seed4_d3_s60_l70_w0.8.pkl,3,60,70,0.8,0.8912097128479571,0.8836573872411199,0.8874174819056709,0.8998982015609094,0.888243831640058,0.8940330374199348,15,8
4,738,dt_NOF_RFC_FOF_seed4_d3_s60_l70_w0.9.pkl,3,60,70,0.9,0.8550321199143469,0.9487189640834752,0.8994424943217014,0.8683705424790383,0.9596963268951658,0.9117522274077217,15,8
4,739,dt_NOF_RFC_FOF_seed4_d3_s60_l70_w1.0.pkl,3,60,70,1.0,0.855026946000928,0.9486793648279412,0.899421835110377,0.8683306386418755,0.9593613933236574,0.9115790590356972,15,8
4,740,dt_NOF_RFC_FOF_seed4_d3_s80_l40_w0.6.pkl,3,80,40,0.6,0.8912097128479571,0.8836573872411199,0.8874174819056709,0.8998982015609094,0.888243831640058,0.8940330374199348,15,8
4,741,dt_NOF_RFC_FOF_seed4_d3_s80_l40_w0.7.pkl,3,80,40,0.7,0.8912097128479571,0.8836573872411199,0.8874174819056709,0.8998982015609094,0.888243831640058,0.8940330374199348,15,8
4,742,dt_NOF_RFC_FOF_seed4_d3_s80_l40_w0.8.pkl,3,80,40,0.8,0.8912097128479571,0.8836573872411199,0.8874174819056709,0.8998982015609094,0.888243831640058,0.8940330374199348,15,8
4,743,dt_NOF_RFC_FOF_seed4_d3_s80_l40_w0.9.pkl,3,80,40,0.9,0.8550321199143469,0.9487189640834752,0.8994424943217014,0.8683705424790383,0.9596963268951658,0.9117522274077217,15,8
4,744,dt_NOF_RFC_FOF_seed4_d3_s80_l40_w1.0.pkl,3,80,40,1.0,0.855026946000928,0.9486793648279412,0.899421835110377,0.8683306386418755,0.9593613933236574,0.9115790590356972,15,8
4,745,dt_NOF_RFC_FOF_seed4_d3_s80_l50_w0.6.pkl,3,80,50,0.6,0.8912097128479571,0.8836573872411199,0.8874174819056709,0.8998982015609094,0.888243831640058,0.8940330374199348,15,8
4,746,dt_NOF_RFC_FOF_seed4_d3_s80_l50_w0.7.pkl,3,80,50,0.7,0.8912097128479571,0.8836573872411199,0.8874174819056709,0.8998982015609094,0.888243831640058,0.8940330374199348,15,8
4,747,dt_NOF_RFC_FOF_seed4_d3_s80_l50_w0.8.pkl,3,80,50,0.8,0.8912097128479571,0.8836573872411199,0.8874174819056709,0.8998982015609094,0.888243831640058,0.8940330374199348,15,8
4,748,dt_NOF_RFC_FOF_seed4_d3_s80_l50_w0.9.pkl,3,80,50,0.9,0.8550321199143469,0.9487189640834752,0.8994424943217014,0.8683705424790383,0.9596963268951658,0.9117522274077217,15,8
4,749,dt_NOF_RFC_FOF_seed4_d3_s80_l50_w1.0.pkl,3,80,50,1.0,0.855026946000928,0.9486793648279412,0.899421835110377,0.8683306386418755,0.9593613933236574,0.9115790590356972,15,8
4,750,dt_NOF_RFC_FOF_seed4_d3_s80_l60_w0.6.pkl,3,80,60,0.6,0.8912097128479571,0.8836573872411199,0.8874174819056709,0.8998982015609094,0.888243831640058,0.8940330374199348,15,8
4,751,dt_NOF_RFC_FOF_seed4_d3_s80_l60_w0.7.pkl,3,80,60,0.7,0.8912097128479571,0.8836573872411199,0.8874174819056709,0.8998982015609094,0.888243831640058,0.8940330374199348,15,8
4,752,dt_NOF_RFC_FOF_seed4_d3_s80_l60_w0.8.pkl,3,80,60,0.8,0.8912097128479571,0.8836573872411199,0.8874174819056709,0.8998982015609094,0.888243831640058,0.8940330374199348,15,8
4,753,dt_NOF_RFC_FOF_seed4_d3_s80_l60_w0.9.pkl,3,80,60,0.9,0.8550321199143469,0.9487189640834752,0.8994424943217014,0.8683705424790383,0.9596963268951658,0.9117522274077217,15,8
4,754,dt_NOF_RFC_FOF_seed4_d3_s80_l60_w1.0.pkl,3,80,60,1.0,0.855026946000928,0.9486793648279412,0.899421835110377,0.8683306386418755,0.9593613933236574,0.9115790590356972,15,8
4,755,dt_NOF_RFC_FOF_seed4_d3_s80_l70_w0.6.pkl,3,80,70,0.6,0.8912097128479571,0.8836573872411199,0.8874174819056709,0.8998982015609094,0.888243831640058,0.8940330374199348,15,8
4,756,dt_NOF_RFC_FOF_seed4_d3_s80_l70_w0.7.pkl,3,80,70,0.7,0.8912097128479571,0.8836573872411199,0.8874174819056709,0.8998982015609094,0.888243831640058,0.8940330374199348,15,8
4,757,dt_NOF_RFC_FOF_seed4_d3_s80_l70_w0.8.pkl,3,80,70,0.8,0.8912097128479571,0.8836573872411199,0.8874174819056709,0.8998982015609094,0.888243831640058,0.8940330374199348,15,8
4,758,dt_NOF_RFC_FOF_seed4_d3_s80_l70_w0.9.pkl,3,80,70,0.9,0.8550321199143469,0.9487189640834752,0.8994424943217014,0.8683705424790383,0.9596963268951658,0.9117522274077217,15,8
4,759,dt_NOF_RFC_FOF_seed4_d3_s80_l70_w1.0.pkl,3,80,70,1.0,0.855026946000928,0.9486793648279412,0.899421835110377,0.8683306386418755,0.9593613933236574,0.9115790590356972,15,8
4,760,dt_NOF_RFC_FOF_seed4_d3_s100_l40_w0.6.pkl,3,100,40,0.6,0.8912097128479571,0.8836573872411199,0.8874174819056709,0.8998982015609094,0.888243831640058,0.8940330374199348,15,8
4,761,dt_NOF_RFC_FOF_seed4_d3_s100_l40_w0.7.pkl,3,100,40,0.7,0.8912097128479571,0.8836573872411199,0.8874174819056709,0.8998982015609094,0.888243831640058,0.8940330374199348,15,8
4,762,dt_NOF_RFC_FOF_seed4_d3_s100_l40_w0.8.pkl,3,100,40,0.8,0.8912097128479571,0.8836573872411199,0.8874174819056709,0.8998982015609094,0.888243831640058,0.8940330374199348,15,8
4,763,dt_NOF_RFC_FOF_seed4_d3_s100_l40_w0.9.pkl,3,100,40,0.9,0.8550321199143469,0.9487189640834752,0.8994424943217014,0.8683705424790383,0.9596963268951658,0.9117522274077217,15,8
4,764,dt_NOF_RFC_FOF_seed4_d3_s100_l40_w1.0.pkl,3,100,40,1.0,0.855026946000928,0.9486793648279412,0.899421835110377,0.8683306386418755,0.9593613933236574,0.9115790590356972,15,8
4,765,dt_NOF_RFC_FOF_seed4_d3_s100_l50_w0.6.pkl,3,100,50,0.6,0.8912097128479571,0.8836573872411199,0.8874174819056709,0.8998982015609094,0.888243831640058,0.8940330374199348,15,8
4,766,dt_NOF_RFC_FOF_seed4_d3_s100_l50_w0.7.pkl,3,100,50,0.7,0.8912097128479571,0.8836573872411199,0.8874174819056709,0.8998982015609094,0.888243831640058,0.8940330374199348,15,8
4,767,dt_NOF_RFC_FOF_seed4_d3_s100_l50_w0.8.pkl,3,100,50,0.8,0.8912097128479571,0.8836573872411199,0.8874174819056709,0.8998982015609094,0.888243831640058,0.8940330374199348,15,8
4,768,dt_NOF_RFC_FOF_seed4_d3_s100_l50_w0.9.pkl,3,100,50,0.9,0.8550321199143469,0.9487189640834752,0.8994424943217014,0.8683705424790383,0.9596963268951658,0.9117522274077217,15,8
4,769,dt_NOF_RFC_FOF_seed4_d3_s100_l50_w1.0.pkl,3,100,50,1.0,0.855026946000928,0.9486793648279412,0.899421835110377,0.8683306386418755,0.9593613933236574,0.9115790590356972,15,8
4,770,dt_NOF_RFC_FOF_seed4_d3_s100_l60_w0.6.pkl,3,100,60,0.6,0.8912097128479571,0.8836573872411199,0.8874174819056709,0.8998982015609094,0.888243831640058,0.8940330374199348,15,8
4,771,dt_NOF_RFC_FOF_seed4_d3_s100_l60_w0.7.pkl,3,100,60,0.7,0.8912097128479571,0.8836573872411199,0.8874174819056709,0.8998982015609094,0.888243831640058,0.8940330374199348,15,8
4,772,dt_NOF_RFC_FOF_seed4_d3_s100_l60_w0.8.pkl,3,100,60,0.8,0.8912097128479571,0.8836573872411199,0.8874174819056709,0.8998982015609094,0.888243831640058,0.8940330374199348,15,8
4,773,dt_NOF_RFC_FOF_seed4_d3_s100_l60_w0.9.pkl,3,100,60,0.9,0.8550321199143469,0.9487189640834752,0.8994424943217014,0.8683705424790383,0.9596963268951658,0.9117522274077217,15,8
4,774,dt_NOF_RFC_FOF_seed4_d3_s100_l60_w1.0.pkl,3,100,60,1.0,0.855026946000928,0.9486793648279412,0.899421835110377,0.8683306386418755,0.9593613933236574,0.9115790590356972,15,8
4,775,dt_NOF_RFC_FOF_seed4_d3_s100_l70_w0.6.pkl,3,100,70,0.6,0.8912097128479571,0.8836573872411199,0.8874174819056709,0.8998982015609094,0.888243831640058,0.8940330374199348,15,8
4,776,dt_NOF_RFC_FOF_seed4_d3_s100_l70_w0.7.pkl,3,100,70,0.7,0.8912097128479571,0.8836573872411199,0.8874174819056709,0.8998982015609094,0.888243831640058,0.8940330374199348,15,8
4,777,dt_NOF_RFC_FOF_seed4_d3_s100_l70_w0.8.pkl,3,100,70,0.8,0.8912097128479571,0.8836573872411199,0.8874174819056709,0.8998982015609094,0.888243831640058,0.8940330374199348,15,8
4,778,dt_NOF_RFC_FOF_seed4_d3_s100_l70_w0.9.pkl,3,100,70,0.9,0.8550321199143469,0.9487189640834752,0.8994424943217014,0.8683705424790383,0.9596963268951658,0.9117522274077217,15,8
4,779,dt_NOF_RFC_FOF_seed4_d3_s100_l70_w1.0.pkl,3,100,70,1.0,0.855026946000928,0.9486793648279412,0.899421835110377,0.8683306386418755,0.9593613933236574,0.9115790590356972,15,8
4,780,dt_NOF_RFC_FOF_seed4_d4_s60_l40_w0.6.pkl,4,60,40,0.6,0.8926694218192032,0.8810042371203421,0.8867984693877551,0.9009193054136875,0.8862342302110081,0.8935164340387213,31,16
4,781,dt_NOF_RFC_FOF_seed4_d4_s60_l40_w0.7.pkl,4,60,40,0.7,0.873632507256084,0.9297113214271572,0.900799969305734,0.8859807142100243,0.933459863793681,0.9091007937370882,31,16
4,782,dt_NOF_RFC_FOF_seed4_d4_s60_l40_w0.8.pkl,4,60,40,0.8,0.873632507256084,0.9297113214271572,0.900799969305734,0.8859807142100243,0.933459863793681,0.9091007937370882,31,16
4,783,dt_NOF_RFC_FOF_seed4_d4_s60_l40_w0.9.pkl,4,60,40,0.9,0.8565068372142327,0.9598859541440621,0.90525450946708,0.8695519348268839,0.9533325890365077,0.9095169622410396,31,16
4,784,dt_NOF_RFC_FOF_seed4_d4_s60_l40_w1.0.pkl,4,60,40,1.0,0.8555163905534015,0.9611135310656159,0.9052458832963467,0.869233895549685,0.9551189014178855,0.9101547954678441,31,16
4,785,dt_NOF_RFC_FOF_seed4_d4_s60_l50_w0.6.pkl,4,60,50,0.6,0.8926694218192032,0.8810042371203421,0.8867984693877551,0.9009193054136875,0.8862342302110081,0.8935164340387213,31,16
4,786,dt_NOF_RFC_FOF_seed4_d4_s60_l50_w0.7.pkl,4,60,50,0.7,0.873632507256084,0.9297113214271572,0.900799969305734,0.8859807142100243,0.933459863793681,0.9091007937370882,31,16
4,787,dt_NOF_RFC_FOF_seed4_d4_s60_l50_w0.8.pkl,4,60,50,0.8,0.873632507256084,0.9297113214271572,0.900799969305734,0.8859807142100243,0.933459863793681,0.9091007937370882,31,16
4,788,dt_NOF_RFC_FOF_seed4_d4_s60_l50_w0.9.pkl,4,60,50,0.9,0.8565068372142327,0.9598859541440621,0.90525450946708,0.8695519348268839,0.9533325890365077,0.9095169622410396,31,16
4,789,dt_NOF_RFC_FOF_seed4_d4_s60_l50_w1.0.pkl,4,60,50,1.0,0.8555163905534015,0.9611135310656159,0.9052458832963467,0.869233895549685,0.9551189014178855,0.9101547954678441,31,16
4,790,dt_NOF_RFC_FOF_seed4_d4_s60_l60_w0.6.pkl,4,60,60,0.6,0.8926694218192032,0.8810042371203421,0.8867984693877551,0.9009193054136875,0.8862342302110081,0.8935164340387213,31,16
4,791,dt_NOF_RFC_FOF_seed4_d4_s60_l60_w0.7.pkl,4,60,60,0.7,0.873632507256084,0.9297113214271572,0.900799969305734,0.8859807142100243,0.933459863793681,0.9091007937370882,31,16
4,792,dt_NOF_RFC_FOF_seed4_d4_s60_l60_w0.8.pkl,4,60,60,0.8,0.873632507256084,0.9297113214271572,0.900799969305734,0.8859807142100243,0.933459863793681,0.9091007937370882,31,16
4,793,dt_NOF_RFC_FOF_seed4_d4_s60_l60_w0.9.pkl,4,60,60,0.9,0.8565068372142327,0.9598859541440621,0.90525450946708,0.8695519348268839,0.9533325890365077,0.9095169622410396,31,16
4,794,dt_NOF_RFC_FOF_seed4_d4_s60_l60_w1.0.pkl,4,60,60,1.0,0.8555163905534015,0.9611135310656159,0.9052458832963467,0.869233895549685,0.9551189014178855,0.9101547954678441,31,16
4,795,dt_NOF_RFC_FOF_seed4_d4_s60_l70_w0.6.pkl,4,60,70,0.6,0.8926694218192032,0.8810042371203421,0.8867984693877551,0.9009193054136875,0.8862342302110081,0.8935164340387213,31,16
4,796,dt_NOF_RFC_FOF_seed4_d4_s60_l70_w0.7.pkl,4,60,70,0.7,0.8738627889634601,0.9280877519502634,0.900159391623298,0.886648270006368,0.9326783521268281,0.9090810163773873,31,16
4,797,dt_NOF_RFC_FOF_seed4_d4_s60_l70_w0.8.pkl,4,60,70,0.8,0.8725868725868726,0.9307409020710411,0.9007262066719041,0.8857384680490902,0.9346879535558781,0.9095551089141181,31,16
4,798,dt_NOF_RFC_FOF_seed4_d4_s60_l70_w0.9.pkl,4,60,70,0.9,0.8555210830630376,0.960915534787946,0.9051606766510621,0.8693441789527199,0.9545606787987049,0.9099616858237548,31,16
4,799,dt_NOF_RFC_FOF_seed4_d4_s60_l70_w1.0.pkl,4,60,70,1.0,0.8555163905534015,0.9611135310656159,0.9052458832963467,0.869233895549685,0.9551189014178855,0.9101547954678441,31,16
4,800,dt_NOF_RFC_FOF_seed4_d4_s80_l40_w0.6.pkl,4,80,40,0.6,0.8926694218192032,0.8810042371203421,0.8867984693877551,0.9009193054136875,0.8862342302110081,0.8935164340387213,31,16
4,801,dt_NOF_RFC_FOF_seed4_d4_s80_l40_w0.7.pkl,4,80,40,0.7,0.873632507256084,0.9297113214271572,0.900799969305734,0.8859807142100243,0.933459863793681,0.9091007937370882,31,16
4,802,dt_NOF_RFC_FOF_seed4_d4_s80_l40_w0.8.pkl,4,80,40,0.8,0.873632507256084,0.9297113214271572,0.900799969305734,0.8859807142100243,0.933459863793681,0.9091007937370882,31,16
4,803,dt_NOF_RFC_FOF_seed4_d4_s80_l40_w0.9.pkl,4,80,40,0.9,0.8565068372142327,0.9598859541440621,0.90525450946708,0.8695519348268839,0.9533325890365077,0.9095169622410396,31,16
4,804,dt_NOF_RFC_FOF_seed4_d4_s80_l40_w1.0.pkl,4,80,40,1.0,0.8555163905534015,0.9611135310656159,0.9052458832963467,0.869233895549685,0.9551189014178855,0.9101547954678441,31,16
4,805,dt_NOF_RFC_FOF_seed4_d4_s80_l50_w0.6.pkl,4,80,50,0.6,0.8926694218192032,0.8810042371203421,0.8867984693877551,0.9009193054136875,0.8862342302110081,0.8935164340387213,31,16
4,806,dt_NOF_RFC_FOF_seed4_d4_s80_l50_w0.7.pkl,4,80,50,0.7,0.873632507256084,0.9297113214271572,0.900799969305734,0.8859807142100243,0.933459863793681,0.9091007937370882,31,16
4,807,dt_NOF_RFC_FOF_seed4_d4_s80_l50_w0.8.pkl,4,80,50,0.8,0.873632507256084,0.9297113214271572,0.900799969305734,0.8859807142100243,0.933459863793681,0.9091007937370882,31,16
4,808,dt_NOF_RFC_FOF_seed4_d4_s80_l50_w0.9.pkl,4,80,50,0.9,0.8565068372142327,0.9598859541440621,0.90525450946708,0.8695519348268839,0.9533325890365077,0.9095169622410396,31,16
4,809,dt_NOF_RFC_FOF_seed4_d4_s80_l50_w1.0.pkl,4,80,50,1.0,0.8555163905534015,0.9611135310656159,0.9052458832963467,0.869233895549685,0.9551189014178855,0.9101547954678441,31,16
4,810,dt_NOF_RFC_FOF_seed4_d4_s80_l60_w0.6.pkl,4,80,60,0.6,0.8926694218192032,0.8810042371203421,0.8867984693877551,0.9009193054136875,0.8862342302110081,0.8935164340387213,31,16
4,811,dt_NOF_RFC_FOF_seed4_d4_s80_l60_w0.7.pkl,4,80,60,0.7,0.873632507256084,0.9297113214271572,0.900799969305734,0.8859807142100243,0.933459863793681,0.9091007937370882,31,16
4,812,dt_NOF_RFC_FOF_seed4_d4_s80_l60_w0.8.pkl,4,80,60,0.8,0.873632507256084,0.9297113214271572,0.900799969305734,0.8859807142100243,0.933459863793681,0.9091007937370882,31,16
4,813,dt_NOF_RFC_FOF_seed4_d4_s80_l60_w0.9.pkl,4,80,60,0.9,0.8565068372142327,0.9598859541440621,0.90525450946708,0.8695519348268839,0.9533325890365077,0.9095169622410396,31,16
4,814,dt_NOF_RFC_FOF_seed4_d4_s80_l60_w1.0.pkl,4,80,60,1.0,0.8555163905534015,0.9611135310656159,0.9052458832963467,0.869233895549685,0.9551189014178855,0.9101547954678441,31,16
4,815,dt_NOF_RFC_FOF_seed4_d4_s80_l70_w0.6.pkl,4,80,70,0.6,0.8926694218192032,0.8810042371203421,0.8867984693877551,0.9009193054136875,0.8862342302110081,0.8935164340387213,31,16
4,816,dt_NOF_RFC_FOF_seed4_d4_s80_l70_w0.7.pkl,4,80,70,0.7,0.8738627889634601,0.9280877519502634,0.900159391623298,0.886648270006368,0.9326783521268281,0.9090810163773873,31,16
4,817,dt_NOF_RFC_FOF_seed4_d4_s80_l70_w0.8.pkl,4,80,70,0.8,0.8725868725868726,0.9307409020710411,0.9007262066719041,0.8857384680490902,0.9346879535558781,0.9095551089141181,31,16
4,818,dt_NOF_RFC_FOF_seed4_d4_s80_l70_w0.9.pkl,4,80,70,0.9,0.8555210830630376,0.960915534787946,0.9051606766510621,0.8693441789527199,0.9545606787987049,0.9099616858237548,31,16
4,819,dt_NOF_RFC_FOF_seed4_d4_s80_l70_w1.0.pkl,4,80,70,1.0,0.8555163905534015,0.9611135310656159,0.9052458832963467,0.869233895549685,0.9551189014178855,0.9101547954678441,31,16
4,820,dt_NOF_RFC_FOF_seed4_d4_s100_l40_w0.6.pkl,4,100,40,0.6,0.8926694218192032,0.8810042371203421,0.8867984693877551,0.9009193054136875,0.8862342302110081,0.8935164340387213,31,16
4,821,dt_NOF_RFC_FOF_seed4_d4_s100_l40_w0.7.pkl,4,100,40,0.7,0.873632507256084,0.9297113214271572,0.900799969305734,0.8859807142100243,0.933459863793681,0.9091007937370882,31,16
4,822,dt_NOF_RFC_FOF_seed4_d4_s100_l40_w0.8.pkl,4,100,40,0.8,0.873632507256084,0.9297113214271572,0.900799969305734,0.8859807142100243,0.933459863793681,0.9091007937370882,31,16
4,823,dt_NOF_RFC_FOF_seed4_d4_s100_l40_w0.9.pkl,4,100,40,0.9,0.8565068372142327,0.9598859541440621,0.90525450946708,0.8695519348268839,0.9533325890365077,0.9095169622410396,31,16
4,824,dt_NOF_RFC_FOF_seed4_d4_s100_l40_w1.0.pkl,4,100,40,1.0,0.8555163905534015,0.9611135310656159,0.9052458832963467,0.869233895549685,0.9551189014178855,0.9101547954678441,31,16
4,825,dt_NOF_RFC_FOF_seed4_d4_s100_l50_w0.6.pkl,4,100,50,0.6,0.8926694218192032,0.8810042371203421,0.8867984693877551,0.9009193054136875,0.8862342302110081,0.8935164340387213,31,16
4,826,dt_NOF_RFC_FOF_seed4_d4_s100_l50_w0.7.pkl,4,100,50,0.7,0.873632507256084,0.9297113214271572,0.900799969305734,0.8859807142100243,0.933459863793681,0.9091007937370882,31,16
4,827,dt_NOF_RFC_FOF_seed4_d4_s100_l50_w0.8.pkl,4,100,50,0.8,0.873632507256084,0.9297113214271572,0.900799969305734,0.8859807142100243,0.933459863793681,0.9091007937370882,31,16
4,828,dt_NOF_RFC_FOF_seed4_d4_s100_l50_w0.9.pkl,4,100,50,0.9,0.8565068372142327,0.9598859541440621,0.90525450946708,0.8695519348268839,0.9533325890365077,0.9095169622410396,31,16
4,829,dt_NOF_RFC_FOF_seed4_d4_s100_l50_w1.0.pkl,4,100,50,1.0,0.8555163905534015,0.9611135310656159,0.9052458832963467,0.869233895549685,0.9551189014178855,0.9101547954678441,31,16
4,830,dt_NOF_RFC_FOF_seed4_d4_s100_l60_w0.6.pkl,4,100,60,0.6,0.8926694218192032,0.8810042371203421,0.8867984693877551,0.9009193054136875,0.8862342302110081,0.8935164340387213,31,16
4,831,dt_NOF_RFC_FOF_seed4_d4_s100_l60_w0.7.pkl,4,100,60,0.7,0.873632507256084,0.9297113214271572,0.900799969305734,0.8859807142100243,0.933459863793681,0.9091007937370882,31,16
4,832,dt_NOF_RFC_FOF_seed4_d4_s100_l60_w0.8.pkl,4,100,60,0.8,0.873632507256084,0.9297113214271572,0.900799969305734,0.8859807142100243,0.933459863793681,0.9091007937370882,31,16
4,833,dt_NOF_RFC_FOF_seed4_d4_s100_l60_w0.9.pkl,4,100,60,0.9,0.8565068372142327,0.9598859541440621,0.90525450946708,0.8695519348268839,0.9533325890365077,0.9095169622410396,31,16
4,834,dt_NOF_RFC_FOF_seed4_d4_s100_l60_w1.0.pkl,4,100,60,1.0,0.8555163905534015,0.9611135310656159,0.9052458832963467,0.869233895549685,0.9551189014178855,0.9101547954678441,31,16
4,835,dt_NOF_RFC_FOF_seed4_d4_s100_l70_w0.6.pkl,4,100,70,0.6,0.8926694218192032,0.8810042371203421,0.8867984693877551,0.9009193054136875,0.8862342302110081,0.8935164340387213,31,16
4,836,dt_NOF_RFC_FOF_seed4_d4_s100_l70_w0.7.pkl,4,100,70,0.7,0.8738627889634601,0.9280877519502634,0.900159391623298,0.886648270006368,0.9326783521268281,0.9090810163773873,31,16
4,837,dt_NOF_RFC_FOF_seed4_d4_s100_l70_w0.8.pkl,4,100,70,0.8,0.8725868725868726,0.9307409020710411,0.9007262066719041,0.8857384680490902,0.9346879535558781,0.9095551089141181,31,16
4,838,dt_NOF_RFC_FOF_seed4_d4_s100_l70_w0.9.pkl,4,100,70,0.9,0.8555210830630376,0.960915534787946,0.9051606766510621,0.8693441789527199,0.9545606787987049,0.9099616858237548,31,16
4,839,dt_NOF_RFC_FOF_seed4_d4_s100_l70_w1.0.pkl,4,100,70,1.0,0.8555163905534015,0.9611135310656159,0.9052458832963467,0.869233895549685,0.9551189014178855,0.9101547954678441,31,16
4,840,dt_NOF_RFC_FOF_seed4_d5_s60_l40_w0.6.pkl,5,60,40,0.6,0.8854839325971495,0.9176731477448224,0.9012912258867455,0.8987120716000874,0.9192810092664955,0.9088801810254429,61,31
4,841,dt_NOF_RFC_FOF_seed4_d5_s60_l40_w0.7.pkl,5,60,40,0.7,0.885477843032568,0.9194551142438522,0.9021466731423021,0.898658230609796,0.9197275873618399,0.9090708452880158,59,30
4,842,dt_NOF_RFC_FOF_seed4_d5_s60_l40_w0.8.pkl,5,60,40,0.8,0.8854027677175861,0.9196927097770562,0.902222049568798,0.8985823336968375,0.9199508764095121,0.9091410602967949,59,30
4,843,dt_NOF_RFC_FOF_seed4_d5_s60_l40_w0.9.pkl,5,60,40,0.9,0.882390721221051,0.9248802122520097,0.9031359962878466,0.8949416342412452,0.9244166573629563,0.9094403866220001,59,30
4,844,dt_NOF_RFC_FOF_seed4_d5_s60_l40_w1.0.pkl,5,60,40,1.0,0.8585994002469571,0.9637270819308597,0.9081309004067316,0.8714429868819374,0.96416210784861,0.9154608575820216,61,31
4,845,dt_NOF_RFC_FOF_seed4_d5_s60_l50_w0.6.pkl,5,60,50,0.6,0.8854839325971495,0.9176731477448224,0.9012912258867455,0.8987120716000874,0.9192810092664955,0.9088801810254429,61,31
4,846,dt_NOF_RFC_FOF_seed4_d5_s60_l50_w0.7.pkl,5,60,50,0.7,0.885477843032568,0.9194551142438522,0.9021466731423021,0.898658230609796,0.9197275873618399,0.9090708452880158,57,29
4,847,dt_NOF_RFC_FOF_seed4_d5_s60_l50_w0.8.pkl,5,60,50,0.8,0.8854027677175861,0.9196927097770562,0.902222049568798,0.8985823336968375,0.9199508764095121,0.9091410602967949,57,29
4,848,dt_NOF_RFC_FOF_seed4_d5_s60_l50_w0.9.pkl,5,60,50,0.9,0.8824351900838939,0.9246822159743396,0.903064874794547,0.8951351351351351,0.9244166573629563,0.9095402867029164,59,30
4,849,dt_NOF_RFC_FOF_seed4_d5_s60_l50_w1.0.pkl,5,60,50,1.0,0.8586956521739131,0.9635290856531897,0.9080968109126873,0.8713680387409201,0.9642737523724462,0.9154698182203614,61,31
4,850,dt_NOF_RFC_FOF_seed4_d5_s60_l60_w0.6.pkl,5,60,60,0.6,0.8857405421963547,0.9160099790123946,0.9006209970994179,0.8994205750519296,0.9184994975996428,0.908859920459567,59,30
4,851,dt_NOF_RFC_FOF_seed4_d5_s60_l60_w0.7.pkl,5,60,60,0.7,0.8854734754586019,0.9194155149883182,0.9021253448342853,0.898658230609796,0.9197275873618399,0.9090708452880158,57,29
4,852,dt_NOF_RFC_FOF_seed4_d5_s60_l60_w0.8.pkl,5,60,60,0.8,0.8854734754586019,0.9194155149883182,0.9021253448342853,0.898658230609796,0.9197275873618399,0.9090708452880158,57,29
4,853,dt_NOF_RFC_FOF_seed4_d5_s60_l60_w0.9.pkl,5,60,60,0.9,0.8824463259752041,0.9244842196966697,0.9029762710553288,0.895175248810039,0.9238584347437758,0.9092906983132795,59,30
4,854,dt_NOF_RFC_FOF_seed4_d5_s60_l60_w1.0.pkl,5,60,60,1.0,0.8592540215662011,0.9624203064982378,0.9079158728379843,0.8718440719046657,0.9638271742771017,0.9155310461848455,61,31
4,855,dt_NOF_RFC_FOF_seed4_d5_s60_l70_w0.6.pkl,5,60,70,0.6,0.8862415592387968,0.9147032035797728,0.9002474813414658,0.899704368772583,0.9173830523612817,0.9084577114427861,59,30
4,856,dt_NOF_RFC_FOF_seed4_d5_s60_l70_w0.7.pkl,5,60,70,0.7,0.886233965154126,0.9164851700788025,0.9011057467684161,0.8996498139636682,0.9178296304566261,0.9086487980105001,57,29
4,857,dt_NOF_RFC_FOF_seed4_d5_s60_l70_w0.8.pkl,5,60,70,0.8,0.8848690480728909,0.9191383201995802,0.9016781912827286,0.8986692844677138,0.919839231885676,0.9091310344827587,57,29
4,858,dt_NOF_RFC_FOF_seed4_d5_s60_l70_w0.9.pkl,5,60,70,0.9,0.8819126819126819,0.9238902308636597,0.9024135530285449,0.8954884777669588,0.924081723791448,0.9095604395604395,57,29
4,859,dt_NOF_RFC_FOF_seed4_d5_s60_l70_w1.0.pkl,5,60,70,1.0,0.8592794258034862,0.9623807072427039,0.907912432755529,0.8718440719046657,0.9638271742771017,0.9155310461848455,59,30
4,860,dt_NOF_RFC_FOF_seed4_d5_s80_l40_w0.6.pkl,5,80,40,0.6,0.8854839325971495,0.9176731477448224,0.9012912258867455,0.8987120716000874,0.9192810092664955,0.9088801810254429,61,31
4,861,dt_NOF_RFC_FOF_seed4_d5_s80_l40_w0.7.pkl,5,80,40,0.7,0.885477843032568,0.9194551142438522,0.9021466731423021,0.898658230609796,0.9197275873618399,0.9090708452880158,59,30
4,862,dt_NOF_RFC_FOF_seed4_d5_s80_l40_w0.8.pkl,5,80,40,0.8,0.8854027677175861,0.9196927097770562,0.902222049568798,0.8985823336968375,0.9199508764095121,0.9091410602967949,59,30
4,863,dt_NOF_RFC_FOF_seed4_d5_s80_l40_w0.9.pkl,5,80,40,0.9,0.882390721221051,0.9248802122520097,0.9031359962878466,0.8949416342412452,0.9244166573629563,0.9094403866220001,59,30
4,864,dt_NOF_RFC_FOF_seed4_d5_s80_l40_w1.0.pkl,5,80,40,1.0,0.8585994002469571,0.9637270819308597,0.9081309004067316,0.8714429868819374,0.96416210784861,0.9154608575820216,61,31
4,865,dt_NOF_RFC_FOF_seed4_d5_s80_l50_w0.6.pkl,5,80,50,0.6,0.8854839325971495,0.9176731477448224,0.9012912258867455,0.8987120716000874,0.9192810092664955,0.9088801810254429,61,31
4,866,dt_NOF_RFC_FOF_seed4_d5_s80_l50_w0.7.pkl,5,80,50,0.7,0.885477843032568,0.9194551142438522,0.9021466731423021,0.898658230609796,0.9197275873618399,0.9090708452880158,57,29
4,867,dt_NOF_RFC_FOF_seed4_d5_s80_l50_w0.8.pkl,5,80,50,0.8,0.8854027677175861,0.9196927097770562,0.902222049568798,0.8985823336968375,0.9199508764095121,0.9091410602967949,57,29
4,868,dt_NOF_RFC_FOF_seed4_d5_s80_l50_w0.9.pkl,5,80,50,0.9,0.8824351900838939,0.9246822159743396,0.903064874794547,0.8951351351351351,0.9244166573629563,0.9095402867029164,59,30
4,869,dt_NOF_RFC_FOF_seed4_d5_s80_l50_w1.0.pkl,5,80,50,1.0,0.8586956521739131,0.9635290856531897,0.9080968109126873,0.8713680387409201,0.9642737523724462,0.9154698182203614,61,31
4,870,dt_NOF_RFC_FOF_seed4_d5_s80_l60_w0.6.pkl,5,80,60,0.6,0.8857405421963547,0.9160099790123946,0.9006209970994179,0.8994205750519296,0.9184994975996428,0.908859920459567,59,30
4,871,dt_NOF_RFC_FOF_seed4_d5_s80_l60_w0.7.pkl,5,80,60,0.7,0.8854734754586019,0.9194155149883182,0.9021253448342853,0.898658230609796,0.9197275873618399,0.9090708452880158,57,29
4,872,dt_NOF_RFC_FOF_seed4_d5_s80_l60_w0.8.pkl,5,80,60,0.8,0.8854734754586019,0.9194155149883182,0.9021253448342853,0.898658230609796,0.9197275873618399,0.9090708452880158,57,29
4,873,dt_NOF_RFC_FOF_seed4_d5_s80_l60_w0.9.pkl,5,80,60,0.9,0.8824463259752041,0.9244842196966697,0.9029762710553288,0.895175248810039,0.9238584347437758,0.9092906983132795,59,30
4,874,dt_NOF_RFC_FOF_seed4_d5_s80_l60_w1.0.pkl,5,80,60,1.0,0.8592540215662011,0.9624203064982378,0.9079158728379843,0.8718440719046657,0.9638271742771017,0.9155310461848455,61,31
4,875,dt_NOF_RFC_FOF_seed4_d5_s80_l70_w0.6.pkl,5,80,70,0.6,0.8862415592387968,0.9147032035797728,0.9002474813414658,0.899704368772583,0.9173830523612817,0.9084577114427861,59,30
4,876,dt_NOF_RFC_FOF_seed4_d5_s80_l70_w0.7.pkl,5,80,70,0.7,0.886233965154126,0.9164851700788025,0.9011057467684161,0.8996498139636682,0.9178296304566261,0.9086487980105001,57,29
4,877,dt_NOF_RFC_FOF_seed4_d5_s80_l70_w0.8.pkl,5,80,70,0.8,0.8848690480728909,0.9191383201995802,0.9016781912827286,0.8986692844677138,0.919839231885676,0.9091310344827587,57,29
4,878,dt_NOF_RFC_FOF_seed4_d5_s80_l70_w0.9.pkl,5,80,70,0.9,0.8819126819126819,0.9238902308636597,0.9024135530285449,0.8954884777669588,0.924081723791448,0.9095604395604395,57,29
4,879,dt_NOF_RFC_FOF_seed4_d5_s80_l70_w1.0.pkl,5,80,70,1.0,0.8592794258034862,0.9623807072427039,0.907912432755529,0.8718440719046657,0.9638271742771017,0.9155310461848455,59,30
4,880,dt_NOF_RFC_FOF_seed4_d5_s100_l40_w0.6.pkl,5,100,40,0.6,0.8854839325971495,0.9176731477448224,0.9012912258867455,0.8987120716000874,0.9192810092664955,0.9088801810254429,61,31
4,881,dt_NOF_RFC_FOF_seed4_d5_s100_l40_w0.7.pkl,5,100,40,0.7,0.885477843032568,0.9194551142438522,0.9021466731423021,0.898658230609796,0.9197275873618399,0.9090708452880158,57,29
4,882,dt_NOF_RFC_FOF_seed4_d5_s100_l40_w0.8.pkl,5,100,40,0.8,0.8854027677175861,0.9196927097770562,0.902222049568798,0.8985823336968375,0.9199508764095121,0.9091410602967949,57,29
4,883,dt_NOF_RFC_FOF_seed4_d5_s100_l40_w0.9.pkl,5,100,40,0.9,0.882390721221051,0.9248802122520097,0.9031359962878466,0.8949416342412452,0.9244166573629563,0.9094403866220001,59,30
4,884,dt_NOF_RFC_FOF_seed4_d5_s100_l40_w1.0.pkl,5,100,40,1.0,0.8585994002469571,0.9637270819308597,0.9081309004067316,0.8714429868819374,0.96416210784861,0.9154608575820216,61,31
4,885,dt_NOF_RFC_FOF_seed4_d5_s100_l50_w0.6.pkl,5,100,50,0.6,0.8854839325971495,0.9176731477448224,0.9012912258867455,0.8987120716000874,0.9192810092664955,0.9088801810254429,61,31
4,886,dt_NOF_RFC_FOF_seed4_d5_s100_l50_w0.7.pkl,5,100,50,0.7,0.885477843032568,0.9194551142438522,0.9021466731423021,0.898658230609796,0.9197275873618399,0.9090708452880158,57,29
4,887,dt_NOF_RFC_FOF_seed4_d5_s100_l50_w0.8.pkl,5,100,50,0.8,0.8854027677175861,0.9196927097770562,0.902222049568798,0.8985823336968375,0.9199508764095121,0.9091410602967949,57,29
4,888,dt_NOF_RFC_FOF_seed4_d5_s100_l50_w0.9.pkl,5,100,50,0.9,0.8824351900838939,0.9246822159743396,0.903064874794547,0.8951351351351351,0.9244166573629563,0.9095402867029164,59,30
4,889,dt_NOF_RFC_FOF_seed4_d5_s100_l50_w1.0.pkl,5,100,50,1.0,0.8586956521739131,0.9635290856531897,0.9080968109126873,0.8713680387409201,0.9642737523724462,0.9154698182203614,61,31
4,890,dt_NOF_RFC_FOF_seed4_d5_s100_l60_w0.6.pkl,5,100,60,0.6,0.8857405421963547,0.9160099790123946,0.9006209970994179,0.8994205750519296,0.9184994975996428,0.908859920459567,59,30
4,891,dt_NOF_RFC_FOF_seed4_d5_s100_l60_w0.7.pkl,5,100,60,0.7,0.8854734754586019,0.9194155149883182,0.9021253448342853,0.898658230609796,0.9197275873618399,0.9090708452880158,57,29
4,892,dt_NOF_RFC_FOF_seed4_d5_s100_l60_w0.8.pkl,5,100,60,0.8,0.8854734754586019,0.9194155149883182,0.9021253448342853,0.898658230609796,0.9197275873618399,0.9090708452880158,57,29
4,893,dt_NOF_RFC_FOF_seed4_d5_s100_l60_w0.9.pkl,5,100,60,0.9,0.8824463259752041,0.9244842196966697,0.9029762710553288,0.895175248810039,0.9238584347437758,0.9092906983132795,59,30
4,894,dt_NOF_RFC_FOF_seed4_d5_s100_l60_w1.0.pkl,5,100,60,1.0,0.8592540215662011,0.9624203064982378,0.9079158728379843,0.8718440719046657,0.9638271742771017,0.9155310461848455,61,31
4,895,dt_NOF_RFC_FOF_seed4_d5_s100_l70_w0.6.pkl,5,100,70,0.6,0.8862415592387968,0.9147032035797728,0.9002474813414658,0.899704368772583,0.9173830523612817,0.9084577114427861,59,30
4,896,dt_NOF_RFC_FOF_seed4_d5_s100_l70_w0.7.pkl,5,100,70,0.7,0.886233965154126,0.9164851700788025,0.9011057467684161,0.8996498139636682,0.9178296304566261,0.9086487980105001,57,29
4,897,dt_NOF_RFC_FOF_seed4_d5_s100_l70_w0.8.pkl,5,100,70,0.8,0.8848690480728909,0.9191383201995802,0.9016781912827286,0.8986692844677138,0.919839231885676,0.9091310344827587,57,29
4,898,dt_NOF_RFC_FOF_seed4_d5_s100_l70_w0.9.pkl,5,100,70,0.9,0.8819126819126819,0.9238902308636597,0.9024135530285449,0.8954884777669588,0.924081723791448,0.9095604395604395,57,29
4,899,dt_NOF_RFC_FOF_seed4_d5_s100_l70_w1.0.pkl,5,100,70,1.0,0.8592794258034862,0.9623807072427039,0.907912432755529,0.8718440719046657,0.9638271742771017,0.9155310461848455,59,30
